train0	七个 工作日 怎么 算 呀 在 学	0
train1	去 搞 工作日 怎么办 呀	0
train2	有偿 服务 是 什么 意思	0
train3	嗯 请问 关系 证明 是 什么 呀	0
train4	泉州 是 什么 意思 啊	0
train5	是 个 工作日 怎么 算 呀	0
train6	七十五 工作日 计算 的	0
train7	什么 时候 国家 备案 人员	0
train8	有偿 服务 的 意思 是 什么	0
train9	全部 关系 证明 是 什么	0
train10	什么 是 国家 备案 人员 啊	0
train11	是 国家 备案 证 呀	0
train12	什么 是 国家 备案 人员 呀	0
train13	嗯 七个 工作日 怎么	0
train14	肩负 关系 证明 是 什么 呀	0
train20	下 一个 工作 是 怎么 算 的 呀	0
train21	清楚 是 什么 意思 呀	0
train22	七个 工作日	0
train23	有偿 服务 是 啥意思	0
train24	全 就是 什么 意思	0
train25	你好 我 想 了解 一下 在 网上 签注 港澳 通行证 然后 说 我 证件 不 符合 网签 条件 是 什么 意思	0
train26	什么 是 国家 必然 人员 呀	0
train27	今天 哪里 可以 办理	1
train28	我 在 渝北区 在 哪里 办理 一笔 小新	1
train29	我 在 江北 街 在 哪里 办理 比较 近 啊	1
train30	学生 去 的 在 哪里 可以 办理	1
train31	请问 港澳 旅游 签注 续签 在 武侯区 办证 中心 可以 办理 么	1
train32	您好 请问 我 是 外地 户口 必须 要 到 市局 办证 厅 办理 吗	1
train33	我 在 渝中区 在 哪里 办理 比较 轻	1
train34	如果 可以 对 办理 地点 有无 限制	1
train35	请问 遂宁 办理 的 港澳 通行证 续签 在 成都 哪里 可以 续签 我 是 本子 的 通行证	1
train36	我 户口 在 山西 港澳 通行证 需要 续签 请问 在 成都 可以 办理 吗 需要 什么 材料 到 哪里 去 办理 谢谢	1
train37	我 在 渝北区 在 哪里 把 你 比较 新	1
train38	我 在 江北区 在 哪里 办理 比较	1
train39	可以 到 高新区 出入境 大厅 办理 吗	1
train40	你 水区 办理 地址 在 哪里	1
train41	重庆市 户口 办理 港澳 通行证 新鲜 可以 在 哪里 自助 办理	1
train47	一 北区 的 办理 地址 在 哪里	1
train48	我 在 哪里 办理 短信	1
train49	你好 请问 高新区 户口 的 港澳 通行证 办理 地点 是 在 哪里 户口 是 高新区 荣华 南路 的	1
train50	恩好 的 为 您 办理 地址 在 哪里 呢	1
train51	我 以前 是 雅安 户口 在 雅安 办理 了 港澳 通行证 现在 签注 已经 过期 了 户口 也 转到 了 成都 续签 该 在 哪里 办理 呢	1
train52	户口 是 高新区 集体户 办 港澳台 通行证 必须 去 高新区 的 出入境 大厅 办理 还是 在 成都市 内 任意 一区 就 可以 办理 呢	1
train53	办理 港澳 再次 签注 的 自助 网点 有 哪些	1
train54	办理 港澳 通行证 贵不贵	2
train55	办理 签证 要 多少 钱	2
train56	去 香港 耍 一次 要 好多钱	2
train57	一次 一年 有效 签注 的 费用	2
train58	哎 签证 需要 多少 钱	2
train59	去 澳门 耍 办理 费用 是否 要 很多 钱	2
train60	办 港澳 通行证 好多钱	2
train61	办 签证 需要 多少 钱 呀	2
train62	办 签证 需要 多少 钱 呀	2
train63	办 一个 签证 多少 钱	2
train64	去 澳门 耍 一次 要 好多钱	2
train65	多少 钱	2
train66	港澳 通行证 好多钱	2
train67	是否 很 贵	2
train68	成都 武侯区 户口 港澳 通行证 跟 换 多少 钱 几个 工作日 可以 取 希望 尽快 电话 回复 一声 谢谢 谢谢	2
train74	转 签证 需要 多少 钱 啊	2
train75	香港 玩 的话 办理 证件 费用 是 好多	2
train76	办证 多少 钱	2
train77	证件 办理 要 多少 钱	2
train78	二次 赴 港 办理 港澳 签证 需要 多少 天 工本费 是 多少 需要 带 哪些 资料 如果 在 四川 办理 的 港澳 通行证 在 广东 能 出境 吗	2
train79	办 签证 要 多少 钱 呀	2
train80	是不是 没有 年龄 限制	3
train81	我妈 可以 办理 不	3
train82	我 奶奶 可以 办理 不	3
train83	婴儿 可以 办理 么	3
train84	办理 年龄 有 什么 要求	3
train85	我 女儿 没有 上 小学 可以 办理 不	3
train86	读书 娃儿 可以 办 不	3
train87	我 爷爷 可以 办理 不	3
train88	有没有 办理 年龄 要求	3
train89	对 办理 的 年 利有何 要求	3
train90	我爸 可以 办理 么	3
train91	年龄 有 限制 没有	3
train92	小朋友 可以 办 不	3
train93	学生 可以 办理 吗	3
train94	没满 16 岁 能 办理 么	3
train100	有没有 年龄 要求	3
train101	没有 满 十六岁	3
train102	小朋友 是否 能 出行	3
train103	年龄 太 大 是不是 没 办法 办理	3
train104	办理 年龄 要求 是 多少岁	3
train105	高中生 可以 办理 吗	3
train106	请问 港澳 通行证 第二次 续签 大概 要 几个 工作日 最快 可以 领到	4
train107	你好 请问 一下 不是 重庆 户口 办 签证 的话 需要 多长时间	4
train108	以前 在 湖北 办理 的 港澳 通行证 并 签注 了 一次 后 户口 转为 成都 户口 下个月 想 去 港澳 请问 本次 在 成都 办理 签注 需要 多长时间 谢谢	4
train109	请问 现在 办理 港澳 通行证 什么 时候 可以 拿到 我 是 云南 户口	4
train110	你好 请问 今天 中午 送 去 自助 签得 港澳 签注 6 号 中午 可以 取 吗 回执单 上 是 说 两个 工作日 可取	4
train111	办理 港澳 通行证 需要 多久 呢	4
train112	本人 阿坝州 人 满足 在 成都 办理 护照 的 条件 7 月 29 日 在 出入境 管理处 办理 的 护照 港澳台 通行证 最快 多久 能 拿到 证件	4
train113	港澳 通行证 已 办理 很 久 一直 没收 到 消息 也 没拿到 证件	4
train114	办理 时间 长 吗	4
train115	请问 我 已经 拿到 了 港澳台 通行证 但是 还 没有 办理 过 签注 请问 首次 办理 签注 一年 两次 几天 可以 签下来 办理 方式 是 什么 呢 谢谢	4
train116	办理 需要 多久	4
train117	配偶 和 小孩 均 北京 户口 已 在 北京 办 港澳 通行证 但 已过期 需要 续签 请问 在 成都 办理 最快 多久 能 拿到	4
train118	在 成都 上学 但是 户口 是 省外 的 急办 港澳 通行证 学校 开 了 证明 现在 预约 了 1217 的 办理 请问 可不可能 在 月底 31 号 前 拿到 呢	4
train119	港澳 通行证 遗失 怎么 补办 需要 多久	4
train120	我 的 港澳 通行证 到期 了 户口 是 成都 本地 的 请问 重新 办理 需要 多长时间	4
train121	请问 2015 年 9 月 27 号 申请 的 港澳 在线 二次 签注 什么 时候 可以 领取 已经 付款 但是 没有 收到 相关 短信 不 知道 是否 在 进行 中	4
train122	请问 现在 想 办理 港澳 通行证 年前 能 拿到 吗	4
train123	请问 港澳 签注 续签 需要 多少 工作日	4
train130	时间 需要 多久 谢谢	4
train131	团体 旅游 港澳台 通行证 办理 需要 几天	4
train132	你好 我 1016 号 办 的 通行证 22 号 我 查询 怎么 还是 在 审核 中 呢 给 我 的 回执单 上面 写 的 是 25 号 之前 就 可以 寄送 我 这	4
train133	你好 我 是 外地 户口 可以 在 成都 办理 港澳 通行证 吗 大概 好久 可以 拿到	4
train134	您好 我于 上 月 15 日 申办 的 护照 及 港澳 通行证 异地 户口 受理 通知单 上 标注 的 是 通知 由于 目前 尚未 接到 任何 领取 通知 故想 咨询 下 大概 还 需要 多久 可以 拿到 护照 十分 感谢	4
train135	22 号 收到 短信 通知 领取 港澳 通行证 今日 24 号 下午 可以 领取 吗	4
train136	代领 要 哪些 资料	5
train137	请问 港澳 通行证 和 台湾 通行证 能否 代领	5
train138	代领 有 要求 吗	5
train139	港澳 通行证 可以 让 让 同学 帮助 代领 吗	5
train140	证 办好 以后 可以 找 代理 不	5
train141	帮别人 领 可以 吗	5
train142	可以 代为 领取 吗	5
train143	因 本人 在 外地 工作 可否 委托 他人 代为 领取 护照 港澳 通行证 等	5
train144	港澳 通行证 他人 帮忙 领取 的话 需要 哪些 证件 呢 上班时间 实在 走不开 谢谢	5
train145	浜 镇 的 好友 就 可以 找人带 你 不	5
train146	代领 手续 怎么 办理	5
train147	帮 他人 领取 可以 吗	5
train148	你好 我 想 请问 可不可以 非 本人 领取 护照 和 港澳 通行证	5
train149	办理 的 护照 和 港澳 通行证 请 家人 代领 需要 带 什么	5
train150	请问 护照 港澳 通行证 及 往来 台湾 通行证 由 家人 代领 需要 哪些 材料	5
train151	我 老婆 在 网上 申请 的 港澳 通行证 二次 签证 我能 代替 她 去 现场 拿证 吗 需要 代 什么 证件	5
train152	港澳 通行证 可以 代领 吗 只有 身份证 照片 和 回执单 照片	5
train153	请问 领 护照 和 港澳 通行证 时 可否 不用 本人 来领 代办 人 都 需要 什么 证件	5
train160	你好 我 之前 在 天府广场 出入境 办证 大厅 办理 了 港澳 通行证 现在 提示 可 领取 但是 人 不 在 成都 请问 是否 可以 让 人 代领 如果 可以 的话 需要 什么 材料 呢 谢谢	5
train161	代领 的话 要 哪些 资料	5
train162	找 妈妈 代领	5
train163	港澳 通行证 能 不能 请人 代领	5
train164	港澳 通行证 办理 再次 签注 后 可不可以 让 其他人 代拿	5
train165	上个月 在 成都市 出入境 中心 办理 港澳 通行证 现在 让 人 带领 除了 给 他 回执单 还 需要 其他 证明 吗	5
train166	是否 可以 让 他人 代领 办好 的 护照 和 港澳 通行证 或者 代领 要 带 什么 手续	5
train167	证 办好 以后 可以 找人 代领 扣	5
train168	现在 好 以后 可以 找人带 你们	5
train169	可以 去 澳门 几次	6
train170	可以 耍 多长	6
train171	可以 去 好 多次	6
train172	然后 重新 证 可以 在 香港 呆 多久	6
train173	我 港澳 通行证 的 签注 有效期 为 201769201868 那 我 2018 年 6 月 8 号 到 香港 玩 逗留 几天 再 走 这样 行不行 呀	6
train174	港澳 通行证 可以 在 香港 呆 多久	6
train175	可以 在 香港 玩 多久	6
train176	你好 请问 一下 港澳 通行证 首次 申领 后 的 第一年 是不是 不用 办理 签证 可以 往返 港澳 两次	6
train177	港澳 通行证 可以 在 香港 的 多久	6
train178	请问 港澳 通行证 怎么 查看 牵着 时间	6
train179	恩好 通行证 可以 在 香港 的 多久	6
train180	护照 和 港澳台 通行证 的 有效期 分别 是 多少 呢	6
train181	可以 去 香港 几次	6
train182	高 不用 用 可以 在 香港 待 多久 啊	6
train183	香港 可以 去 几次	6
train184	逗留 时间 有 限制 么	6
train185	请问 办理 港澳 通行证 可以 办理 多次 吗	6
train186	行程 是 国外 香港 澳门 内地 请问 需要 几次 港澳 签注	6
train193	也 可以 在 香港 玩 多久	6
train194	港澳 通行证 可以 在 香港 待 多久	6
train195	港澳 通行证 L 签 和 G 签都 可以 一周 内 2 次 往返 香港 吗	6
train196	你好 w 开头 的 港澳 通行证 一年 内能 去 几次 澳门 中间 再 去 澳门 有无 时间 间隔 的 要求 谢谢	6
train197	请问 澳门 两次 签注 需要 间隔 多久 在 异地 是否 也 可以 进行 第二次 签注	6
train198	请问 一下 我 从 内地 到 香港 往返 期间 如果 要 去 澳门 一次 的话 香港 签注 办理 一次 往返 就 可以 了 吗 我 在 港澳 一共 停留 5 天	6
train199	支付宝 可以 付款 吗	7
train200	支持 支付宝 支付 不	7
train201	支付宝 可以 支付 吗	7
train202	可以 支付宝 支付 吗	7
train203	资金 支持 微信 支付 宝宝	7
train204	能 微信 支付宝 支付 吗	7
train205	支付宝 支付 得行 不	7
train206	可以 支付宝 支付 吗	7
train207	办 港澳 通行证 费用 可以 现金支付 或者 微信 支付 吗	7
train208	支持 微信 支付 吗	7
train209	可以 微信 支付 吗	7
train210	你 微信 付款 不	7
train211	支持 威信 付款 过	7
train212	可以 威信 付款 吗	7
train213	支付 威信 付款 啵	7
train214	支持 威信	7
train215	现金支付 得行 吗	7
train216	就是 不 支持 威信 付款	7
train223	没有 钱 怎么办	7
train224	银行卡 可以 付款 吗	7
train225	非 用 现金 缴费 不可 么	7
train226	你们 这 可以 威信 付款 吗	7
train227	非得 用 现金支付 啊	7
train228	现金支付 应该 也 是 可以 的 吧 毕竟 拒收 现金 是 违法 的 鸭 ltahrefn 重庆 公安 出入境 gt 重庆 公安 出入境 ltagt	7
train229	谢谢	8
train230	感谢	8
train231	没 了 谢谢	8
train232	没有 了 谢谢	8
train233	哦 好 的 好 的	8
train234	怎么 投 啊 我 是 真的 觉得 你们 很 不错 啊	8
train235	好 的 没有 了	8
train236	好 的	8
train237	恭喜	8
train238	好 的 吧	8
train239	啊	8
train240	没有 了	8
train245	嗯 了解	8
train246	好 的 好 的 好 的	8
train247	明白	8
train248	今天 去 日 月光 广场 分理处 办理 港澳 通行证 太 便捷 高效 啦 为 我 大 重庆 的 出入境 管理 点赞	8
train249	不 知道	8
train250	不 清楚	8
train251	不是 太 清楚	8
train252	还是 需要 回复 和 所在地 自己 倾注 谢谢	8
train253	办理 港澳 通行证 的 回执单 和 发票 遗失 如何 去 出入境 处 领取证 卡 需要 提供 哪些 手续	9
train254	能 不能 快递 过来	9
train255	给 地址 寄过来 可以 吗	9
train256	邮寄 可以 吗	9
train257	领证 需要 带 哪些 东西	9
train258	取 证件 可以 不带 身份证 吗	9
train259	小孩 没有 身份证 办理 港澳 通行证 与 护照 的 回执 现已 丢失 怎样 能 领取 谢谢	9
train260	你好 在 成都 成华区 公安 入境 大厅 办理 的 护照 和 港澳 通行证 的 回执单 掉 了 怎么办	9
train261	领取 护照 和 港澳 通行证 以及 台湾 证 的 单子 丢失 了 怎么办	9
train262	您好 我 办理 完 港澳 通行证 把 凭证 弄 丢 了 本来 以为 是 选 的 寄送 服务 现在 发现 不是 人 不 在 成都 我 现在 怎么 拿到 证件 呢	9
train263	你好 我 办理 了 港澳 签证 现 遗失 了 回执单 请问 怎么 取 签证 呢 谢谢	9
train264	你好 请问 我 去年 九月 办 的 港澳 通行证 现在 找 不到 那些 单子 了 可以 直接 凭 身份证 取 吗 谢谢	9
train265	办理 港澳 通行证 是 我 选择 了 邮寄 但 我 现在 又 想 自己 去 拿 可以 吗	9
train266	办理 港澳 和 台湾 通行 的 回执单 掉 了 凭 身份证 可以 取 吗	9
train267	我于 6 月 1 日 在 成都市 金牛区 出入境 管理 大队 办理 了 护照 及 港澳台 通行证 现在 由于 在 外地 工作 同时 也 过 了 在 网上 邮寄 的 时间 了 请问 怎么 才能 领取 这 几个 证件	9
train273	请问 请问 回执单 找 不见 了 怎么办	9
train274	我 办理 了 我 和 我 老公 以及 儿子 2 岁 的 港澳 通行证 进度 查询 了 可以 取证 请问 去 取证 的 时候 只 需要 带回 执 还是 回执 和 身份证 都 要 带	9
train275	你好 我 的 港澳 通行证 签注 出来 了 但是 我 的 回执单 掉 了 请问 要 怎么样 才能 拿到 我 的 通行证 呢	9
train276	你好 我 的 回执单 弄 丢 了 可以 拿 身份证 去 拿 吗	9
train277	办 港澳 通行证 的 回执单 掉 了 可以 用 身份证 来 领取 吗	9
train278	我 办理 护照 和 港澳 通行证 的 回执单 不慎 丢 了 但 收费 票据 还 在 请问 怎么办	9
train279	请问 可以 拿 本人 的 身份证 复印件 吗 因为 取证 那 几天 本人 不 在 重庆	9
train280	嗯 嗯 嗯	10
train281	已满 了	10
train282	就是 关系 证明	10
train283	是 搞 工作日 如何 接 转账	10
train284	周末 合计 一下 是 没有 三代 嘞 吧	10
train285	市局 那里 停用 了 吗	10
train286	只 需 携带 港澳 通行证 吗	10
train287	我 去 看看 怎么办	10
train288	我 去 看天 怎么办	10
train289	哎 我 去 餐厅	10
train290	你 看 你 怎么办	10
train291	喂 只 需要 身份证 或子	10
train292	一满 十六岁	10
train293	非常 坚固 狗 重新 再	10
train294	办 身份证 需要 多少 钱 啊	10
train295	啊 前面 需要 多少 钱	10
train296	没有 东西 似的	10
train297	那 你 需要 多少 钱 您	10
train298	成都市 内出 了 顺城 大街 还有 哪里 可以 办 护照 我 的 位置 在 机场 附近 还有 照片 可不可以 直接 使用 之前 港澳 通行证 的 照片	10
train299	请问 北碚 办 护照 在 哪里 办 需要 带 什么 证件 办理 大约 需要 多少 钱	10
train300	回去 干 就是 和 你 这个 呢	10
train301	港澳 通行证 续签 时间	10
train302	成都 高新 户籍 15 年 6 月 办理 港澳 通行证 一直 未 使用 今年 12 月底 准备 去 香港 通行证 需要 二次 签注 吗	10
train303	非 成都 户口 办理 港澳 通行证 的 签证 类型 是 l 签 不是 g 签 吗	10
train304	你好 我 网上 预约 的 是 到 成都市 出入境 接待 中心 办理 港澳 同行 证 续签 但 想 去 金牛区 出入境 接待 大厅 办理 不知 可否	10
train305	您 本	10
train306	港澳 通行证 5 月 12 日 到期 现在 申请 续签 来 的 及 不 因为 看 信息 说 有效期 必须 大于 3 个 月	10
train316	我 是 大陆 游客 于 10 月 14 日 从 台北 飞 成都 中 途经 停 香港 11 小时 想 去 香港 逛 一圈 有 台湾 通行证 和 入 台证 是不是 就 不 需要 港澳 通行证 了	10
train317	之前 在 武侯区 出入境 中心 办理 了 护照 和 港澳台 通行证 但是 半个 月 后 只 收到 了 港澳台 通行证 可以 领取 的 通知 短信	10
train318	请问 成都 居民 持 旅游 港澳 通行证 可以 办理 自助 通关 吗	10
train319	我 预约 3 月 20 日办 普通 护照 和 港澳 签证 不 知道 是否 成功 再 预约 不起 了	10
train320	今天 港澳 签注 网络 界面 无法 提交 内容 错乱 无法 填报 上传	10
train321	警官 您好 我 想 请问 一下 港澳 通行证 的 受理 号码 怎么 查询 呢	10
train322	如何 查询 谢谢	10
train323	喂 你 见 可不可以	10
train324	名字 是 多音字 办理 港澳 通行证 是 拼音 A	10
train325	港澳 通行证 已经 办 了 差不多 一个月 了 到 入境处 询问 说 是 已经 寄出去 了 但是 现在 还 没收 到 没有 回执单 也 不能 查 到 进程 想 知道 快递 单 号 因为 明天 的 飞机 谢谢	10
train326	刚刚 在 网上 签注 的 港澳 通行证 点错 了 只 选择 香港 一次 已经 付 了 钱 能 不能 修改 哦 还是 再 重新 签 一次	10
train327	您好 我想 问下 我 今天 刚迁 好 户口 落户 重庆 了 但 我 以前 的 港澳 通行证 是 L 签 我 需要 来 大厅 重新 办理 通行证 吗 还有 护照	10
train328	最 重新 户籍 能否 首次 办理 港澳 通行证	11
train329	非 重新 户口 可以 再 重新 办理 港澳 签注 申请 吗	11
train330	呃 外地 户口 在 成都 念 大学 可以 续签 港澳 通行证 吗	11
train331	我 是 成都市 户口 可以 在 湖北省 办理 港澳 通行证 和 护照 吗	11
train332	非 成都 户口 成都 就读 大学生 能否 在 成都 办理 港澳 通行证	11
train333	绵阳 三台 户口 能 在 成都 办理 自助 港澳 签注 吗	11
train334	已经 在 老家 甘肃 办好 了 港澳台 通行证 但 没有 签注 可不可以 在 成都 签注	11
train335	外地 户口 在 成都 工作 有 1 年 的 社保 可以 办理 港澳 通行证 吗	11
train336	怎么 办理 港澳 通行证 的	11
train337	港澳 通行证 到期 能否 在 网上 办理 户口 在 高新区 能否 预约 锦江区 办理	11
train338	外地 签发 的 港澳 通行证 目前 户口 在 成都 如何 办理 加 签注	11
train339	你好 我 是 在 成都 上学 的 大学生 户口 是 安徽 的 能 不能 办理 港澳 通行证 因为 离家 较 远 所以 希望 可以 在 成都 办理	11
train340	您好 我于 2013 年 在 成都 上 大学 时 在 成都 办理 了 港澳 通行证 现 由于 毕业 户口 已迁 回老家 湖南 请问 如 办理 港澳 通行证 续签 我 我 需 在 成都 还是 老家 办理 呢	11
train341	你好 我 想 问 一下 我 现在 在 深圳 办理 港澳 通行证 必须 本人 持 身份证 回 重庆 办 吗	11
train342	你好 请问 省内 异地 可以 在 成都 申请 办理 港澳 通行证 吗	11
train343	请问 户籍 所在地 在 自贡 可以 在 成都 办理 港澳 通行证 吗	11
train344	孩子 4 岁 需要 办理 护照 父母 及 孩子 户籍 都 是 山东 是否 能 在 成都 办理 护照 及 港澳 通行证	11
train345	你好 我 在 成都 办 的 港澳台 通行证 能 在 深圳 办理 签注 手续 吗	11
train346	请问 外地 身份证 能 在 成都 办理 港澳 通行证 吗	11
train347	外地 户口 可以 在 成都 办理 港澳 通行证 吗	11
train348	外地 户口 可以 在 成都 异地 办理 护照 以及 港澳 通行证 吗	11
train349	本人 户籍 所在地 位 四川省 宜宾市 现在 成都 工作 没有 居住证 只有 身份证 和 护照 可否 异地 办理 港澳 通行证	11
train350	省内 异地 户口 已经 办理 港澳 通行证 再次 续 签注 是 在校 大学生 怎么 办理 呢 最快 多久 能 签到 时间 紧迫	11
train351	你好 我 的 户口 在 深圳 本人 目前 在 成都 港澳 通行证 过期 且 丢失 可以 在 成都 办理 不	11
train360	你好 我 是 宜宾 户口 需要 续签 港澳 通行证 请问 成都 可以 办理 吗 需要 什么 手续 具体位置 在 哪 谢谢	11
train361	外地 户口 嫁 到 重庆 来 可以 在 重庆 办 吗	11
train362	我 的 港澳 通行证 7 月 到期 请问 现在 还 可以 签 吗	11
train363	能否 网上 预约 办理	11
train364	成都 首次 办理 港澳 通行证 可以 在 自助 办理 机上 办理 吗	11
train365	你好 旧 通行证 办过 签注 换 的 新 港澳 通行证 未办 签注 可以 网上 申请 签注 或 在 签注 自助 机 办理 吗	11
train366	已有 港澳 通行证 户籍 所在地 是 海南 的 但是 有 成都 的 暂住证 可以 在 本市 办理 旅游 签注 吗	11
train367	你好 我 是 德阳 地区 的 户口 港澳 通行证 是 在 德阳 办 的 现在 有 成都 的 居住证 请问 可以 用 原来 的 通行证 在 成都 办理 香港 个人 旅游 签注 吗	11
train368	请问 简阳 户口 现在 在 成都 办 了 港澳 通行证 签注 算 成都 本地 户口 吗 可以 办 个人 游 签注 吗	11
train369	周末 为 嘛 不能 办 业务 呢	12
train370	营业时间	12
train371	请问 今天 还 可以 办 港澳 签注 嘛	12
train372	你好 想 咨询 一下 国庆 期间 可以 加 港澳 个人 旅游 签注 吗 需要 签注 飞 香港 谢谢	12
train373	已 持有 成都 的 港澳 通行证 办理 首次 签注 可以 周六 吗 几点 至 几点 需 携带 除 通行证 之外 的 什么 资料	12
train374	我 户口 是 四川 遂宁 的 请问 网上 不能 预约 周六 办理 港澳 通行证 可以 直接 去 排队 办理 吗 我 看 网上 有 说 你们 周六 会 安排 延时 服务	12
train375	4 月 25 日 上班 吗	12
train376	啥时候 可以 办理手续	12
train377	请问 这 周六 可以 到市 出入境 大厅 办理 港澳 通行证 么	12
train378	成都 出入境 办证 大厅 周末 工作 时间 是否 可以 办理 港澳 通行证 签证 呢	12
train379	办证 时间 是 周几	12
train380	自助 机办 的 港澳 签注 清明节 可以 领 吗	12
train381	网上 申请 的 港澳 签注 能否 在 周六 和 周日 取 呢	12
train382	请问 周日 可以 领证 吗	12
train383	区县 的 公安局 在 2 月 7 号 前 都 正常 上班 吗	12
train389	周末 是 双休 么	12
train390	你好 我 的 通行证 办好 了 周六 可以 去 取证 么 ltahrefn 重庆 公安 出入境 gt 重庆 公安 出入境 ltagt	12
train391	你们 哪个 直接 上班 呀	12
train392	自助 是 24 小时 开放 还是 也 只能 接待 时间	12
train393	秀山 县公安局 说 是 初八 才能 办理 怎么回事 啊	12
train394	请问 出入境 大厅 春节 期间 2 月 15 日至 2 月 21 日 可以 办理 护照 与 港澳 通行证 及 签注 吗	12
train395	您好 我 是 成都 户口 想 办理 港澳 签注 请问 下本 周六 2 月 10 日 市中心 办理 点 能否 办理	12
train396	周末 营业 吗	12
train397	周末 可不可以 取 护照	12
train398	是 是	13
train399	确定	13
train400	是 是 是 是	13
train401	哦 是 的	13
train402	恩是	13
train403	对头	13
train404	对 对	13
train405	啊 对 啊	13
train406	啊 是 是	13
train407	是 是 是	13
train408	对 对 是 的	13
train409	哎 是	13
train410	哦 对 啊 是 咋啦	13
train411	应该 是 这样 的	13
train412	喂 是 啊	13
train413	哦 对	13
train414	对 啊 干嘛	13
train415	是	13
train416	对 呃 是	13
train417	啊 确定 啊	13
train418	是 啊 干什么	13
train426	可以 可以 可以	13
train427	没 问题 可以	13
train428	哦 可以 可以 可以	13
train429	好 可以	13
train430	可以 啊 可以	13
train431	可以 啊 我 现在 的	13
train432	恩 可以	13
train433	嗯 可以 啊	13
train434	我 已 申请 了 港澳台 通行证 预约 取证 时间 是 713 日 但是 因为 行程 提前 定 了 712 日 的 飞机 去 深圳 请问 可以 申请 加急 吗	14
train435	都江堰 户口 想 加急 港澳 通行证 最快 几天	14
train436	港澳 通行证 已经 在 制证 中 如何 办理 加急 本地 户口	14
train437	港澳 通行证 到期 了 换证 几天 能 取 能否 加急	14
train438	办理 港澳 通行证 能否 加急	14
train439	请问 办理 护照 和 港澳 通行证 是否 可以 加急 加急 时间 最短 多少 加急 费用 分别 是 多少	14
train440	请问 办理 港澳 通行证 能 加急 吗 谢谢	14
train441	加急 办理 港澳 通行证 及 签注	14
train442	您好 成都 户口 港澳 通行证 过期 了 7 月 17 日 重新 申请 办理 了 当时 忘 了 问 取证 时间 后 发现 取证 时间 来不及 了 请问 还 能 重新 申请 加急 吗	14
train443	请问 港澳 通行证 加 签注 最快 要 多久 呢 因为 比较 急 能否 加 钱 加急 呢	14
train444	要 加急	14
train445	您好 我 想 问 一下 首次 办理 港澳 通行 证明 能否 加急	14
train446	请问 办理 港澳 通行证 三月 一次 签注 可以 加急 办理 吗 怎么 收费 的	14
train447	有没有 加急 业务	14
train448	办理 港澳 通行证 回执单 写 的 8 月 31 日 领取 由于 赶时间 可以 在 31 早上 一 开门 就 领取 的 到 吗 还是 要 下午 呀 能否 加急 呢	14
train449	我 是 一名 藏族 参加 了 保险公司 组织 的 港澳游 可 出行 证 一直 没 下来 旅行社 那边 马上 要 出发 了 要 我 赔 违约金 我 想 问 可以 加急 办理	14
train450	请问 首次 办理 港澳 通行证 门 申请 加急 么	14
train451	我 是 6 号 去 办理 的 港澳 通行证 然后 现在 18 要 去 香港 请问 一下 可以 加急 吗 跪求	14
train458	能否 加急 办理 港澳 通行证 及 签注	14
train459	成都 本地 户口 港澳 通行证 首次 办理 申请 提交 审批 中 是否 能 申请 加急	14
train460	请问 更换 港澳 通行证 可以 加急 吗	14
train461	可以 办 加急 吗 因为 下周 就要 过关 了	14
train462	首次 办理 港澳 通行证 可以 加急 吗	14
train463	能 加急 么	14
train464	4 月 6 日新办 港澳 证巳 通知 受 理想 办 急件 尽快 取件 行 吗 一	14
train465	请问 下 落户 人才交流 中心 的 集体户 户口 办理 港澳 通行证 需要 哪些 证件	15
train466	请问 港澳 通行证 快 到期 了 需要 换发 要 准备 什么 材料 温江 户口 费用 多少	15
train467	您好 我 户籍 所在地 在 南充 在 成都 办理 普通 护照 和 港澳 通行证 需要 哪些 手续 呢 麻烦 告知 一下 谢谢	15
train468	我 是 达州 办 的 港澳 通行证 现在 想 在 成都 续签 需要 什么 资料 呢	15
train469	成都 户口 但 港澳 通行证 是 青海 西宁 签发 的 想 换成 成都 签发 的 港澳 通行证 都 需要 什么 资料	15
train470	港澳 通行证 需要 带 的 资料	15
train471	需要 哪些 材料	15
train472	持有 本式 往来 港澳 通行证 但 未 持有 有效 签注 的 也 可以 申请 换发 电子 往来 港澳 通行证 需要 带 什么 证件	15
train473	在 成都 工作 需要 办理 港澳 通行证 户口 所在地 为 德阳 在 成都 办理 需要 提交 哪些 资料 在 哪里 进行 办理 多久 可以 拿到	15
train474	省内 异地 大学生 办理 港澳 通行证 需 准备 什么 资料	15
train475	广安 户口 成都 就业 无 社保 请问 需要 什么 材料 可以 在 成都 办理 港澳 通行证 和 港澳 签注	15
train476	本人 为 成都市 户口 现有 港澳 通行证 小 本子 式 在 有效期 内 咨询 申请 港澳 通行证 小 本子 式 换 为 卡片式 需要 哪些 办理 材料	15
train477	您好 我 是 阿坝州 的 户口 在 成都 读 大学 办理 港澳 通行证 续签 需要 携带 哪些 材料 啊 谢谢	15
train478	您好 我 是 成都 在校 大学生 户口 在 学校 想 办理 港澳 通行证 到 香港 读书 请问 需要 带 什么 证件 去 办理	15
train479	我 老公 是 绵阳 户口 没有 办理 居住证 但 我 是 成都 户口 请问 他 办理 港澳 通行证 需要 带 哪些 手续	15
train485	本人 目前 在 广州 无法 回 户口 所在地 成都 办理 澳门 签注 已有 港澳 通行证 是否 可以 委托 他人 帮 我 办理 澳门 签注 如果 可以 请问 需要 哪些 材料	15
train486	港澳 通行证 到期 重新 申请 需要 提交 哪些 资料	15
train487	外省 的 有 港澳 通行证 没有 签注 如果 要 办 签注 需要 什么 资料	15
train488	已有 港澳 通行证 请问 办理 港澳 签注 需要 哪些 资料 在 哪里 办理 谢谢	15
train489	港澳 通行证 即将 于 3 月 到期 现在 想 申请 换领 请问 是否 需要 携带 原 通行证	15
train490	成都 本地 户口 办理 港澳 通行证 需要 哪些 资料	15
train491	您好 我要 去 香港 读书 户口 在 贵州 我 已经 在 老家 办理 了 港澳 通行证 但是 学校 还 没有 把 签注 寄给 我 我 想 咨询 一下 是否 可以 在 成都 办理 逗留 签 呢 办理 逗留 签 的 资料 都 需要 什么	16
train492	探亲 或 逗留 签证 怎么 办理	16
train493	我 去 太心 怎么 办理	16
train494	你好 请问 在 万州区 办理 探亲 香港 每年 第一次 续签 探亲 证 办证 时效 是 多久 谢谢	16
train495	我 去 探亲 怎么办 呢	16
train496	我 去 看 新 怎么 办理	16
train497	我 去 看 新 怎么办	16
train498	我 老婆 是 香港 居民 我 有 港澳 通行证 我 可以 办理 多次 往返 香港 的 签注 吗	16
train499	我 去 探亲 怎么办	16
train500	去 看清 怎么 办理	16
train501	手机 我 去 看清 怎么 办理	16
train502	昨去 探亲 怎么办 哩	16
train503	你好 我 11 岁 女儿 已经 办好 了 护照 和 港澳 通行证 打算 这 月底 去 香港 探亲 请问 在 去 前 还 需办 何种 手续 吗	16
train504	我 去 贪心 怎么 办理	16
train505	用 那个 东西 我 去 看清 怎么办 呢	16
train511	我要 去 看君 怎么 办理 啊	16
train512	我 去 探亲 怎么办 哩	16
train513	我 去 烫金 怎么 办理	16
train514	我 去 贪心 怎么 办理 啊	16
train515	我要 去 香港 开心 生病 需要 我们 指定	16
train516	我要 去 香港 灿杏 顺便去 澳门 制定	16
train517	对 复印件 可不可以	17
train518	请问 持有 成都 暂住证 可以 办理 港澳 通行证 与 出国 护照 吗	17
train519	有没有 其他 证件 可以 代替	17
train520	除了 身份证 还有 其他 证件 么	17
train521	其他 有效证件 可以 吗	17
train522	可以 用 身份证 以外 的 证件 办理 吗	17
train523	我 的 身份证 弄 丢 了 是 吗	17
train524	可以 用 其他 的 证件 吗	17
train525	可以 用 复印件 吗	17
train526	没有 身份证 可以 吗	17
train527	是否 可以 用 学生证	17
train528	那 可不可以 用 学生证 办理	17
train529	是不是 必须 要 户口本	17
train530	那 可不可以 用 护照 办理 呢	17
train531	身份证 弄 丢 了 怎么办	17
train532	我 想 咨询 一下 可不可以 用户 口 办理 呢 没有 身份证 成年人	17
train533	我 想 请问 没有 居住证 居住 证明 可以 办 港澳 第二次 签注 吗	17
train534	因为 办理 身份证 的 时间 有点 长 我 可以 先 用 临时 身份证 办理 港澳 通行证 吗	17
train541	我 的 身份证 弄 丢 了	17
train542	有 其他 证件 替代 身份证 可以 不	17
train543	我 的 身份证 丢失 了 办 了 临时 身份证 请问 可以 用 临时 身份证 可以 办理 港澳 通行证 和 护照 吗	17
train544	异地 办理 港澳 通行证 必须 要 户口本 原件 吗 复印件 或者 扫描 件 可以 吗	17
train545	出生证明 可以 吗	17
train546	请问 我 都江堰 的 户口 用 临时 身份证 能否 在 成都 办理 港澳台 通行证	17
train547	我 可以 顺便 给 我 小孩 办理 常鑫 是 吗	18
train548	是否 需要 本人 办理 可以 他人 代办 吗	18
train549	成都 户口 持 上海 签发 的 往来 港澳 通行证 续签 代办 需要 什么 材料	18
train550	可以 代办 吗	18
train551	已有 港澳 通行证 家人 代办 加注 需要 我 本人 的 身份证 或者 委托书 吗	18
train552	娃娃 14 岁 人 在 国外 第二次 办 港澳 通行证 可不可以 由 父母 代办	18
train553	我 女儿 的 港澳 通行证 过期 了 我 能 帮 她 代办 吗	18
train554	老人 在 北京 想 去 港澳台 旅行 可否 代办 签注	18
train555	委托 他人 办理 的 流程 是 什么	18
train556	想 问 一下 香港 清楚 可以 代办 吗 谢谢 了	18
train557	持 成都市 市 签发 的 有效 港澳 通行证 再次 申请 个人 旅游 签注 的 委托 他人 办理 加签 需要 什么 流程 和 手续	18
train558	本人 在 外地 户口 在 成都 申请 港澳 通行证 续签 需要 本人 亲自 办理 吗	18
train559	你好 我 是 成都 的 户口 现在 在 外地 上学 我 的 港澳 通行证 过期 了 能 让 家人 代理 去 重办 港澳 通行证 吗	18
train560	我 可以 委托 我 附近 帮 我 办理 吗	18
train561	我 在 外地 需要 续签 港澳 通行证 需要 我 本人 回来 续签 吗 还是 家人 也 可以 帮忙 续签	18
train562	港澳台 二次 签注 可否 他人 代办	18
train563	我 本人 出差 在 珠海 想 在 春节 去 澳门 旅游 港澳 通行证 在 成都 可以 请 人 在 成都 帮 办理 澳门 的 签注 么	18
train564	想 问 一下 香港 签注 可以 代办 吗 谢谢 了	18
train571	我 的 港澳 通行证 签注 时间 过期 了 我 人 在 外地 看 之前 的 留言 说 是 可以 请人持 我 的 通行证 重新 签注 请问 还 需要 我 本人 的 身份证 吗	18
train572	成都市 户籍 成都 办理 的 港澳 通行证 人 在 外地 请 他人 代办 续签 可以 吗	18
train573	我 的 港澳 通行证 没有 过期 但是 一年 2 次 已经 满 了 要 签注 人 不 在 成都 可否 代办	18
train574	我 可以 顺便 给 我 小孩 这里 港澳 通行证 吗	18
train575	接着 刚才 的 问题 我 在 外地 委托 他人 代办 港澳 签注 我 除了 需要 将 港澳 通行证 寄给 代办 人外 还 需要 户口本 身份证 或 委托书 之类 的 文件 吗	18
train576	你好 我 户籍 在 成都 因 异地 工作 原因 港澳 通行证 已经 办理 了 现在 首次 签证 需请 朋友 在 成都 代办 请问 需要 什么 资料	18
train577	请问 代办 港澳 通行 签注 需 本人 的 委托书 吗	18
train578	我 的 港澳 通行证 是 成都 签发 的 之后 户口 迁移 到 深圳 现在 重新 迁移 回 成都 正在 办理 中 请问 我 可以 在 自助 机上 办理 去 香港 的 个人 旅游 单次 签注 吗	19
train579	请问 开州区 的 户口 现在 港澳 通行证 可以 办理 个人 旅游 签注 吗	19
train580	请问 去 澳门 需要 哪些 证件 准备 自由 行	19
train581	旅游 签证 怎么 办理	19
train582	港澳 通行证 团签 可以 个人 自由 出行 吗	19
train583	你好 请问 铜梁 港澳 通行证 团签 可以 改 个人 签 吗	19
train584	旅游 签证	19
train585	都江堰 户口 办 港澳 通行证 可以 自由 行 吗	19
train586	旅游	19
train587	请问 我 办理 了 香港 的 出入境 但是 我 户口 在 铜梁 只能 办 团队 的 可是 我直 飞机票 都 买好 了 不能 退 请问 可以 改成 个人 的 么	19
train588	我办 了 港澳 通行证 但是 只 签注 了 香港 的 现在 想 签注 澳门 的 可以 吗	19
train589	我办 港澳 通行证 是 申报 的 种类 是 个人 怎么办 下来 种类 是 团队 旅游 啊	19
train590	持有 成都市 居住证 办理 港澳 通行证 请问 是 个人 旅游 签 还是 团队 旅游 签	19
train591	请问 有 港澳 通行证 在 川 内办 的 但是 没有 签注 过 户口 是 上学 期间 迁 到 成都 的 能 签 个人 游 吗	19
train592	办理 港澳 通行证 时办 的 是 团签 如何 改成 个人 旅游 签注 呢 谢谢	19
train598	港澳 通行证 四川 宜宾市 高 县 那边 默认 的 种类 是 团队 旅游 L 公司 让 过去 出差 成都 飞 香港 请问 能 在 成都 出入境 哪里 办理 团队 改 个人 吗 急急 急	19
train599	老公 在 老家 办理 了 港澳 通行证 签注 只能 做 L 团签 现在 户口 迁 到 成都 了 是否 可以 办理 个人 旅游 签注 需要 什么 手续 谢谢	19
train600	外地 户口 办理 的 港澳 通行证 种类 是 团队 旅游 从 成都双流机场 出境 到 香港 是 直接 凭 港澳 通行证 的 有效 签注 出境 就 好 了 还是 必须 要 跟 旅游团 带 的	19
train601	为什么 不 回答 我 的 问题 我 都 问 了 三次 了 我 港澳 通行证 在 四川 达州 办 的 昨天 在 成都 签注 的 从 成都 直飞 香港 出差 请问 还 需要 办理 团签 吗	19
train602	你好 问 一下 我 是 重庆 的 办理 的 港澳 通行证 是 团队 旅游 L 是不是 必须 只有 跟团 才能 去	19
train603	我 在 重庆市 但是 所在 的 区县 不能 办理 个人 旅游 在 主城 可以 办理 吗	19
train604	户口 是 凉山州 西昌市 港澳 通行证 也 是 在 西昌 办 的 现在 办理 了 成都 的 居住证 港澳 通行证 能 签注 个人 旅游 G 吗 还是 只能 签注 团队 旅游 L	19
train605	不是 重新 户籍 居民	20
train606	不是 啊	20
train607	嗯 不是 这样	20
train608	不	20
train609	否	20
train610	我 不是 重庆 的	20
train611	哎 不是	20
train612	不是 那	20
train613	不 可以	20
train614	不是	20
train615	不 对	20
train616	不是 啊 啊	20
train617	我 说 不是	20
train618	给 你 说 不是	20
train619	不是 首次 那里	20
train625	不是 重庆 户籍	20
train626	没有	20
train627	不是 不是 打 过来	20
train628	没	20
train629	不 对 的	20
train630	没有 啦	20
train631	快递 取证 价格	21
train632	快递 证件 怎么 算	21
train633	邮寄 证件 多少 钱	21
train634	邮寄 证件 收费 标准	21
train635	游戏 费用	21
train636	快递 证件 便宜 么	21
train637	同 城 快递 多少 钱	21
train638	邮寄 签注 收费 标准	21
train639	邮寄 费用 怎么 算 呀	21
train640	邮寄 证件 便宜 么	21
train641	快递 费用 高 么	21
train642	快递 取证 收费 标准	21
train643	邮寄 证件 贵不贵 呀	21
train644	邮寄 证件 价格 标准	21
train645	游戏 费用 怎么 算 啊	21
train651	快递 取证 便宜 么	21
train652	游戏 费用 怎么 算 的	21
train653	邮寄 证件 怎么 收费	21
train654	邮寄 费用 怎么 算 呀	21
train655	快递 取证 怎么 算	21
train656	邮寄 费用 怎么 算	21
train657	怎么 计费 怎么 算	21
train658	快递 证件 收费 标准	21
train659	武器 费用 多少	21
train0	七个 高峰期 怎么 算 呀 在 专修	0
train1	去 动手 时段 怎么办 呀	0
train2	有偿 服务 是 什么 意指	0
train3	嗯 问道 的 关系 证明 是 什么 呀	0
train4	晋江 是 什么 原意 啊	0
train5	是 个 假日 怎么 算 呀	0
train6	七十五 准时 数值 的	0
train7	什么 时候 发达国家 备案 其他 部门	0
train8	有偿 增值 的 意即 是 什么	0
train9	全部 联系 证明 是 什么	0
train10	什么 是 国内 备案 工作人员 啊	0
train11	是 国内 备案 证 呀	0
train12	什么 是 国家 主管部门 人员 呀	0
train13	嗯 七个 准时 怎么	0
train14	肩负 联系 断定 是 什么 呀	0
train20	下 一个 岗位 是 怎么 输 的 呀	0
train21	明 了 是 什么 解作 呀	0
train22	七个 周六	0
train23	有偿 服务 是 啥意思	0
train24	s 就是 什么 意思	0
train25	你好 我 想 了解 一下 在 留言板 回乡证 港澳 通行证 然后 说道 我 证件 不 符合 网签 前提 是 什么 意思	0
train26	什么 是 国家 也就是说 技术人员 呀	0
train27	时至今日 哪里 可以 办	1
train28	我 在 万州区 在 哪里 办理 一笔 捡 到	1
train29	我 在 沿江 街 在 哪里 办理 比较 左右 啊	1
train30	校内 去 的 在 哪里 可以 办理	1
train31	直说 新马 旅游 签注 续签 在 武侯区 办证 中心 可以 办理 么	1
train32	您好 请问 我 是 就近 户口 须要 要 到 市局 办证 厅 办理 吗	1
train33	我 在 重庆市 在 哪里 办理 比较 驭	1
train34	如果 可以 对 提出申请 处 有无 限制	1
train35	请问 遂宁 办理 的 港澳 身份证件 续签 在 成都 哪里 可以 续签 我 是 古本 的 身份证件	1
train36	我 户口 在 山西 新马 通行证 须要 离任 请问 在 成都市 可以 办理 吗 须要 什么 材料 到 哪里 去 办理 谢谢	1
train37	我 在 渝北区 在 哪里 把 你 比较 取而代之	1
train38	我 在 江北区 在 哪里 代办 尤其	1
train39	可以 到 高新区 出入境 大厅 受理 吗	1
train40	你 水区 核发 电话号码 在 哪里	1
train41	绵阳 户口 办理 港澳 通关 新鲜 可以 在 哪里 自助 办理	1
train47	一 北区 的 办理 位址 在 哪里	1
train48	我 在 哪里 承办 微信	1
train49	你好 请问 高新区 户口 的 港澳 通行证 办理 所在位置 是 在 哪里 户口 是 高新区 荣光 北路 的	1
train50	恩好 的 为 您 受理 URL 在 哪里 呢	1
train51	我 以前 是 雅安 户口 在 雅安 办理 了 港澳地区 通关 现在 签注 并未 过期 了 户口 也 调到 了 四川 届满 该 在 哪里 办理 呢	1
train52	户口 是 高新区 集体户 办 港澳台地区 通行证 必须 去 高新区 的 离境 前厅 办理 还是 在 成都市 内 任意 八区 就 可以 办理 呢	1
train53	办理 港澳 随即 证件 的 自助 网点 有 哪些	1
train54	查验 港澳 出入境 贵不贵	2
train55	办 证件 要 多少 钱	2
train56	去 香港特别行政区政府 耍 一次 要 好多钱	2
train57	一次 一年 直接 台胞证 的 费用	2
train58	哎 绿卡 能够 多少 钱	2
train59	去 澳门 无赖 办理 费用 是否 要 很多 钱	2
train60	办 澳门 人 通关 好多钱	2
train61	办 护照 能够 多少 钱 呀	2
train62	接办 签证 需要 多少 钱 呀	2
train63	筹办 一个 居留 多少 钱	2
train64	去 港澳 当真 一次 要 好多钱	2
train65	多少 钱	2
train66	粤港 证件 好多钱	2
train67	前提 很悦	2
train68	成都 武侯区 户口 港澳 通行证 跟交 多少 钱 几个 工作日 可以 合 决心 即刻 电话 回复 一声 谢谢 谢谢	2
train74	转 至 通行证 需要 多少 钱 啊	2
train75	香港 玩游戏 的话 办 证件 费用 是 好多	2
train76	办证 多少 钱	2
train77	身分证 办理 要 多少 钱	2
train78	二次 赴 港 办理 港澳 居留权 需要 多少 天 工本费 是 多少 需要 放 哪些 资料 如果 在 云南 办理 的 港澳 通关 在 粤东 能 滞留 吗	2
train79	筹 免签 要 多少 钱 呀	2
train80	看看 没有 年龄 受限	3
train81	我妈 可以 代办 不	3
train82	我 老婆 可以 核发 不	3
train83	婴儿 可以 办 么	3
train84	承办 年龄 有 什么 建议	3
train85	我 女儿 无法 上 幼稚园 可以 办理 不	3
train86	读书 娃儿 可以 筹 不	3
train87	我 儿时 可以 兼办 不	3
train88	看看 代办 年龄 要求	3
train89	对 试办 的 年 利有何 建议	3
train90	我爸 可以 核发 么	3
train91	岁数 有 限制 没有	3
train92	小学生 可以 开 不	3
train93	许多 学生 可以 兼办 吗	3
train94	没满 16 岁 能 查验 么	3
train100	不 对 年长 要求	3
train101	未 Pardosa 十六岁	3
train102	大人 是否 能 长途跋涉	3
train103	年龄 过于 大 到底 没 办法 办理	3
train104	办 成年人 要求 是 多少岁	3
train105	女生 可以 代办 吗	3
train106	要 来 港澳 通行证 第二次 续签 大概 要 几个 工作日 最快 可以 得 用	4
train107	小妹 请问 一下 不是 重庆 户口 办 签证 的话 必需 多长时间	4
train108	以前 在 湖北 提出申请 的 港澳 通行证 并 证件 了 一次 后 在册 转用 成都 在册 下个月 一心 去 港澳 请问 本次 在 成都 提出申请 证件 需要 多长时间 谢谢	4
train109	请问 现在 办理 港澳 通行证 什么 时候 可以 丢掉 我 是 云南 户口	4
train110	爱 请问 今天 当日 送 去 自助 签得 港澳 回乡证 6 号 当日 可以 取 吗 回执单 上 是 说 两个 工作日 亦然	4
train111	办理 港澳 才 可 所 需 多久 呢	4
train112	本人 阿坝州 人 满足 在 成都市 办理 身份证件 的 条件 7 同月 29 日 在 跨境 管理处 办理 的 身份证件 港澳台 身份证明 最快 多久 能 拿到 身份证件	4
train113	港澳 通行证 已 办理 很 久 仍然 扣押 到 消息 也 没拿到 证件	4
train114	办理 时 长 总长 吗	4
train115	请问 我 早已 拿 回 了 港澳台 通行证 但是 还 没有 人 办理 过 证件 请问 首次 办理 证件 一年 两次 几天 可以 签下来 办理 方式 是 什么 呢 对不起	4
train116	承办 需 多久	4
train117	家庭成员 和 孩子 们 均 北京 户口 已 在 北京 办 港澳 通行证 但 已过期 需要 续签 请问 在 成都 办 创纪录 多久 能 拿到	4
train118	在 成都 念书 但是 户口 是 省外 的 急办 澳门 身份证明 学校 放 了 推论 现在 预约 了 1217 的 办理 请问 可不可能 在 月初 31 号 前 拿到 呢	4
train119	港澳 出入境 遗失 怎么 手续 需要 多久	4
train120	我 的 粤港 通行证 到期 了 户口 是 成都 本地 的 请问 重新 核发 需要 多长时间	4
train121	请问 2015 年 9 月 27 号 申请 的 新马 在线 二次 签注 什么 时候 可以 领取 已经 现金 但是 没有 发给 相关 微信 不 知道 是否 在 进行 之中	4
train122	再 来 现在 想 办理 港澳 通行证 同一时间 能 拿到 吗	4
train123	请问 港澳 汇票 续签 需要 多少 工作日	4
train130	时间 只能 多久 总有一天	4
train131	宗教团体 旅游 服务 港澳台 通行证 办理 需要 几天	4
train132	结缘 我 1016 号 办 的 通行证 22 号 我 查询 怎么 还是 在 审核 中 呢 给 我 的 回执单 下面 写 的 是 25 号 在此之前 就 可以 寄送 我 这	4
train133	恭喜 我 是 外地 户口 可以 在 遵义 办理 港澳 通行证 吗 大概 好久 可以 拿到	4
train134	您好 我于 上 同月 15 日 申办 的 护照 及 港澳 通行证 时才 户口 受理 通知单 上 标注 的 是 通知 由于 目前 尚未 接到 任何 领取 通知 故想 审核 下 大约 还 需要 多久 可以 领到 护照 格外 感谢	4
train135	22 号 收到 短信 接到 领取 港澳 通行证 今日 24 号 上午 可以 领取 吗	4
train136	的 兄弟 要 哪些 参考资料	5
train137	昨天 新马 通行证 和 台湾 通行证 能否 代领	5
train138	的 兄弟 有 建议 吗	5
train139	港澳 居民身份证 可以 让 让 学姐 帮助 代领 吗	5
train140	证 办好 以后 可以 发觉 代理 不	5
train141	帮别人 分 领 可以 吗	5
train142	可以 一并 缴 吗	5
train143	因 本人 在 外地 工作 理应 委托 他人 原由 领取 护照 港澳 通行证 等	5
train144	港澳地区 通行证 他人 好不容易 领取 的话 需要 哪些 证件 呢 上班时间 实在 走不开 谢谢	5
train145	江口 镇 的 好友 就 可以 找人带 你 不	5
train146	代领 均 须 怎么 试办	5
train147	帮忙 他人 给与 可以 吗	5
train148	你好 我 想 请问 刚才 非 本人 领取 护照 和 澳门地区 通行证	5
train149	代办 的 护照 和 港澳 通行证 请 家人 代领 需要 隙 什么	5
train150	请问 护照 港澳 身份证明 及 往来 台湾 身份证明 由 家人 代领 需要 哪些 工艺	5
train151	我 老婆 在 网上 申请 的 港澳 通行证 二次 回乡证 我能 代替 她 去 到场 拿证 吗 能够 代 什么 回乡证	5
train152	港澳 通行证 可以 代领 吗 只有 通行证 照片 和 回执单 照片	5
train153	请问 领 身份证明 和 港澳 通行证 时 可否 不用 本人 来领 驻外 人 都 需要 什么 证件	5
train160	你好 我 之前 在 天府广场 口岸 办证 大厅 办理 了 港澳 身份证件 现在 若 有 可 缴交 但是 人 亦非 成都 请问 前提 可以 让 人 继子 如果 可以 的话 需要 什么 材料 呢 妳	5
train161	s 的话 要 哪些 数据资料	5
train162	找寻 姐姐 代领	5
train163	港澳 身份证明 能 只能 请人 代领	5
train164	港澳 通行证 代办 再次 签注 后 不 对 让 其他人 代拿	5
train165	上个月 在 成都 出入境 外围 办理 港澳 通行证 直到现在 让 人 带领 除了 给 他 回执单 还 需要 其他 证明 吗	5
train166	是不是 可以 让 他人 代领 全力以赴 的 护照 和 港澳 通行证 或者 代领 要 带 什么 手续	5
train167	证 办好 以后 可以 找人 代领 箍	5
train168	以前 好 之前 可以 找人带 你们	5
train169	可以 去 新 口岸 几次	6
train170	可以 无所谓 tr	6
train171	可以 去 好 多次	6
train172	然后 重新 何谓 可以 在 香港地区 呆 多久	6
train173	我 港澳 出入境 的 通行证 时限 为 201769201868 那 我 2018 年 6 同年 8 号 到 香港 玩 滞留 几天 再 走 这样 行不行 呀	6
train174	港澳台 居民身份证 可以 在 香港 呆 多久	6
train175	可以 在 新加坡 玩乐 多久	6
train176	你好 请问 一下 粤港 通行证 首次 申请 后 的 第一年 是不是 不用 办理 居留权 可以 接驳 粤港 两次	6
train177	粤港 才 可 可以 在 香港 的 多久	6
train178	请问 港澳 证件 怎么 查看 牵着 间隔时间	6
train179	恩好 身份证件 可以 在 港台 的 多久	6
train180	通行证 和 港澳 通行证 的 有效期 分别 是 多少 呢	6
train181	可以 去 港台 几次	6
train182	高 不须 用 可以 在 新加坡 待 多久 啊	6
train183	香港 可以 去 几次	6
train184	逗留 整整 有 管制 么	6
train185	请问 兼办 港澳 身份证件 可以 兼办 多次 吗	6
train186	行程 是 国内外 香港 澳门 内地 请问 必须 几次 港澳 签注	6
train193	也 可以 在 澳门 玩 多久	6
train194	港澳 通行证 可以 在 香港特别行政区政府 待 多久	6
train195	港澳台 通关 L 签 和 G 签都 可以 一周 内 2 次 往返 香港 吗	6
train196	你好 w 开头 的 港澳 身份证 一年 内能 去 几次 澳门 中间 再 去 澳门 是非 短时间 间隔 的 要求 对不起	6
train197	请问 澳门 政府 两次 回乡证 需要 间隔 多久 在 异地 是否 也 可以 进行 第二次 回乡证	6
train198	脱口而出 一下 我 从 港澳 到 香港 往返 期间 如果 要 去 葡国 一次 的话 香港 签注 兼办 一次 往返 就 可以 了 吗 我 在 港澳 共有 相隔 5 天	6
train199	结算 可以 收款 吗	7
train200	支持 腾讯 收取 不	7
train201	腾讯 可以 付给 吗	7
train202	可以 阿里巴巴 集团 缴纳 吗	7
train203	资金投入 支持 微信 支付 小猪	7
train204	能 APP 增值 支付 吗	7
train205	淘宝 偿还债务 得行 不	7
train206	可以 腾讯 缴纳 吗	7
train207	办 港澳 才 可 费用 可以 现金支付 或者 天涯社区 支付 吗	7
train208	大力支持 微信 偿付 吗	7
train209	可以 QQ 付给 吗	7
train210	你 腾讯 结帐 不	7
train211	全力支持 声望 付款 过	7
train212	可以 权势 结帐 吗	7
train213	支付 威势 结帐 啵	7
train214	反对 权势	7
train215	讨价还价 得行 吗	7
train216	就是 不 赞同 威信 付款	7
train223	不会 钱 怎么办	7
train224	智能卡 可以 帐单 吗	7
train225	非 用 现金 均 需不作 么	7
train226	你们 这 可以 权势 帐单 吗	7
train227	无非 用 买入 啊	7
train228	折价 某种程度 也 是 可以 的 吧 毕竟 上交 额度 是 不 作为 的 鹅 ltahrefn 昆明 武警 出入境 gt 昆明 武警 出入境 ltagt	7
train229	多谢	8
train230	非常感谢	8
train231	不曾 了 昨天	8
train232	无法 了 对不起	8
train233	哦 好 的 好 的	8
train234	怎么 投效 啊 我 是 真的 觉得 你们 很 优异 啊	8
train235	好 的 没有 了	8
train236	好 的	8
train237	想见	8
train238	好 的 吧	8
train239	啊	8
train240	不会 了	8
train245	嗯 认识	8
train246	好 的 好 的 好 的	8
train247	知道	8
train248	今天 去 日 冬日 广场 分理处 提出申请 港澳 身份证 太 便捷 高效 啦 为 我 大 重庆 的 离境 管理 点赞	8
train249	不 并不知道	8
train250	不 明确	8
train251	不是 实在 太 确切	8
train252	还是 需 回复 和 所在地 自己 倾注 谢谢	8
train253	查验 港澳 身份证 的 回执单 和 发票 遗失 如何 去 出入境 出口处 领取证 卡 需要 提供 哪些 手续	9
train254	能 不会 租车 过来	9
train255	给 位址 寄过来 可以 吗	9
train256	明信片 可以 吗	9
train257	领证 必须 带 哪些 样子	9
train258	取 身份证明 可以 不带 个人资料 吗	9
train259	孩童 没有 个人资料 办理 港澳 通行证 与 回乡证 的 回执 现已 丢失 怎样 能 领取 多谢	9
train260	你好 在 贵阳 成华区 公安部门 入境 大厅 办理 的 签证 和 港澳 通行证 的 回执单 掉 了 怎么办	9
train261	领取 护照 和 港澳 通关 以及 台湾人 证 的 单子 丢失 了 怎么办	9
train262	您好 我 办理 再 多 港澳 通关 把 凭证 弄 丢 了 本来 以为 是 选 的 寄送 服务 于 现在 发现 不是 人 亦然 绵阳 我 现在 怎么 拿到 证件 呢	9
train263	你好 我 办理 了 港澳 签证 后 曾 遗失 了 回执单 请问 怎么 引 签证 呢 谢谢	9
train264	s 请问 我 去年 九月 办 的 港澳 通关 现在 找 不到 那些 单子 了 可以 必要 凭 身份证 引 吗 谢谢	9
train265	代办 港澳 身份证 是 我 可 选择 了 邮寄 但 我 今日 又 想 自己 去 拿 可以 吗	9
train266	办理 港澳 和 台湾 行经 的 回执单 掉 了 凭 身份证 可以 取 吗	9
train267	我于 6 年末 1 日 在 成都市 峨眉山市 出入境 管理机构 总队 办理 了 护照 及 港澳台 通行证 现在 由于 在 外地 工作 同时 也 过 了 在 网上 邮寄 的 时间 了 请问 怎么 才能 缴 这 几个 证件	9
train273	请问 请问 回执单 看看 不知去向 了 怎么办	9
train274	我 办理 了 我 和 我 表哥 以及 儿子 2 岁 的 港澳 通行证 进度 查看 了 可以 违反规定 问道 去 违反规定 的 时候 只 需要 带到 执 还是 回执 和 证明文件 都 要 带	9
train275	结缘 我 的 中港 通行证 证件 出来 了 但是 我 的 回执单 丢弃 了 请问 要 怎么样 才能 拿到 我 的 通行证 呢	9
train276	你好 我 的 回执单 拿出 了 可以 拿 身份证明 去 拿 吗	9
train277	办 中港 通行证 的 回执单 掉 了 可以 用 身份证 来 领取 吗	9
train278	我 办理 身分证 和 港澳 居民身份证 的 回执单 发生意外 丢 了 但 HK 票据 还 在 请问 怎么办	9
train279	请问 可以 拿 本人 的 身份证 复印件 吗 因为 Pardosa 那 几天 本人 不 在 贵阳	9
train280	嗯 嗯 嗯	10
train281	已满 了	10
train282	就是 的 关系 推论	10
train283	是 搞 假日 如何 接 汇款	10
train284	周末 总计 一下 是 不会 三代 嘞 吧	10
train285	市局 那里 撤除 了 吗	10
train286	无需 携带 港澳 通关 吗	10
train287	我 去 再 来 怎么办	10
train288	我 去 看天 怎么办	10
train289	哎 我 去 酒店	10
train290	你 看 你 怎么办	10
train291	喂 只 需 身份证明 或子	10
train292	一满 十六岁	10
train293	更加 坚固 狗 重新 便	10
train294	办 护照 只能 多少 钱 啊	10
train295	啊 在 后 并不需要 多少 钱	10
train296	不能 的 路 似的	10
train297	那 你 并不需要 多少 钱 您	10
train298	乐山市 内出 了 顺城 大街 还有 哪里 可以 办 护照 我 的 位置 在 机场 周围 还有 截图 不 对 直接 适用 之前 港澳 通行证 的 截图	10
train299	请问 万县 办 护照 在 哪里 办 需要 带 什么 证件 试办 大约 需要 多少 钱	10
train300	赶紧 干 就是 和 你 这个 呢	10
train301	中港 通行证 续签 一段时间	10
train302	成都 新能源 户籍 15 年 6 月 办理 港澳 通行证 一直 未 使用 本年度 12 月底 匆忙 去 香港 通行证 需要 二次 签注 吗	10
train303	非 成都 田亩 办理 港澳 通行证 的 签证 类型 是 l 签 不是 g 签 吗	10
train304	傻 我 网上 预约 的 是 到 成都市 出入境 接见 教育 中心 办理 港澳 同行 证 续签 但 想 去 金牛区 出入境 接见 门厅 办理 不知 有没有	10
train305	您 本	10
train306	港澳 出入境 5 月 12 日 到期 现在 申领 离任 来 的 及 不 因为 看 信息 说 有效期 必须 成 比例 3 个 月	10
train316	我 是 大陆 游客 于 10 月 14 日 从 台北 飞 成都 中途 停靠 香港 11 全程 想 去 香港 逛 一圈 有 高雄 通行证 和 再入 台证 到底 就 不 需要 港澳 通行证 了	10
train317	之前 在 武侯区 出入境 中心 办理 了 签证 和 港澳台 通行证 但是 半个 月 后 只 送 出 了 港澳台 通行证 可以 缴交 的 通知 电邮	10
train318	请问 成都 居民 持 旅游 澳门 人 通行证 可以 受理 自助 通关 吗	10
train319	我 预约 3 月 20 日办 普通 身份证明 和 港澳 入境签证 不 知道 有否 事与愿违 再 预约 不起 了	10
train320	今天 澳门 人 签注 网络应用 程序 无法 提交 内容 错乱 无法 填报 上传	10
train321	探员 您好 我 想 请问 一下 粤港 通行证 的 受理 号码 怎么 查询 呢	10
train322	如何 查阅 妳	10
train323	喂 你 不知 瞧	10
train324	名字 是 多音字 办理 港澳台 身份证件 是 拼音 A	10
train325	港澳 通行证 不太可能 办 了 差不多 一个月 了 到 保安局 回答 真是 是 不太可能 寄出去 了 但是 现今 还 充公 到 没有 回执单 也 不能 查 到 程序 在 想 知道 s 单号 因为 明天 的 飞机 谢谢	10
train326	刚刚 在 网路上 签注 的 中港 通行证 点错 了 只 选择 香港 一次 仍 未了 事 了 钱 能 没法 修订 哦 还是 再 重新 签 一次	10
train327	您好 我想 问下 我 如今 刚迁 好 课税 落户 成都 了 但 我 以前 的 港澳 证件 是 L 签 我 需要 来 大厅 重新 办理 证件 吗 还有 签证	10
train328	最 原先 户籍 能否 首次 办理 港澳地区 通行证	11
train329	非 重新 户口 可以 再 重新 办理 澳门 签注 审核 吗	11
train330	呃 外地 户口 在 四川 念 大学 可以 续签 粤港 通行证 吗	11
train331	我 是 成都市 在册 可以 在 湖北省 试办 港澳 通行证 和 护照 吗	11
train332	非 成都 户口 成都 转学 大学生 能否 在 成都 办理 中港 通行证	11
train333	绵阳 三台 户口 能 在 遵义 办理 自助 港澳 出入境 吗	11
train334	早就 在 老家 陕西 办好 了 港澳台地区 通行证 但 没有 签注 就行了 在 成都 签注	11
train335	外地 户口 在 成都 工作 有 1 年 的 存款 可以 办理 中港 通行证 吗	11
train336	怎么 办理 港澳 证件 的	11
train337	港澳 身份证明 到期 能否 在 网上 办理 户口 在 高新区 能否 访客 锦江区 办理	11
train338	大都 签发 的 港澳 通行证 目前 户口 在 重庆 如何 办理 加 签注	11
train339	你好 我 是 在 成都 上课 的 女 学生 户口 是 江西 的 能 不能 核发 港澳 证件 因为 离家 较 数倍 所以 希望 可以 在 成都 核发	11
train340	您好 我于 2013 年 在 成都 上 的 学校 时 在 成都 办理 了 澳门地区 身份证明 现 由于 毕业 家户 已迁 回老家 湖南 要来 如 办理 澳门地区 身份证明 签订合同 我 我 才 可 在 成都 还是 家中 办理 呢	11
train341	爱 我 想 问 一下 我 现在 在 深圳市 办理 港澳台 通行证 必须 本人 持 身份证 回 重庆 办 吗	11
train342	你好 请问 地市 时 才 可以 在 成都 申请 办理 港澳 通行证 吗	11
train343	请问 户籍 所在地 在 内江 可以 在 四川 办理 港澳 通行证 吗	11
train344	孩子 4 岁 需要 办理 护照 继父 及 孩子 常住 都 是 临沂 是否 能 在 成都 办理 护照 及 香港地区 通行证	11
train345	你好 我 在 昆明 办 的 港澳台 身份证 能 在 深圳 办理 签注 手续 吗	11
train346	请问 外地 身份证 能 在 昆明 办理 港澳台 通行证 吗	11
train347	外籍人士 逐日 可以 在 成都 办理 港澳 通行证 吗	11
train348	外地 户口 可以 在 成都 异地 办理 绿卡 以及 港澳 通行证 吗	11
train349	本人 户籍 所在地 位 四川省 宜宾市 现在 四川 工作 没有 居住证 只有 个人资料 和 护照 可否 异地 承办 港澳 身份证明	11
train350	省内 异地 户口 已经 办理 港澳 回乡证 再次 续 签注 是 在校 青年 怎么 办理 呢 最快 多久 能 签到 时间 紧迫	11
train351	你好 我 的 户口 在 东莞 本人 目前为止 在 成都 港澳 通行证 过期 且 丢失 可以 在 成都 试办 不	11
train360	你好 我 是 宜宾 户籍 需要 签订合同 港澳 通行证 请问 成都 可以 办理 吗 需要 什么 手续 毗连 在 哪 谢谢	11
train361	外地 家户 妻到 重庆 来 可以 在 重庆 办 吗	11
train362	我 的 港澳 身份证件 7 月 终止 请问 现在 还 可以 签 吗	11
train363	能否 讨论区 预约 受理	11
train364	成都 首次 办理 中港 通行证 可以 在 自助 办理 机组 员 办理 吗	11
train365	你好 旧 通行证 办过 出入境 换 的 新 港澳 通行证 未办 出入境 可以 网上 申请 出入境 或 在 出入境 自助 机 核发 吗	11
train366	已有 港澳 通行证 身份证 所在地 是 海南岛 的 但是 有 成都 的 暂住证 可以 在 本市 受理 旅游 签注 吗	11
train367	心事 我 是 德阳 地区 的 户口 港澳 通行证 是 在 德阳 办成 的 今日 有 成都 的 居住证 请问 可以 用 从前 的 通行证 在 成都 办理 香港 参与者 旅游区 签注 吗	11
train368	请问 南充 户口 现在 在 成都 办 了 港澳 出入境 签注 算 成都 本地 户口 吗 可以 办 一个 人游 签注 吗	11
train369	星期四 为 嘛 不能 筹 业务 呢	12
train370	平日	12
train371	明明 今天 还 可以 办 港澳台 签注 嘛	12
train372	你好 打算 咨询 一下 国庆 期间 可以 加 港澳 更进一步 旅游 签注 吗 需要 签注 飞 澳门 明天	12
train373	已 持有 成都 的 港澳 通行证 办理 首次 签注 可以 周四 吗 几点 至 几点 即可 携带 除 通行证 均 的 什么 资料	12
train374	我 户口 是 成都 遂宁 的 请问 Facebook 不能 预约 周六 办理 港澳 通行证 可以 直接 去 排队 办理 吗 我 看 Facebook 有 说 你们 周六 但会 事前 延时 一站式	12
train375	4 同年 25 日 上班族 吗	12
train376	啥时候 可以 办理手续	12
train377	请问 这 周六 可以 到市 出入境 音乐厅 办理 港澳 出入境 么	12
train378	成都 海关 办证 大厅 周末 工作 小时 是否 可以 办理 港澳 通行证 签证 呢	12
train379	办证 小时 是 周几	12
train380	自助 机办 的 港澳 台胞证 端午节 可以 领 吗	12
train381	网上 申请 的 港澳 收件 能否 在 深夜 和 周日 取 呢	12
train382	直说 星期日 可以 领证 吗	12
train383	区县 的 交警 在 2 月 7 号 前 都 经常性 上班 吗	12
train389	周末 是 双休 么	12
train390	s 我 的 身份证 到 时 了 周六 可以 去 检查和 么 ltahrefn 成都 公安 跨境 gt 成都 公安 跨境 ltagt	12
train391	你们 哪个 这样一来 上班族 呀	12
train392	自助 是 24 小时 免费 还是 也 只能 接待 星期	12
train393	秀山 县公安局 说 是 初三 才能 提出申请 怎么回事 啊	12
train394	请问 出入境 大厅 过年 此后 2 月 15 日至 2 月 21 日 可以 办理 护照 与 港澳 身份证件 及 证件 吗	12
train395	您好 我 是 成都 户口 打算 核发 中港 签注 请问 下本 周四 2 月 10 日 市中心 核发 点 能否 核发	12
train396	当 周 停业 吗	12
train397	星期六 可不可以 取 签证	12
train398	是 是	13
train399	未确定	13
train400	是 是 是 是	13
train401	哦 是 的	13
train402	特是	13
train403	tr	13
train404	对 对	13
train405	啊 对 啊	13
train406	啊 是 是	13
train407	是 是 是	13
train408	对 对 是 的	13
train409	哎 是	13
train410	哦 对 啊 是 咋啦	13
train411	一定 会 是 这样 的	13
train412	喂 是 啊	13
train413	哦 对	13
train414	对 啊 老 是	13
train415	是	13
train416	对 呃 是	13
train417	啊 断定 啊	13
train418	是 啊 刚才	13
train426	可以 可以 可以	13
train427	不 对 可以	13
train428	哦 可以 可以 可以	13
train429	好 可以	13
train430	可以 啊 可以	13
train431	可以 啊 我 以前 的	13
train432	威 可以	13
train433	嗯 可以 啊	13
train434	我 已 申请 了 港澳台 身份证明 预约 取证 时间 是 713 日 但是 因为 停留时间 提前 定 了 712 日 的 飞行 中 去 蛇口 却说 可以 申请 加急 吗	14
train435	都江堰 户口 想 加急 港澳地区 通行证 最快 几天	14
train436	港澳 通行证 现在 在 制证 里面 如何 办理 加急 本地 户口	14
train437	港澳 通行证 到期 了 换证 几天 能 所取 能否 加急	14
train438	代办 港澳地区 通行证 能否 加急	14
train439	请问 办理 护照 和 港澳 通行证 否 可以 加急 加急 时间 最短 多少 加急 额度 分别 是 多少	14
train440	请问 兼办 港澳 通行证 能 加急 吗 昨天	14
train441	加急 代办 港澳 身份证 及 签注	14
train442	您好 成都 户口 港澳 身份证件 作废 了 7 月 17 日 重新 申请 办理 了 当时 忘 了 询问 明知 时间 后 辨认出 明知 时间 来不及 了 请问 还 能 重新 申请 加急 吗	14
train443	不 对 港澳 通行证 特 签注 最快 要 多久 呢 因为 比较 急 能否 加 钱 加急 呢	14
train444	要 加急	14
train445	您好 我 想 问 一下 首次 办理 澳门 人 通行 证明 能否 加急	14
train446	请问 查验 港澳 身份证明 三月 一次 签注 可以 加急 查验 吗 怎么 收费 的	14
train447	一一 加急 金融业务	14
train448	办理 港澳 通行证 回执单 写出 的 8 同月 31 日 领取 由于 赶时间 可以 在 31 晚间 一 开门 就 领取 的 到 吗 还是 要 傍晚 呀 能否 加急 呢	14
train449	我 是 一名 藏族 参加 了 保险公司 组织 的 港澳游 可 提供方便 证 以前 没 从前 导游 那边 马上 要 到达 了 要 我 赔 违约金 我 想 问 可以 加急 办理	14
train450	请问 首次 办理 港澳 通行证 门 申请 加急 么	14
train451	我 是 6 号 去 办理 的 新马 通行证 然后 直到现在 18 要 去 澳门 人 不 对 一下 可以 加急 吗 跪求	14
train458	能否 加急 核发 香港地区 通行证 及 签注	14
train459	成都 本地 户口 港澳 通行证 首次 办理 申请 提交 审批 中 到底 能 申请 加急	14
train460	请问 换 用 港澳 身份证 可以 加急 吗	14
train461	可以 开 加急 吗 因为 下周 就要 限时 了	14
train462	首次 办理 粤港 身份证明 可以 加急 吗	14
train463	能 加急 么	14
train464	4 月 6 日新办 澳门地区 证巳 通知 声请 想 办 急件 尽快 取件 行 吗 一	14
train465	请问 下 迁入 人才交流 中心 的 集体户 户口 办理 港澳 通行证 需要 哪些 通行证	15
train466	再 来 澳门 通行证 快 到期 了 需要 换发 要 准备 什么 物料 温江 户口 费用 多少	15
train467	您好 我 户籍 所在地 在 南充 在 泸州 办理 普通 证件 和 港澳 通行证 需要 哪些 手续 呢 棘手 告知 一下 谢谢	15
train468	我 是 达州 办 的 港澳 通行证 现在 想 在 成都 续签 必需 什么 资料 呢	15
train469	成都 户口 但 港澳 通行证 是 青海 榆林 发放 的 想 换成 成都 发放 的 港澳 通行证 都 只能 什么 文献资料	15
train470	港澳 通行证 并不需要 带 的 数据	15
train471	需要 哪些 材料	15
train472	持有 本式 往来 港澳 通行证 但 未 持有 有效 入境 的 也 可以 申请 换 电厂 子 往来 港澳 通行证 需要 带 什么 证件	15
train473	在 成都 工作 需要 代办 港澳 居民身份证 户口 驻地 为 广汉 在 成都 代办 需要 提交 哪些 资料 在 哪里 进行 代办 多久 可以 抢 到	15
train474	省内 Pardosa 大学生 办理 港澳 身份证 需 准备 什么 资料	15
train475	广安 户口 成都 就业 无 医疗保险 请问 需要 什么 材料 可以 在 成都 核发 港澳 证件 和 港澳 签注	15
train476	本人 为 绵阳市 户口 s 港澳 通行证 小 Pardosa 型式 在 有效期 内 咨询 获准 港澳 通行证 小 Pardosa 型式 扯 为 卡片式 需要 哪些 办理 材料	15
train477	您好 我 是 阿坝州 的 逐日 在 成都 习 大学 办理 港澳 通行证 续签 需要 随身携带 哪些 材料 啊 谢谢	15
train478	您好 我 是 成都 在校 大学生 户口 在 学校 想要 代办 港澳 通行证 到 香港 求学 要 来 需要 带 什么 证件 去 代办	15
train479	我 老公 是 绵阳 缴税 很难 办理 居住证 但 我 是 成都 缴税 请问 他 办理 港澳 通行证 需要 上头 哪些 手续	15
train485	本人 目前 在 广州 无法 归来 户口 临近 成都 办理 澳门 签注 已有 港澳台 通行证 是否 可以 委托 他人 帮 我 办理 澳门 签注 如果 可以 请问 并不需要 哪些 材料	15
train486	港澳 通行证 到期 重新 申请人 需要 提交 哪些 资讯	15
train487	台籍 的 有 港澳 通行证 没有 汇票 如果 要 办 汇票 需要 什么 资料	15
train488	已经 有 港澳 通行证 问道 办理 港澳 签注 需要 哪些 资料 在 哪里 办理 谢谢	15
train489	港澳 通行证 即将 于 3 月 终止 现在 想 申请人 换领 请问 是否 并不需要 载有 原 通行证	15
train490	西安 本地 户口 试办 港澳 通行证 需要 哪些 资料	15
train491	您好 我要 去 香港 苦读 户数 在 遵义 我 已经 在 乡下 办理 了 港澳 通行证 但是 高年级 还 未 把 签注 寄给 我 我 想 咨询 一下 应该 可以 在 泸州 办理 逗留 签 呢 办理 逗留 签 的 资料 都 需要 什么	16
train492	探亲 或 起程 免签 怎么 办理	16
train493	我 去 太心 怎么 代办	16
train494	不得了 请问 在 南充市 查验 探亲 香港 每年 第一次 续约 探亲 证 办证 时效 是 多久 谢谢	16
train495	我 去 探亲 怎么办 呢	16
train496	我 去 看 新 的 怎么 试办	16
train497	我 去 看 最初 怎么办	16
train498	我 女友 是 香港 居民 我 有 新马 证件 我 可以 办理 多次 往返 香港 的 汇票 吗	16
train499	我 去 探亲 怎么办	16
train500	去 看不到 怎么 试办	16
train501	Android 我 去 看清 怎么 承办	16
train502	昨去 回台 怎么办 哩	16
train503	你好 我 11 岁 女儿 已经 办好 了 护照 和 港澳 身份证件 决意 这 月底 去 香港 出国 要来 在 去 在此之前 还 需办 何种 补办 吗	16
train504	我 去 没用 怎么 代办	16
train505	用 那个 的 路 我 去 看透 怎么办 呢	16
train511	我要 去 看君 怎么办 啊	16
train512	我 去 回乡 怎么办 哩	16
train513	我 去 烫金 怎么 试办	16
train514	我 去 简而言之 怎么 受理 啊	16
train515	我要 去 港澳 开心 患病 需要 我们 指定	16
train516	我要 去 香港 灿杏 顺便去 澳门 规章	16
train517	对 发来 可不可以	17
train518	请问 持有 成都 暂住证 可以 办理 港澳 通行证 与 出国 护照 吗	17
train519	是不是 其他 证件 可以 替换成	17
train520	除了 通行证 还有 其他 证件 么	17
train521	其他 有效证件 可以 吗	17
train522	可以 用 身份证 大多 的 证件 代办 吗	17
train523	我 的 护照 弄 丢 了 是 吗	17
train524	可以 用 其他 的 通行证 吗	17
train525	可以 用 据悉 吗	17
train526	不能 身份证明 可以 吗	17
train527	有否 可以 用 发卡	17
train528	那 刚才 用 收件 办理	17
train529	真的 只能 要 户口本	17
train530	那 可不可以 用 身份证 受理 呢	17
train531	证明文件 还给 了 怎么办	17
train532	我 不想 咨询 一下 可不可以 用户 口 办理 呢 没有 回乡证 成年人	17
train533	我 想 请问 没有 居住证 聚居 证明 可以 办成 港澳 第二次 签注 吗	17
train534	因为 办理 身份证 的 间隔时间 有点 长 我 可以 先行 用 临时 身份证 办理 港澳 通行证 吗	17
train541	我 的 居民身份证 丢掉 了	17
train542	有 其他 证件 替代 护照 可以 不	17
train543	我 的 居民身份证 丢弃 了 筹办 了 临时 居民身份证 请问 可以 用 临时 居民身份证 可以 办理 港澳 回乡证 和 护照 吗	17
train544	异地 办理 港澳 通行证 必须 要 户口本 原件 吗 签名 或者 扫描 件 可以 吗	17
train545	身份证明 可以 吗	17
train546	请问 我 都江堰 的 户口 用 临时 身份证 能否 在 成都 办理 东南亚地区 通行证	17
train547	我 可以 于是 便 给 我 孩子 办理 常鑫 是 吗	18
train548	是否 须要 本人 办理 可以 他人 外事 吗	18
train549	成都 课税 持 上海 受理 的 往来 港澳 通行证 续签 代办 需要 什么 材料	18
train550	可以 帮办 吗	18
train551	已有 港澳 通行证 家人 驻外 加注 需要 我 本人 的 身份证 或者 委托书 吗	18
train552	娃娃 14 岁 人 在 国外 第二次 办 港澳 通行证 好 几次 由 父母 代办	18
train553	我 女儿 的 港澳 通行证 注销 了 我 能 帮 她 s 吗	18
train554	老人 在 天津 想 去 港澳台 旅行 可否 代办 通行证	18
train555	委托 他人 核发 的 方式 上 是 什么	18
train556	想 问 一下 香港 可信 可以 驻外 吗 谢谢 了	18
train557	持 成都市 市 签发 的 有效 港澳台 通行证 再次 提出申请 个人 旅游 出入境 的 委托 他人 办理 加签 必须 什么 流程 和 手续	18
train558	本人 在 外地 户口 在 成都 申请 中港 通行证 续签 需要 本人 亲自 核发 吗	18
train559	你好 我 是 绵阳 的 逐日 现在 在 外地 上学 我 的 港澳台 身份证件 过期 了 能 让 家人 代理 去 重办 港澳台 身份证件 吗	18
train560	我 可以 接洽 我 临近 帮 我 办理 吗	18
train561	我 在 外地 无需 续签 港澳 通行证 无需 我 本人 回来 续签 吗 还是 一家人 也 可以 想尽办法 续签	18
train562	海外华人 二次 签注 可否 他人 专管	18
train563	我 本人 探访 在 佛山 想 在 春节 去 于 澳门 旅游 港澳 通行证 在 成都 可以 请 人 在 成都 小弟 办理 于 澳门 的 入境 么	18
train564	想 问 一下 新加坡 签注 可以 代办 吗 明天 了	18
train571	我 的 港澳 才 可 台胞证 时间 月 内 了 我 人 在 外地 看 之后 的 留言 真是 是 可以 请人持 我 的 才 可 重新 台胞证 请问 还 需要 我 本人 的 身份证 吗	18
train572	成都市 登记 成都 试办 的 澳门 通行证 人 在 外地 请 他人 驻外 续签 可以 吗	18
train573	我 的 港澳 居民身份证 没有 大批量 但是 一年 2 次 已经 另加 了 要 签注 人 不论如何 成都 可否 代办	18
train574	我 可以 顺便 给 我 男孩 这里 港澳 通行证 吗	18
train575	接着 刚才 的 弊端 我 在 外地 委托 他人 代办 港澳 签注 我 除了 须要 将 港澳 才 可 寄 去 代办 人外 还 须要 户口本 身份证 或 委托书 之类 的 文件 吗	18
train576	你好 我 流动人口 在 遵义 因 方式 在 文书工作 理由 港澳 通行证 已经 办理 了 现在 首次 签证 需请 朋友 在 遵义 代办 请问 所 需 什么 资料	18
train577	请问 Pardosa 港澳 通行 签注 需 本人 的 向 其 吗	18
train578	我 的 港澳 通行证 是 成都 签发 的 后来 户口 移入 到 深圳 以前 重新 移入 回 成都 正在 办理 中 问道 我 可以 在 自助 机上 办理 去 内地 的 个人 旅游 单次 签注 吗	19
train579	请问 鼓楼 街道 的 户口 现在 港澳 通行证 可以 办理 个人 生态旅游 签注 吗	19
train580	请问 去 葡国 必需 哪些 证件 准备 自由 行	19
train581	游览 入境 怎么 办理	19
train582	港澳 通行证 团签 可以 其所 意志 出行 吗	19
train583	你好 请问 广汉 港澳 通行证 团签 可以 改行 个人 签 吗	19
train584	观光 居留	19
train585	广元 户口 办 港澳 通行证 可以 新 政策 吗	19
train586	旅游者	19
train587	请问 我 办理 了 港澳 的 入境 但是 我 户口 在 长宁 只能 办 团队 的 可是 我直 飞机票 都 买好 了 不能 后退 请问 可以 改用 个人 的 么	19
train588	我办 了 粤港 通行证 但是 只 手续 了 香港 的 现在 就让 手续 澳门 的 可以 吗	19
train589	我办 港澳 通行证 是 申报 的 各种类型 是 个人 怎么办 下来 各种类型 是 一个 团队 旅游 啊	19
train590	持有 成都市 居住证 办理 港澳 通行证 请问 是 个人 旅游区 签 还是 团队 旅游区 签	19
train591	要来 有 港澳 通行证 在 川 内办 的 但是 没有 签注 过 户口 是 上 大学 期间 迁 到 成都 的 能 签 个人 游 吗	19
train592	办理 粤港 通行证 时筹 的 是 团签 如何 改成 个人 旅游 签注 呢 谢谢	19
train598	澳门 人 通行证 陕西 宜宾市 高镇 那边 默认 的 种类 是 团队 生态旅游 L 公司 让 过去 公干 成都 飞 香港 昨天 能 在 成都 入境 哪里 受理 团队 改 个人 吗 急急 急	19
train599	老公 在 老家 办理 了 港澳 通行证 签注 勉强 做 L 团签 那 时候 户口 迁 到 成都 了 是否 可以 办理 个人身份 旅游 签注 必须 什么 均 须 妳	19
train600	海外 户籍 办 的 港澳 通行证 繁多 是 团队 旅游者 从 成都双流机场 出境 到 香港 是 直接 凭 港澳 通行证 的 有效 签注 出境 就 好 了 还是 必须 要 跟 旅游团 带 的	19
train601	为什么 不 回答 我 的 问题 我 都 问 了 三次 了 我 港澳台 才 可 在 四川 达州 办 的 昨晚 在 四川 证件 的 从 四川 直航 香港 出差 请问 还 能够 办理 团签 吗	19
train602	你好 答道 一下 我 是 昆明 的 办理 的 粤港 通行证 是 团队 旅游 L 是不是 必须 只有 跟团 才能 去	19
train603	我 在 重庆市 但是 所在 的 区县 不能 受理 应有 旅游 在 主城 可以 受理 吗	19
train604	逐日 是 凉山州 西昌市 中港 通行证 也 是 在 康定 交 的 现在 提出申请 了 成都 的 居住证 中港 通行证 能 签注 个人 旅游者 G 吗 还是 只能 签注 团队 旅游者 L	19
train605	不是 原先 户籍 本地人	20
train606	不是 啊	20
train607	嗯 不是 这样	20
train608	不	20
train609	必定	20
train610	我 不是 泸州 的	20
train611	哎 不是	20
train612	不是 那	20
train613	不 可以	20
train614	不是	20
train615	不 对	20
train616	不是 啊 啊	20
train617	我 却说 不是	20
train618	给 你 说 是不是	20
train619	不是 首次 那里	20
train625	不是 昆明 流动人口	20
train626	从未	20
train627	不是 不是 打 出去	20
train628	没有	20
train629	不 对 的	20
train630	没 啦	20
train631	快递 核查 售价	21
train632	送货 证件 怎么 可知	21
train633	寄发 回乡证 多少 钱	21
train634	邮寄 证件 HK 规格	21
train635	电脑游戏 额度	21
train636	Pardosa 证件 廉宜 么	21
train637	同 城东 速递 多少 钱	21
train638	邮寄 签注 票价 基准	21
train639	递送 花费 怎么 算 呀	21
train640	寄给 证件 廉价 么	21
train641	快递 费用 极高 么	21
train642	Pardosa 取证 收费 准则	21
train643	收件 身份证件 贵不贵 呀	21
train644	寄发 身份证 价格 标准	21
train645	游戏 费用 怎么 输 啊	21
train651	投递 取证 低价 么	21
train652	游戏 经费 怎么 可知 的	21
train653	收件 证件 怎么 付费	21
train654	寄送 费用 怎么 而今 呀	21
train655	速递 取证 怎么 不算	21
train656	递送 支出 怎么 算	21
train657	怎么 费率 怎么 而今	21
train658	快递 通行证 车资 标准	21
train659	新 武器 额度 多少	21
