train5	是 个 工 作 日 怎 么 算 呀	0
train6	七 十 五 工 作 日 计 算 的	0
train7	什 么 时 候 国 家 备 案 人 员	0
train8	有 偿 服 务 的 意 思 是 什 么	0
train9	全 部 关 系 证 明 是 什 么	0
train10	什 么 是 国 家 备 案 人 员 啊	0
train11	是 国 家 备 案 证 呀	0
train12	什 么 是 国 家 备 案 人 员 呀	0
train13	嗯 七 个 工 作 日 怎 么	0
train14	肩 负 关 系 证 明 是 什 么 呀	0
train15	国 家 队 呀 元 是 什 么 意 思	0
train16	什 么 是 国 家 这 样 人 呀	0
train17	就 逃 服 务 啥 意 思	0
train18	是 个 工 作 日 如 何 计 算 的	0
train19	什 么 是 牵 住 呢	0
train20	下 一 个 工 作 是 怎 么 算 的 呀	0
train21	清 楚 是 什 么 意 思 呀	0
train22	七 个 工 作 日	0
train23	有 偿 服 务 是 啥 意 思	0
train24	全 就 是 什 么 意 思	0
train25	你 好 我 想 了 解 一 下 在 网 上 签 注 港 澳 通 行 证 然 后 说 我 证 件 不 符 合 网 签 条 件 是 什 么 意 思	0
train26	什 么 是 国 家 必 然 人 员 呀	0
train32	您 好 请 问 我 是 外 地 户 口 必 须 要 到 市 局 办 证 厅 办 理 吗	1
train33	我 在 渝 中 区 在 哪 里 办 理 比 较 轻	1
train34	如 果 可 以 对 办 理 地 点 有 无 限 制	1
train35	请 问 遂 宁 办 理 的 港 澳 通 行 证 续 签 在 成 都 哪 里 可 以 续 签 我 是 本 子 的 通 行 证	1
train36	我 户 口 在 山 西 港 澳 通 行 证 需 要 续 签 请 问 在 成 都 可 以 办 理 吗 需 要 什 么 材 料 到 哪 里 去 办 理 谢 谢	1
train37	我 在 渝 北 区 在 哪 里 把 你 比 较 新	1
train38	我 在 江 北 区 在 哪 里 办 理 比 较	1
train39	可 以 到 高 新 区 出 入 境 大 厅 办 理 吗	1
train40	你 水 区 办 理 地 址 在 哪 里	1
train41	重 庆 市 户 口 办 理 港 澳 通 行 证 新 鲜 可 以 在 哪 里 自 助 办 理	1
train42	请 问 双 流 户 口 必 须 去 双 流 分 局 办 理 港 澳 通 行 证 吗 可 以 去 高 新 区 或 者 天 府 新 区 办 不	1
train43	重 新 户 口 办 港 澳 通 行 证 在 哪 里 办	1
train44	在 哪 儿 办 谢 谢	1
train45	我 在 渝 北 区 在 哪 里 办 理 的 条 件	1
train46	港 澳 通 行 证 快 到 期 了 在 高 新 区 办 证 中 心 出 入 境 接 待 大 厅 天 府 一 期 那 个 可 否 办 理	1
train47	一 北 区 的 办 理 地 址 在 哪 里	1
train48	我 在 哪 里 办 理 短 信	1
train49	你 好 请 问 高 新 区 户 口 的 港 澳 通 行 证 办 理 地 点 是 在 哪 里 户 口 是 高 新 区 荣 华 南 路 的	1
train50	恩 好 的 为 您 办 理 地 址 在 哪 里 呢	1
train51	我 以 前 是 雅 安 户 口 在 雅 安 办 理 了 港 澳 通 行 证 现 在 签 注 已 经 过 期 了 户 口 也 转 到 了 成 都 续 签 该 在 哪 里 办 理 呢	1
train52	户 口 是 高 新 区 集 体 户 办 港 澳 台 通 行 证 必 须 去 高 新 区 的 出 入 境 大 厅 办 理 还 是 在 成 都 市 内 任 意 一 区 就 可 以 办 理 呢	1
train53	办 理 港 澳 再 次 签 注 的 自 助 网 点 有 哪 些	1
train59	去 澳 门 耍 办 理 费 用 是 否 要 很 多 钱	2
train60	办 港 澳 通 行 证 好 多 钱	2
train61	办 签 证 需 要 多 少 钱 呀	2
train62	办 签 证 需 要 多 少 钱 呀	2
train63	办 一 个 签 证 多 少 钱	2
train64	去 澳 门 耍 一 次 要 好 多 钱	2
train65	多 少 钱	2
train66	港 澳 通 行 证 好 多 钱	2
train67	是 否 很 贵	2
train68	成 都 武 侯 区 户 口 港 澳 通 行 证 跟 换 多 少 钱 几 个 工 作 日 可 以 取 希 望 尽 快 电 话 回 复 一 声 谢 谢 谢 谢	2
train69	办 护 照 和 港 澳 通 行 证 分 别 需 要 多 少 钱 呢	2
train70	香 港 旅 游 办 理 证 件 费 用 是 好 多	2
train71	喂 你 好 三 签 证 需 要 多 少 钱	2
train72	他 办 理 港 澳 通 行 证 的 费 用 是 多 少	2
train73	港 澳 通 行 证 过 期 重 新 办 理 怎 么 样 收 费	2
train74	转 签 证 需 要 多 少 钱 啊	2
train75	香 港 玩 的 话 办 理 证 件 费 用 是 好 多	2
train76	办 证 多 少 钱	2
train77	证 件 办 理 要 多 少 钱	2
train78	二 次 赴 港 办 理 港 澳 签 证 需 要 多 少 天 工 本 费 是 多 少 需 要 带 哪 些 资 料 如 果 在 四 川 办 理 的 港 澳 通 行 证 在 广 东 能 出 境 吗	2
train79	办 签 证 要 多 少 钱 呀	2
train85	我 女 儿 没 有 上 小 学 可 以 办 理 不	3
train86	读 书 娃 儿 可 以 办 不	3
train87	我 爷 爷 可 以 办 理 不	3
train88	有 没 有 办 理 年 龄 要 求	3
train89	对 办 理 的 年 利 有 何 要 求	3
train90	我 爸 可 以 办 理 么	3
train91	年 龄 有 限 制 没 有	3
train92	小 朋 友 可 以 办 不	3
train93	学 生 可 以 办 理 吗	3
train94	没 满 1 6 岁 能 办 理 么	3
train95	读 大 学 可 以 办 理 港 澳 通 行 证 不	3
train96	办 理 年 龄 要 求 的 要 求 是 什 么	3
train97	读 初 中 可 以 办 理 港 澳 通 行 证 不	3
train98	你 买 十 六 岁	3
train99	小 孩 可 以 办 理 么	3
train100	有 没 有 年 龄 要 求	3
train101	没 有 满 十 六 岁	3
train102	小 朋 友 是 否 能 出 行	3
train103	年 龄 太 大 是 不 是 没 办 法 办 理	3
train104	办 理 年 龄 要 求 是 多 少 岁	3
train105	高 中 生 可 以 办 理 吗	3
train112	本 人 阿 坝 州 人 满 足 在 成 都 办 理 护 照 的 条 件 7 月 2 9 日 在 出 入 境 管 理 处 办 理 的 护 照 港 澳 台 通 行 证 最 快 多 久 能 拿 到 证 件	4
train113	港 澳 通 行 证 已 办 理 很 久 一 直 没 收 到 消 息 也 没 拿 到 证 件	4
train114	办 理 时 间 长 吗	4
train115	请 问 我 已 经 拿 到 了 港 澳 台 通 行 证 但 是 还 没 有 办 理 过 签 注 请 问 首 次 办 理 签 注 一 年 两 次 几 天 可 以 签 下 来 办 理 方 式 是 什 么 呢 谢 谢	4
train116	办 理 需 要 多 久	4
train117	配 偶 和 小 孩 均 北 京 户 口 已 在 北 京 办 港 澳 通 行 证 但 已 过 期 需 要 续 签 请 问 在 成 都 办 理 最 快 多 久 能 拿 到	4
train118	在 成 都 上 学 但 是 户 口 是 省 外 的 急 办 港 澳 通 行 证 学 校 开 了 证 明 现 在 预 约 了 1 2 1 7 的 办 理 请 问 可 不 可 能 在 月 底 3 1 号 前 拿 到 呢	4
train119	港 澳 通 行 证 遗 失 怎 么 补 办 需 要 多 久	4
train120	我 的 港 澳 通 行 证 到 期 了 户 口 是 成 都 本 地 的 请 问 重 新 办 理 需 要 多 长 时 间	4
train121	请 问 2 0 1 5 年 9 月 2 7 号 申 请 的 港 澳 在 线 二 次 签 注 什 么 时 候 可 以 领 取 已 经 付 款 但 是 没 有 收 到 相 关 短 信 不 知 道 是 否 在 进 行 中	4
train122	请 问 现 在 想 办 理 港 澳 通 行 证 年 前 能 拿 到 吗	4
train123	请 问 港 澳 签 注 续 签 需 要 多 少 工 作 日	4
train124	办 理 港 澳 通 行 证 后 什 么 时 间 能 拿 到 呢	4
train125	你 好 请 问 港 澳 签 证 最 短 时 间 何 时 能 把 证 领 到 手 谢 谢	4
train126	已 经 办 理 的 时 间 多 久	4
train127	请 问 办 理 好 港 澳 通 行 证 签 注 需 要 多 长 时 间	4
train128	请 问 一 下 港 澳 通 行 证 需 要 几 天 呢	4
train129	请 问 港 澳 通 行 证 最 快 几 天 可 以 办 好	4
train130	时 间 需 要 多 久 谢 谢	4
train131	团 体 旅 游 港 澳 台 通 行 证 办 理 需 要 几 天	4
train132	你 好 我 1 0 1 6 号 办 的 通 行 证 2 2 号 我 查 询 怎 么 还 是 在 审 核 中 呢 给 我 的 回 执 单 上 面 写 的 是 2 5 号 之 前 就 可 以 寄 送 我 这	4
train133	你 好 我 是 外 地 户 口 可 以 在 成 都 办 理 港 澳 通 行 证 吗 大 概 好 久 可 以 拿 到	4
train134	您 好 我 于 上 月 1 5 日 申 办 的 护 照 及 港 澳 通 行 证 异 地 户 口 受 理 通 知 单 上 标 注 的 是 通 知 由 于 目 前 尚 未 接 到 任 何 领 取 通 知 故 想 咨 询 下 大 概 还 需 要 多 久 可 以 拿 到 护 照 十 分 感 谢	4
train135	2 2 号 收 到 短 信 通 知 领 取 港 澳 通 行 证 今 日 2 4 号 下 午 可 以 领 取 吗	4
train142	可 以 代 为 领 取 吗	5
train143	因 本 人 在 外 地 工 作 可 否 委 托 他 人 代 为 领 取 护 照 港 澳 通 行 证 等	5
train144	港 澳 通 行 证 他 人 帮 忙 领 取 的 话 需 要 哪 些 证 件 呢 上 班 时 间 实 在 走 不 开 谢 谢	5
train145	浜 镇 的 好 友 就 可 以 找 人 带 你 不	5
train146	代 领 手 续 怎 么 办 理	5
train147	帮 他 人 领 取 可 以 吗	5
train148	你 好 我 想 请 问 可 不 可 以 非 本 人 领 取 护 照 和 港 澳 通 行 证	5
train149	办 理 的 护 照 和 港 澳 通 行 证 请 家 人 代 领 需 要 带 什 么	5
train150	请 问 护 照 港 澳 通 行 证 及 往 来 台 湾 通 行 证 由 家 人 代 领 需 要 哪 些 材 料	5
train151	我 老 婆 在 网 上 申 请 的 港 澳 通 行 证 二 次 签 证 我 能 代 替 她 去 现 场 拿 证 吗 需 要 代 什 么 证 件	5
train152	港 澳 通 行 证 可 以 代 领 吗 只 有 身 份 证 照 片 和 回 执 单 照 片	5
train153	请 问 领 护 照 和 港 澳 通 行 证 时 可 否 不 用 本 人 来 领 代 办 人 都 需 要 什 么 证 件	5
train154	证 办 好 以 后 可 不 可 以 找 人 代 理 啊	5
train155	通 过 蓉 城 e 申 请 的 港 澳 通 行 证 加 注 可 以 他 人 去 蓉 城 e 窗 口 代 领 取 么	5
train156	港 澳 通 行 证 已 经 办 理 完 成 办 理 时 选 择 自 取 由 于 本 人 临 时 出 差 时 间 较 长 但 证 件 急 用 可 否 由 家 人 用 户 口 本 和 回 执 代 领 谢 谢	5
train157	证 办 好 以 后 可 以 找 代 理 啵	5
train158	可 以 他 人 代 领 吗	5
train159	您 好 我 已 收 到 证 件 办 理 完 成 的 信 息 自 取 请 问 别 人 可 否 持 我 的 领 取 回 执 单 代 领 普 通 护 照 港 澳 台 通 行 证 谢 谢	5
train160	你 好 我 之 前 在 天 府 广 场 出 入 境 办 证 大 厅 办 理 了 港 澳 通 行 证 现 在 提 示 可 领 取 但 是 人 不 在 成 都 请 问 是 否 可 以 让 人 代 领 如 果 可 以 的 话 需 要 什 么 材 料 呢 谢 谢	5
train161	代 领 的 话 要 哪 些 资 料	5
train162	找 妈 妈 代 领	5
train163	港 澳 通 行 证 能 不 能 请 人 代 领	5
train164	港 澳 通 行 证 办 理 再 次 签 注 后 可 不 可 以 让 其 他 人 代 拿	5
train165	上 个 月 在 成 都 市 出 入 境 中 心 办 理 港 澳 通 行 证 现 在 让 人 带 领 除 了 给 他 回 执 单 还 需 要 其 他 证 明 吗	5
train166	是 否 可 以 让 他 人 代 领 办 好 的 护 照 和 港 澳 通 行 证 或 者 代 领 要 带 什 么 手 续	5
train167	证 办 好 以 后 可 以 找 人 代 领 扣	5
train168	现 在 好 以 后 可 以 找 人 带 你 们	5
train175	可 以 在 香 港 玩 多 久	6
train176	你 好 请 问 一 下 港 澳 通 行 证 首 次 申 领 后 的 第 一 年 是 不 是 不 用 办 理 签 证 可 以 往 返 港 澳 两 次	6
train177	港 澳 通 行 证 可 以 在 香 港 的 多 久	6
train178	请 问 港 澳 通 行 证 怎 么 查 看 牵 着 时 间	6
train179	恩 好 通 行 证 可 以 在 香 港 的 多 久	6
train180	护 照 和 港 澳 台 通 行 证 的 有 效 期 分 别 是 多 少 呢	6
train181	可 以 去 香 港 几 次	6
train182	高 不 用 用 可 以 在 香 港 待 多 久 啊	6
train183	香 港 可 以 去 几 次	6
train184	逗 留 时 间 有 限 制 么	6
train185	请 问 办 理 港 澳 通 行 证 可 以 办 理 多 次 吗	6
train186	行 程 是 国 外 香 港 澳 门 内 地 请 问 需 要 几 次 港 澳 签 注	6
train187	澳 门 可 以 去 几 次	6
train188	最 长 可 以 呆 多 长 时 间	6
train189	能 出 关 几 次	6
train190	能 逗 留 多 长 时 间 呢	6
train191	可 以 去 几 次	6
train192	打 通 行 证 可 以 在 香 港 带 多 少	6
train193	也 可 以 在 香 港 玩 多 久	6
train194	港 澳 通 行 证 可 以 在 香 港 待 多 久	6
train195	港 澳 通 行 证 L 签 和 G 签 都 可 以 一 周 内 2 次 往 返 香 港 吗	6
train196	你 好 w 开 头 的 港 澳 通 行 证 一 年 内 能 去 几 次 澳 门 中 间 再 去 澳 门 有 无 时 间 间 隔 的 要 求 谢 谢	6
train197	请 问 澳 门 两 次 签 注 需 要 间 隔 多 久 在 异 地 是 否 也 可 以 进 行 第 二 次 签 注	6
train198	请 问 一 下 我 从 内 地 到 香 港 往 返 期 间 如 果 要 去 澳 门 一 次 的 话 香 港 签 注 办 理 一 次 往 返 就 可 以 了 吗 我 在 港 澳 一 共 停 留 5 天	6
train205	支 付 宝 支 付 得 行 不	7
train206	可 以 支 付 宝 支 付 吗	7
train207	办 港 澳 通 行 证 费 用 可 以 现 金 支 付 或 者 微 信 支 付 吗	7
train208	支 持 微 信 支 付 吗	7
train209	可 以 微 信 支 付 吗	7
train210	你 微 信 付 款 不	7
train211	支 持 威 信 付 款 过	7
train212	可 以 威 信 付 款 吗	7
train213	支 付 威 信 付 款 啵	7
train214	支 持 威 信	7
train215	现 金 支 付 得 行 吗	7
train216	就 是 不 支 持 威 信 付 款	7
train217	支 付	7
train218	可 以 银 行 卡 支 付 吗	7
train219	可 以 现 金 付 费 不	7
train220	银 行 卡 可 以 付 款 不	7
train221	人 在 外 地 已 经 办 过 证 了 再 签 的 话 怎 么 付 款 呢	7
train222	可 以 现 金 支 付 吗	7
train223	没 有 钱 怎 么 办	7
train224	银 行 卡 可 以 付 款 吗	7
train225	非 用 现 金 缴 费 不 可 么	7
train226	你 们 这 可 以 威 信 付 款 吗	7
train227	非 得 用 现 金 支 付 啊	7
train228	现 金 支 付 应 该 也 是 可 以 的 吧 毕 竟 拒 收 现 金 是 违 法 的 鸭 l t a h r e f n 重 庆 公 安 出 入 境 g t 重 庆 公 安 出 入 境 l t a g t	7
train233	哦 好 的 好 的	8
train234	怎 么 投 啊 我 是 真 的 觉 得 你 们 很 不 错 啊	8
train235	好 的 没 有 了	8
train236	好 的	8
train237	恭 喜	8
train238	好 的 吧	8
train239	啊	8
train240	没 有 了	8
train241	然 后	8
train242	出 入 境 微 博 越 做 越 好 了 加 油	8
train243	嗯 哼	8
train244	没 关 系	8
train245	嗯 了 解	8
train246	好 的 好 的 好 的	8
train247	明 白	8
train248	今 天 去 日 月 光 广 场 分 理 处 办 理 港 澳 通 行 证 太 便 捷 高 效 啦 为 我 大 重 庆 的 出 入 境 管 理 点 赞	8
train249	不 知 道	8
train250	不 清 楚	8
train251	不 是 太 清 楚	8
train252	还 是 需 要 回 复 和 所 在 地 自 己 倾 注 谢 谢	8
train258	取 证 件 可 以 不 带 身 份 证 吗	9
train259	小 孩 没 有 身 份 证 办 理 港 澳 通 行 证 与 护 照 的 回 执 现 已 丢 失 怎 样 能 领 取 谢 谢	9
train260	你 好 在 成 都 成 华 区 公 安 入 境 大 厅 办 理 的 护 照 和 港 澳 通 行 证 的 回 执 单 掉 了 怎 么 办	9
train261	领 取 护 照 和 港 澳 通 行 证 以 及 台 湾 证 的 单 子 丢 失 了 怎 么 办	9
train262	您 好 我 办 理 完 港 澳 通 行 证 把 凭 证 弄 丢 了 本 来 以 为 是 选 的 寄 送 服 务 现 在 发 现 不 是 人 不 在 成 都 我 现 在 怎 么 拿 到 证 件 呢	9
train263	你 好 我 办 理 了 港 澳 签 证 现 遗 失 了 回 执 单 请 问 怎 么 取 签 证 呢 谢 谢	9
train264	你 好 请 问 我 去 年 九 月 办 的 港 澳 通 行 证 现 在 找 不 到 那 些 单 子 了 可 以 直 接 凭 身 份 证 取 吗 谢 谢	9
train265	办 理 港 澳 通 行 证 是 我 选 择 了 邮 寄 但 我 现 在 又 想 自 己 去 拿 可 以 吗	9
train266	办 理 港 澳 和 台 湾 通 行 的 回 执 单 掉 了 凭 身 份 证 可 以 取 吗	9
train267	我 于 6 月 1 日 在 成 都 市 金 牛 区 出 入 境 管 理 大 队 办 理 了 护 照 及 港 澳 台 通 行 证 现 在 由 于 在 外 地 工 作 同 时 也 过 了 在 网 上 邮 寄 的 时 间 了 请 问 怎 么 才 能 领 取 这 几 个 证 件	9
train268	你 好 请 问 有 办 理 护 照 及 港 澳 通 行 证 回 执 单 及 发 票 不 用 带 身 份 证 可 以 领 取 吗 中 午 1 2 点 至 1 点 可 以 领 取 吗	9
train269	请 问 一 下 办 理 港 澳 通 行 证 时 候 领 证 的 回 执 单 掉 了 怎 么 处 理	9
train270	领 证 有 几 种 方 式	9
train271	护 照 和 港 澳 通 行 证 选 择 的 是 E M S 邮 寄 办 理 完 成 后 是 不 是 不 需 要 拿 身 份 证 和 回 执 单 去 出 入 境 部 门 领 取 证 件 直 接 邮 寄 到 填 写 的 地 址	9
train272	已 经 在 成 都 出 入 境 办 理 了 港 澳 通 行 证 去 取 的 时 候 需 要 带 什 么 文 件 和 证 件 吗	9
train273	请 问 请 问 回 执 单 找 不 见 了 怎 么 办	9
train274	我 办 理 了 我 和 我 老 公 以 及 儿 子 2 岁 的 港 澳 通 行 证 进 度 查 询 了 可 以 取 证 请 问 去 取 证 的 时 候 只 需 要 带 回 执 还 是 回 执 和 身 份 证 都 要 带	9
train275	你 好 我 的 港 澳 通 行 证 签 注 出 来 了 但 是 我 的 回 执 单 掉 了 请 问 要 怎 么 样 才 能 拿 到 我 的 通 行 证 呢	9
train276	你 好 我 的 回 执 单 弄 丢 了 可 以 拿 身 份 证 去 拿 吗	9
train277	办 港 澳 通 行 证 的 回 执 单 掉 了 可 以 用 身 份 证 来 领 取 吗	9
train278	我 办 理 护 照 和 港 澳 通 行 证 的 回 执 单 不 慎 丢 了 但 收 费 票 据 还 在 请 问 怎 么 办	9
train279	请 问 可 以 拿 本 人 的 身 份 证 复 印 件 吗 因 为 取 证 那 几 天 本 人 不 在 重 庆	9
train289	哎 我 去 餐 厅	10
train290	你 看 你 怎 么 办	10
train291	喂 只 需 要 身 份 证 或 子	10
train292	一 满 十 六 岁	10
train293	非 常 坚 固 狗 重 新 再	10
train294	办 身 份 证 需 要 多 少 钱 啊	10
train295	啊 前 面 需 要 多 少 钱	10
train296	没 有 东 西 似 的	10
train297	那 你 需 要 多 少 钱 您	10
train298	成 都 市 内 出 了 顺 城 大 街 还 有 哪 里 可 以 办 护 照 我 的 位 置 在 机 场 附 近 还 有 照 片 可 不 可 以 直 接 使 用 之 前 港 澳 通 行 证 的 照 片	10
train299	请 问 北 碚 办 护 照 在 哪 里 办 需 要 带 什 么 证 件 办 理 大 约 需 要 多 少 钱	10
train300	回 去 干 就 是 和 你 这 个 呢	10
train301	港 澳 通 行 证 续 签 时 间	10
train302	成 都 高 新 户 籍 1 5 年 6 月 办 理 港 澳 通 行 证 一 直 未 使 用 今 年 1 2 月 底 准 备 去 香 港 通 行 证 需 要 二 次 签 注 吗	10
train303	非 成 都 户 口 办 理 港 澳 通 行 证 的 签 证 类 型 是 l 签 不 是 g 签 吗	10
train304	你 好 我 网 上 预 约 的 是 到 成 都 市 出 入 境 接 待 中 心 办 理 港 澳 同 行 证 续 签 但 想 去 金 牛 区 出 入 境 接 待 大 厅 办 理 不 知 可 否	10
train305	您 本	10
train306	港 澳 通 行 证 5 月 1 2 日 到 期 现 在 申 请 续 签 来 的 及 不 因 为 看 信 息 说 有 效 期 必 须 大 于 3 个 月	10
train307	嗯 嗯 好 的 我 是 现 役 军 人	10
train308	从	10
train309	游 戏 费 用 怎 么 退 呀	10
train310	我 在 江 北 区	10
train311	旅 游 县 镇	10
train312	由 于 近 期 户 口 重 原 籍 迁 移 到 成 都 那 在 原 户 口 所 在 地 办 理 护 照 港 澳 通 行 证 台 湾 通 行 证 是 否 需 要 更 换 原 来 的 护 照 港 澳 通 行 证 台 湾 通 行 证 是 否 可 以 继 续 正 常 使 用	10
train313	港 澳 签 证 是 L 签 签 发 地 是 四 川 可 以 从 成 都 直 飞 香 港 吗	10
train314	本 地 户 口 的 用 临 时 身 份 证 的 话 不 用 带 户 口 薄 吧	10
train315	去 台 湾 在 香 港 中 转 需 要 携 带 港 澳 通 行 证 吗	10
train316	我 是 大 陆 游 客 于 1 0 月 1 4 日 从 台 北 飞 成 都 中 途 经 停 香 港 1 1 小 时 想 去 香 港 逛 一 圈 有 台 湾 通 行 证 和 入 台 证 是 不 是 就 不 需 要 港 澳 通 行 证 了	10
train317	之 前 在 武 侯 区 出 入 境 中 心 办 理 了 护 照 和 港 澳 台 通 行 证 但 是 半 个 月 后 只 收 到 了 港 澳 台 通 行 证 可 以 领 取 的 通 知 短 信	10
train318	请 问 成 都 居 民 持 旅 游 港 澳 通 行 证 可 以 办 理 自 助 通 关 吗	10
train319	我 预 约 3 月 2 0 日 办 普 通 护 照 和 港 澳 签 证 不 知 道 是 否 成 功 再 预 约 不 起 了	10
train320	今 天 港 澳 签 注 网 络 界 面 无 法 提 交 内 容 错 乱 无 法 填 报 上 传	10
train321	警 官 您 好 我 想 请 问 一 下 港 澳 通 行 证 的 受 理 号 码 怎 么 查 询 呢	10
train322	如 何 查 询 谢 谢	10
train323	喂 你 见 可 不 可 以	10
train324	名 字 是 多 音 字 办 理 港 澳 通 行 证 是 拼 音 A	10
train325	港 澳 通 行 证 已 经 办 了 差 不 多 一 个 月 了 到 入 境 处 询 问 说 是 已 经 寄 出 去 了 但 是 现 在 还 没 收 到 没 有 回 执 单 也 不 能 查 到 进 程 想 知 道 快 递 单 号 因 为 明 天 的 飞 机 谢 谢	10
train326	刚 刚 在 网 上 签 注 的 港 澳 通 行 证 点 错 了 只 选 择 香 港 一 次 已 经 付 了 钱 能 不 能 修 改 哦 还 是 再 重 新 签 一 次	10
train327	您 好 我 想 问 下 我 今 天 刚 迁 好 户 口 落 户 重 庆 了 但 我 以 前 的 港 澳 通 行 证 是 L 签 我 需 要 来 大 厅 重 新 办 理 通 行 证 吗 还 有 护 照	10
train336	怎 么 办 理 港 澳 通 行 证 的	11
train337	港 澳 通 行 证 到 期 能 否 在 网 上 办 理 户 口 在 高 新 区 能 否 预 约 锦 江 区 办 理	11
train338	外 地 签 发 的 港 澳 通 行 证 目 前 户 口 在 成 都 如 何 办 理 加 签 注	11
train339	你 好 我 是 在 成 都 上 学 的 大 学 生 户 口 是 安 徽 的 能 不 能 办 理 港 澳 通 行 证 因 为 离 家 较 远 所 以 希 望 可 以 在 成 都 办 理	11
train340	您 好 我 于 2 0 1 3 年 在 成 都 上 大 学 时 在 成 都 办 理 了 港 澳 通 行 证 现 由 于 毕 业 户 口 已 迁 回 老 家 湖 南 请 问 如 办 理 港 澳 通 行 证 续 签 我 我 需 在 成 都 还 是 老 家 办 理 呢	11
train341	你 好 我 想 问 一 下 我 现 在 在 深 圳 办 理 港 澳 通 行 证 必 须 本 人 持 身 份 证 回 重 庆 办 吗	11
train342	你 好 请 问 省 内 异 地 可 以 在 成 都 申 请 办 理 港 澳 通 行 证 吗	11
train343	请 问 户 籍 所 在 地 在 自 贡 可 以 在 成 都 办 理 港 澳 通 行 证 吗	11
train344	孩 子 4 岁 需 要 办 理 护 照 父 母 及 孩 子 户 籍 都 是 山 东 是 否 能 在 成 都 办 理 护 照 及 港 澳 通 行 证	11
train345	你 好 我 在 成 都 办 的 港 澳 台 通 行 证 能 在 深 圳 办 理 签 注 手 续 吗	11
train346	请 问 外 地 身 份 证 能 在 成 都 办 理 港 澳 通 行 证 吗	11
train347	外 地 户 口 可 以 在 成 都 办 理 港 澳 通 行 证 吗	11
train348	外 地 户 口 可 以 在 成 都 异 地 办 理 护 照 以 及 港 澳 通 行 证 吗	11
train349	本 人 户 籍 所 在 地 位 四 川 省 宜 宾 市 现 在 成 都 工 作 没 有 居 住 证 只 有 身 份 证 和 护 照 可 否 异 地 办 理 港 澳 通 行 证	11
train350	省 内 异 地 户 口 已 经 办 理 港 澳 通 行 证 再 次 续 签 注 是 在 校 大 学 生 怎 么 办 理 呢 最 快 多 久 能 签 到 时 间 紧 迫	11
train351	你 好 我 的 户 口 在 深 圳 本 人 目 前 在 成 都 港 澳 通 行 证 过 期 且 丢 失 可 以 在 成 都 办 理 不	11
train352	身 份 证 是 都 江 堰 市 户 籍 可 以 在 成 都 市 办 理 港 澳 通 行 证 不	11
train353	你 好 我 是 资 阳 市 安 岳 县 户 籍 在 成 都 连 续 交 满 两 年 社 保 没 有 居 住 证 请 问 可 以 在 成 都 办 理 港 澳 通 行 证 的 签 注 吗	11
train354	户 口 在 绵 阳 在 成 都 读 书 首 次 办 理 港 澳 通 行 证 可 不 可 以 在 成 都 办	11
train355	请 问 港 澳 通 行 证 过 期 了 是 否 是 按 原 来 的 办 理 手 续 来 走 流 程	11
train356	你 好 我 在 达 州 办 理 的 港 澳 通 行 证 户 口 在 成 都 能 否 在 成 都 办 理 香 港 自 由 行 签 注	11
train357	黑 龙 江 户 口 没 有 居 住 证 可 以 在 成 都 异 地 办 理 港 澳 通 行 证 么	11
train358	请 问 我 需 要 到 香 港 处 理 有 应 该 怎 么 办 港 澳 通 行 证	11
train359	你 好 请 问 异 地 户 口 持 电 子 港 澳 通 行 证 有 效 期 内 如 何 签 注 今 年 签 注 已 过 期 在 重 庆 工 作 在 重 庆 办 的 港 澳 通 行 证	11
train360	你 好 我 是 宜 宾 户 口 需 要 续 签 港 澳 通 行 证 请 问 成 都 可 以 办 理 吗 需 要 什 么 手 续 具 体 位 置 在 哪 谢 谢	11
train361	外 地 户 口 嫁 到 重 庆 来 可 以 在 重 庆 办 吗	11
train362	我 的 港 澳 通 行 证 7 月 到 期 请 问 现 在 还 可 以 签 吗	11
train363	能 否 网 上 预 约 办 理	11
train364	成 都 首 次 办 理 港 澳 通 行 证 可 以 在 自 助 办 理 机 上 办 理 吗	11
train365	你 好 旧 通 行 证 办 过 签 注 换 的 新 港 澳 通 行 证 未 办 签 注 可 以 网 上 申 请 签 注 或 在 签 注 自 助 机 办 理 吗	11
train366	已 有 港 澳 通 行 证 户 籍 所 在 地 是 海 南 的 但 是 有 成 都 的 暂 住 证 可 以 在 本 市 办 理 旅 游 签 注 吗	11
train367	你 好 我 是 德 阳 地 区 的 户 口 港 澳 通 行 证 是 在 德 阳 办 的 现 在 有 成 都 的 居 住 证 请 问 可 以 用 原 来 的 通 行 证 在 成 都 办 理 香 港 个 人 旅 游 签 注 吗	11
train368	请 问 简 阳 户 口 现 在 在 成 都 办 了 港 澳 通 行 证 签 注 算 成 都 本 地 户 口 吗 可 以 办 个 人 游 签 注 吗	11
train374	我 户 口 是 四 川 遂 宁 的 请 问 网 上 不 能 预 约 周 六 办 理 港 澳 通 行 证 可 以 直 接 去 排 队 办 理 吗 我 看 网 上 有 说 你 们 周 六 会 安 排 延 时 服 务	12
train375	4 月 2 5 日 上 班 吗	12
train376	啥 时 候 可 以 办 理 手 续	12
train377	请 问 这 周 六 可 以 到 市 出 入 境 大 厅 办 理 港 澳 通 行 证 么	12
train378	成 都 出 入 境 办 证 大 厅 周 末 工 作 时 间 是 否 可 以 办 理 港 澳 通 行 证 签 证 呢	12
train379	办 证 时 间 是 周 几	12
train380	自 助 机 办 的 港 澳 签 注 清 明 节 可 以 领 吗	12
train381	网 上 申 请 的 港 澳 签 注 能 否 在 周 六 和 周 日 取 呢	12
train382	请 问 周 日 可 以 领 证 吗	12
train383	区 县 的 公 安 局 在 2 月 7 号 前 都 正 常 上 班 吗	12
train384	请 问 春 节 放 假 时 间 确 定 了 吗 办 港 澳 通 行 证 需 要 提 前 预 约 吗	12
train385	请 问 下 星 期 天 能 办 理 港 澳 通 行 证 吗	12
train386	请 问 国 庆 你 们 上 班 吗	12
train387	你 好 我 请 问 国 庆 期 间 自 助 柜 台 可 以 使 用 吗	12
train388	请 问 元 旦 期 间 可 不 可 以 自 助 办 理 护 照 港 澳 台 通 行 证 是 首 次 申 领 谢 谢	12
train389	周 末 是 双 休 么	12
train390	你 好 我 的 通 行 证 办 好 了 周 六 可 以 去 取 证 么 l t a h r e f n 重 庆 公 安 出 入 境 g t 重 庆 公 安 出 入 境 l t a g t	12
train391	你 们 哪 个 直 接 上 班 呀	12
train392	自 助 是 2 4 小 时 开 放 还 是 也 只 能 接 待 时 间	12
train393	秀 山 县 公 安 局 说 是 初 八 才 能 办 理 怎 么 回 事 啊	12
train394	请 问 出 入 境 大 厅 春 节 期 间 2 月 1 5 日 至 2 月 2 1 日 可 以 办 理 护 照 与 港 澳 通 行 证 及 签 注 吗	12
train395	您 好 我 是 成 都 户 口 想 办 理 港 澳 签 注 请 问 下 本 周 六 2 月 1 0 日 市 中 心 办 理 点 能 否 办 理	12
train396	周 末 营 业 吗	12
train397	周 末 可 不 可 以 取 护 照	12
train405	啊 对 啊	13
train406	啊 是 是	13
train407	是 是 是	13
train408	对 对 是 的	13
train409	哎 是	13
train410	哦 对 啊 是 咋 啦	13
train411	应 该 是 这 样 的	13
train412	喂 是 啊	13
train413	哦 对	13
train414	对 啊 干 嘛	13
train415	是	13
train416	对 呃 是	13
train417	啊 确 定 啊	13
train418	是 啊 干 什 么	13
train419	哦 是	13
train420	是 这 样	13
train421	啊 是 吧	13
train422	喔 对 怎 么 了	13
train423	对 对 对 对 对	13
train424	好 行	13
train425	哦 行 好 的	13
train426	可 以 可 以 可 以	13
train427	没 问 题 可 以	13
train428	哦 可 以 可 以 可 以	13
train429	好 可 以	13
train430	可 以 啊 可 以	13
train431	可 以 啊 我 现 在 的	13
train432	恩 可 以	13
train433	嗯 可 以 啊	13
train440	请 问 办 理 港 澳 通 行 证 能 加 急 吗 谢 谢	14
train441	加 急 办 理 港 澳 通 行 证 及 签 注	14
train442	您 好 成 都 户 口 港 澳 通 行 证 过 期 了 7 月 1 7 日 重 新 申 请 办 理 了 当 时 忘 了 问 取 证 时 间 后 发 现 取 证 时 间 来 不 及 了 请 问 还 能 重 新 申 请 加 急 吗	14
train443	请 问 港 澳 通 行 证 加 签 注 最 快 要 多 久 呢 因 为 比 较 急 能 否 加 钱 加 急 呢	14
train444	要 加 急	14
train445	您 好 我 想 问 一 下 首 次 办 理 港 澳 通 行 证 明 能 否 加 急	14
train446	请 问 办 理 港 澳 通 行 证 三 月 一 次 签 注 可 以 加 急 办 理 吗 怎 么 收 费 的	14
train447	有 没 有 加 急 业 务	14
train448	办 理 港 澳 通 行 证 回 执 单 写 的 8 月 3 1 日 领 取 由 于 赶 时 间 可 以 在 3 1 早 上 一 开 门 就 领 取 的 到 吗 还 是 要 下 午 呀 能 否 加 急 呢	14
train449	我 是 一 名 藏 族 参 加 了 保 险 公 司 组 织 的 港 澳 游 可 出 行 证 一 直 没 下 来 旅 行 社 那 边 马 上 要 出 发 了 要 我 赔 违 约 金 我 想 问 可 以 加 急 办 理	14
train450	请 问 首 次 办 理 港 澳 通 行 证 门 申 请 加 急 么	14
train451	我 是 6 号 去 办 理 的 港 澳 通 行 证 然 后 现 在 1 8 要 去 香 港 请 问 一 下 可 以 加 急 吗 跪 求	14
train452	可 以 加 急 不	14
train453	有 没 有 加 急 这 个 服 务	14
train454	请 问 我 们 1 2 月 1 4 日 到 香 港 没 有 办 过 港 澳 通 行 证 第 一 次 办 理 请 问 办 理 可 以 加 急 办 理 吗	14
train455	没 有 能 不 能 加 急 啊	14
train456	能 加 急 处 理 吗	14
train457	春 节 前 还 能 加 急 办 理 港 澳 通 行 证 吗	14
train458	能 否 加 急 办 理 港 澳 通 行 证 及 签 注	14
train459	成 都 本 地 户 口 港 澳 通 行 证 首 次 办 理 申 请 提 交 审 批 中 是 否 能 申 请 加 急	14
train460	请 问 更 换 港 澳 通 行 证 可 以 加 急 吗	14
train461	可 以 办 加 急 吗 因 为 下 周 就 要 过 关 了	14
train462	首 次 办 理 港 澳 通 行 证 可 以 加 急 吗	14
train463	能 加 急 么	14
train464	4 月 6 日 新 办 港 澳 证 巳 通 知 受 理 想 办 急 件 尽 快 取 件 行 吗 一	14
train470	港 澳 通 行 证 需 要 带 的 资 料	15
train471	需 要 哪 些 材 料	15
train472	持 有 本 式 往 来 港 澳 通 行 证 但 未 持 有 有 效 签 注 的 也 可 以 申 请 换 发 电 子 往 来 港 澳 通 行 证 需 要 带 什 么 证 件	15
train473	在 成 都 工 作 需 要 办 理 港 澳 通 行 证 户 口 所 在 地 为 德 阳 在 成 都 办 理 需 要 提 交 哪 些 资 料 在 哪 里 进 行 办 理 多 久 可 以 拿 到	15
train474	省 内 异 地 大 学 生 办 理 港 澳 通 行 证 需 准 备 什 么 资 料	15
train475	广 安 户 口 成 都 就 业 无 社 保 请 问 需 要 什 么 材 料 可 以 在 成 都 办 理 港 澳 通 行 证 和 港 澳 签 注	15
train476	本 人 为 成 都 市 户 口 现 有 港 澳 通 行 证 小 本 子 式 在 有 效 期 内 咨 询 申 请 港 澳 通 行 证 小 本 子 式 换 为 卡 片 式 需 要 哪 些 办 理 材 料	15
train477	您 好 我 是 阿 坝 州 的 户 口 在 成 都 读 大 学 办 理 港 澳 通 行 证 续 签 需 要 携 带 哪 些 材 料 啊 谢 谢	15
train478	您 好 我 是 成 都 在 校 大 学 生 户 口 在 学 校 想 办 理 港 澳 通 行 证 到 香 港 读 书 请 问 需 要 带 什 么 证 件 去 办 理	15
train479	我 老 公 是 绵 阳 户 口 没 有 办 理 居 住 证 但 我 是 成 都 户 口 请 问 他 办 理 港 澳 通 行 证 需 要 带 哪 些 手 续	15
train480	我 是 河 北 人 在 四 川 读 大 学 办 理 港 澳 台 通 行 证 需 要 什 么 资 料 户 口 簿 没 在 身 上 在 家 那 边 可 以 办 理 吗	15
train481	之 前 是 绵 阳 户 口 现 在 落 户 到 龙 泉 驿 更 换 港 澳 通 行 证 需 要 带 什 么 证 件	15
train482	请 问 我 已 经 持 有 在 成 都 办 理 的 港 澳 通 行 证 本 省 外 市 户 口 但 没 有 办 理 过 签 注 现 在 办 理 首 次 签 注 需 要 什 么 材 料 和 流 程 是 什 么 以 及 办 理 时 间	15
train483	外 省 户 籍 成 都 市 在 校 大 学 生 请 问 办 理 港 澳 续 签 需 要 哪 些 材 料	15
train484	你 好 在 成 都 有 工 作 配 偶 是 成 都 户 口 限 制 需 要 办 理 护 照 和 港 澳 通 行 证 需 要 什 么 材 料 呢 谢 谢	15
train485	本 人 目 前 在 广 州 无 法 回 户 口 所 在 地 成 都 办 理 澳 门 签 注 已 有 港 澳 通 行 证 是 否 可 以 委 托 他 人 帮 我 办 理 澳 门 签 注 如 果 可 以 请 问 需 要 哪 些 材 料	15
train486	港 澳 通 行 证 到 期 重 新 申 请 需 要 提 交 哪 些 资 料	15
train487	外 省 的 有 港 澳 通 行 证 没 有 签 注 如 果 要 办 签 注 需 要 什 么 资 料	15
train488	已 有 港 澳 通 行 证 请 问 办 理 港 澳 签 注 需 要 哪 些 资 料 在 哪 里 办 理 谢 谢	15
train489	港 澳 通 行 证 即 将 于 3 月 到 期 现 在 想 申 请 换 领 请 问 是 否 需 要 携 带 原 通 行 证	15
train490	成 都 本 地 户 口 办 理 港 澳 通 行 证 需 要 哪 些 资 料	15
train496	我 去 看 新 怎 么 办 理	16
train497	我 去 看 新 怎 么 办	16
train498	我 老 婆 是 香 港 居 民 我 有 港 澳 通 行 证 我 可 以 办 理 多 次 往 返 香 港 的 签 注 吗	16
train499	我 去 探 亲 怎 么 办	16
train500	去 看 清 怎 么 办 理	16
train501	手 机 我 去 看 清 怎 么 办 理	16
train502	昨 去 探 亲 怎 么 办 哩	16
train503	你 好 我 1 1 岁 女 儿 已 经 办 好 了 护 照 和 港 澳 通 行 证 打 算 这 月 底 去 香 港 探 亲 请 问 在 去 前 还 需 办 何 种 手 续 吗	16
train504	我 去 贪 心 怎 么 办 理	16
train505	用 那 个 东 西 我 去 看 清 怎 么 办 呢	16
train506	请 问 探 亲 证 续 签 可 以 不 带 户 口 本 吗	16
train507	重 庆 大 足 户 口 办 理 港 澳 通 行 证 出 国 留 学 可 以 在 成 都 办 理 吗	16
train508	我 去 探 亲	16
train509	探 亲 或 逗 留 怎 么 办 理	16
train510	喂 你 好 我 去 探 亲 怎 么 办 哩	16
train511	我 要 去 看 君 怎 么 办 理 啊	16
train512	我 去 探 亲 怎 么 办 哩	16
train513	我 去 烫 金 怎 么 办 理	16
train514	我 去 贪 心 怎 么 办 理 啊	16
train515	我 要 去 香 港 开 心 生 病 需 要 我 们 指 定	16
train516	我 要 去 香 港 灿 杏 顺 便 去 澳 门 制 定	16
train523	我 的 身 份 证 弄 丢 了 是 吗	17
train524	可 以 用 其 他 的 证 件 吗	17
train525	可 以 用 复 印 件 吗	17
train526	没 有 身 份 证 可 以 吗	17
train527	是 否 可 以 用 学 生 证	17
train528	那 可 不 可 以 用 学 生 证 办 理	17
train529	是 不 是 必 须 要 户 口 本	17
train530	那 可 不 可 以 用 护 照 办 理 呢	17
train531	身 份 证 弄 丢 了 怎 么 办	17
train532	我 想 咨 询 一 下 可 不 可 以 用 户 口 办 理 呢 没 有 身 份 证 成 年 人	17
train533	我 想 请 问 没 有 居 住 证 居 住 证 明 可 以 办 港 澳 第 二 次 签 注 吗	17
train534	因 为 办 理 身 份 证 的 时 间 有 点 长 我 可 以 先 用 临 时 身 份 证 办 理 港 澳 通 行 证 吗	17
train535	我 的 身 份 证 都 丢 了 怎 么 办	17
train536	户 口 本 得 行 不	17
train537	有 暂 住 证 可 以 申 请 港 澳 通 行 证 吗 旅 游 签 证	17
train538	请 问 身 份 证 丢 失 可 不 可 以 用 临 时 身 份 证 办 理 菲 律 宾 签 证 和 港 澳 通 行 证 到 期 换 证 业 务 谢 谢	17
train539	能 否 用 行 驶 证 军 人 证 社 保 卡 办 理	17
train540	请 问 异 地 户 口 交 满 一 年 的 社 保 没 居 住 证 只 有 一 个 暂 住 凭 证 能 办 理 港 澳 通 行 证 吗	17
train541	我 的 身 份 证 弄 丢 了	17
train542	有 其 他 证 件 替 代 身 份 证 可 以 不	17
train543	我 的 身 份 证 丢 失 了 办 了 临 时 身 份 证 请 问 可 以 用 临 时 身 份 证 可 以 办 理 港 澳 通 行 证 和 护 照 吗	17
train544	异 地 办 理 港 澳 通 行 证 必 须 要 户 口 本 原 件 吗 复 印 件 或 者 扫 描 件 可 以 吗	17
train545	出 生 证 明 可 以 吗	17
train546	请 问 我 都 江 堰 的 户 口 用 临 时 身 份 证 能 否 在 成 都 办 理 港 澳 台 通 行 证	17
train553	我 女 儿 的 港 澳 通 行 证 过 期 了 我 能 帮 她 代 办 吗	18
train554	老 人 在 北 京 想 去 港 澳 台 旅 行 可 否 代 办 签 注	18
train555	委 托 他 人 办 理 的 流 程 是 什 么	18
train556	想 问 一 下 香 港 清 楚 可 以 代 办 吗 谢 谢 了	18
train557	持 成 都 市 市 签 发 的 有 效 港 澳 通 行 证 再 次 申 请 个 人 旅 游 签 注 的 委 托 他 人 办 理 加 签 需 要 什 么 流 程 和 手 续	18
train558	本 人 在 外 地 户 口 在 成 都 申 请 港 澳 通 行 证 续 签 需 要 本 人 亲 自 办 理 吗	18
train559	你 好 我 是 成 都 的 户 口 现 在 在 外 地 上 学 我 的 港 澳 通 行 证 过 期 了 能 让 家 人 代 理 去 重 办 港 澳 通 行 证 吗	18
train560	我 可 以 委 托 我 附 近 帮 我 办 理 吗	18
train561	我 在 外 地 需 要 续 签 港 澳 通 行 证 需 要 我 本 人 回 来 续 签 吗 还 是 家 人 也 可 以 帮 忙 续 签	18
train562	港 澳 台 二 次 签 注 可 否 他 人 代 办	18
train563	我 本 人 出 差 在 珠 海 想 在 春 节 去 澳 门 旅 游 港 澳 通 行 证 在 成 都 可 以 请 人 在 成 都 帮 办 理 澳 门 的 签 注 么	18
train564	想 问 一 下 香 港 签 注 可 以 代 办 吗 谢 谢 了	18
train565	我 可 以 顺 便 给 我 小 孩 办 理 港 澳 通 讯	18
train566	请 问 本 市 户 口 港 澳 通 行 证 过 期 了 人 在 外 地 可 以 请 人 代 办 港 澳 通 行 证 并 办 理 签 证 么	18
train567	可 否 寻 求 他 人 办 理	18
train568	您 好 人 不 在 成 都 可 以 托 人 代 办 港 澳 通 行 证 吗	18
train569	你 好 我 的 港 澳 通 行 证 是 在 山 西 办 理 的 后 来 户 口 签 到 成 都 了 现 在 要 办 理 港 澳 通 行 证 签 注 证 件 在 有 效 期 内 可 以 找 人 代 办 签 注 吗	18
train570	港 澳 通 行 证 过 期 了 想 换 可 以 请 父 母 或 朋 友 帮 我 代 办 吗	18
train571	我 的 港 澳 通 行 证 签 注 时 间 过 期 了 我 人 在 外 地 看 之 前 的 留 言 说 是 可 以 请 人 持 我 的 通 行 证 重 新 签 注 请 问 还 需 要 我 本 人 的 身 份 证 吗	18
train572	成 都 市 户 籍 成 都 办 理 的 港 澳 通 行 证 人 在 外 地 请 他 人 代 办 续 签 可 以 吗	18
train573	我 的 港 澳 通 行 证 没 有 过 期 但 是 一 年 2 次 已 经 满 了 要 签 注 人 不 在 成 都 可 否 代 办	18
train574	我 可 以 顺 便 给 我 小 孩 这 里 港 澳 通 行 证 吗	18
train575	接 着 刚 才 的 问 题 我 在 外 地 委 托 他 人 代 办 港 澳 签 注 我 除 了 需 要 将 港 澳 通 行 证 寄 给 代 办 人 外 还 需 要 户 口 本 身 份 证 或 委 托 书 之 类 的 文 件 吗	18
train576	你 好 我 户 籍 在 成 都 因 异 地 工 作 原 因 港 澳 通 行 证 已 经 办 理 了 现 在 首 次 签 证 需 请 朋 友 在 成 都 代 办 请 问 需 要 什 么 资 料	18
train577	请 问 代 办 港 澳 通 行 签 注 需 本 人 的 委 托 书 吗	18
train583	你 好 请 问 铜 梁 港 澳 通 行 证 团 签 可 以 改 个 人 签 吗	19
train584	旅 游 签 证	19
train585	都 江 堰 户 口 办 港 澳 通 行 证 可 以 自 由 行 吗	19
train586	旅 游	19
train587	请 问 我 办 理 了 香 港 的 出 入 境 但 是 我 户 口 在 铜 梁 只 能 办 团 队 的 可 是 我 直 飞 机 票 都 买 好 了 不 能 退 请 问 可 以 改 成 个 人 的 么	19
train588	我 办 了 港 澳 通 行 证 但 是 只 签 注 了 香 港 的 现 在 想 签 注 澳 门 的 可 以 吗	19
train589	我 办 港 澳 通 行 证 是 申 报 的 种 类 是 个 人 怎 么 办 下 来 种 类 是 团 队 旅 游 啊	19
train590	持 有 成 都 市 居 住 证 办 理 港 澳 通 行 证 请 问 是 个 人 旅 游 签 还 是 团 队 旅 游 签	19
train591	请 问 有 港 澳 通 行 证 在 川 内 办 的 但 是 没 有 签 注 过 户 口 是 上 学 期 间 迁 到 成 都 的 能 签 个 人 游 吗	19
train592	办 理 港 澳 通 行 证 时 办 的 是 团 签 如 何 改 成 个 人 旅 游 签 注 呢 谢 谢	19
train593	请 问 下 綦 江 户 口 办 理 港 澳 通 行 证 只 能 办 旅 游 签 不 能 个 人 签 吗 不 能 直 飞 香 港 吗	19
train594	请 问 简 阳 户 口 可 以 办 理 赴 港 澳 个 人 旅 游 签 注 吗	19
train595	我 有 居 住 证 能 在 成 都 续 签 港 澳 通 行 证 签 注 吗 是 个 人 旅 游 签 注 还 是 团 队 旅 游 签 注	19
train596	我 老 婆 是 达 州 的 结 婚 之 前 她 在 达 州 当 地 办 理 了 护 照 港 澳 通 行 证 没 有 签 注 过 结 婚 后 户 口 迁 到 了 彭 州 请 问 她 如 果 去 香 港 自 由 行 需 要 什 么 手 续	19
train597	你 好 我 是 自 贡 户 口 在 成 都 有 居 住 证 在 成 都 办 理 的 港 澳 通 行 证 请 问 居 住 证 持 证 人 可 以 办 理 去 港 澳 的 个 人 自 由 行 签 注 吗 之 前 的 政 策 是 只 能 办 理 团 体 旅 游 签 注 谢 谢	19
train598	港 澳 通 行 证 四 川 宜 宾 市 高 县 那 边 默 认 的 种 类 是 团 队 旅 游 L 公 司 让 过 去 出 差 成 都 飞 香 港 请 问 能 在 成 都 出 入 境 哪 里 办 理 团 队 改 个 人 吗 急 急 急	19
train599	老 公 在 老 家 办 理 了 港 澳 通 行 证 签 注 只 能 做 L 团 签 现 在 户 口 迁 到 成 都 了 是 否 可 以 办 理 个 人 旅 游 签 注 需 要 什 么 手 续 谢 谢	19
train600	外 地 户 口 办 理 的 港 澳 通 行 证 种 类 是 团 队 旅 游 从 成 都 双 流 机 场 出 境 到 香 港 是 直 接 凭 港 澳 通 行 证 的 有 效 签 注 出 境 就 好 了 还 是 必 须 要 跟 旅 游 团 带 的	19
train601	为 什 么 不 回 答 我 的 问 题 我 都 问 了 三 次 了 我 港 澳 通 行 证 在 四 川 达 州 办 的 昨 天 在 成 都 签 注 的 从 成 都 直 飞 香 港 出 差 请 问 还 需 要 办 理 团 签 吗	19
train602	你 好 问 一 下 我 是 重 庆 的 办 理 的 港 澳 通 行 证 是 团 队 旅 游 L 是 不 是 必 须 只 有 跟 团 才 能 去	19
train603	我 在 重 庆 市 但 是 所 在 的 区 县 不 能 办 理 个 人 旅 游 在 主 城 可 以 办 理 吗	19
train604	户 口 是 凉 山 州 西 昌 市 港 澳 通 行 证 也 是 在 西 昌 办 的 现 在 办 理 了 成 都 的 居 住 证 港 澳 通 行 证 能 签 注 个 人 旅 游 G 吗 还 是 只 能 签 注 团 队 旅 游 L	19
train610	我 不 是 重 庆 的	20
train611	哎 不 是	20
train612	不 是 那	20
train613	不 可 以	20
train614	不 是	20
train615	不 对	20
train616	不 是 啊 啊	20
train617	我 说 不 是	20
train618	给 你 说 不 是	20
train619	不 是 首 次 那 里	20
train620	查 不 是	20
train621	哦 不 是	20
train622	没 有 啊	20
train623	没 对	20
train624	没 有 勒	20
train625	不 是 重 庆 户 籍	20
train626	没 有	20
train627	不 是 不 是 打 过 来	20
train628	没	20
train629	不 对 的	20
train630	没 有 啦	20
train636	快 递 证 件 便 宜 么	21
train637	同 城 快 递 多 少 钱	21
train638	邮 寄 签 注 收 费 标 准	21
train639	邮 寄 费 用 怎 么 算 呀	21
train640	邮 寄 证 件 便 宜 么	21
train641	快 递 费 用 高 么	21
train642	快 递 取 证 收 费 标 准	21
train643	邮 寄 证 件 贵 不 贵 呀	21
train644	邮 寄 证 件 价 格 标 准	21
train645	游 戏 费 用 怎 么 算 啊	21
train646	邮 寄 证 件 价 格	21
train647	邮 费	21
train648	快 递 取 证 不 便 宜 吧	21
train649	快 递 证 件 贵 不 贵 呀	21
train650	快 递 费 用 不 便 宜 吧	21
train651	快 递 取 证 便 宜 么	21
train652	游 戏 费 用 怎 么 算 的	21
train653	邮 寄 证 件 怎 么 收 费	21
train654	邮 寄 费 用 怎 么 算 呀	21
train655	快 递 取 证 怎 么 算	21
train656	邮 寄 费 用 怎 么 算	21
train657	怎 么 计 费 怎 么 算	21
train658	快 递 证 件 收 费 标 准	21
train659	武 器 费 用 多 少	21
train5	是 个 周 一 至 怎 么 计 呀	0
train6	七 十 五 周 日 算 的	0
train7	什 么 时 候 国 家 准 予 部 门	0
train8	有 偿 办 事 的 意 即 是 什 么	0
train9	全 部 彼 此 间 证 明 是 什 么	0
train10	什 么 是 发 达 国 家 备 案 执 法 人 员 啊	0
train11	是 国 内 备 案 证 呀	0
train12	什 么 是 国 家 所 备 案 人 员 呀	0
train13	嗯 七 个 周 日 怎 么	0
train14	重 任 联 系 证 明 是 什 么 呀	0
train15	德 国 队 呀 元 是 什 么 意 思	0
train16	什 么 是 国 际 组 织 这 样 人 呀	0
train17	就 逃 客 户 服 务 啥 意 思	0
train18	是 个 周 日 如 何 计 数 的	0
train19	什 么 是 牵 住 呢	0
train20	下 一 个 文 书 工 作 是 怎 么 可 知 的 呀	0
train21	确 实 是 什 么 字 面 呀	0
train22	七 个 准 时	0
train23	有 偿 服 务 是 啥 意 思	0
train24	都 就 是 什 么 意 思	0
train25	你 好 我 就 让 了 解 一 下 在 网 上 签 注 港 澳 居 民 身 份 证 然 后 说 我 准 行 证 不 具 备 网 签 条 件 是 什 么 意 思	0
train26	什 么 是 国 家 也 就 是 说 管 理 人 员 呀	0
train32	您 好 请 问 我 是 外 地 户 籍 不 必 要 到 市 局 办 证 厅 办 理 吗	1
train33	我 在 渝 中 区 在 哪 里 办 理 比 较 较 重	1
train34	如 果 可 以 对 办 理 处 有 都 将	1
train35	问 道 遂 宁 办 理 的 港 澳 通 行 证 续 签 在 成 都 哪 里 可 以 续 签 我 是 本 本 的 通 行 证	1
train36	我 户 口 在 山 西 澳 门 通 行 证 需 要 离 任 请 问 在 成 都 市 可 以 受 理 吗 需 要 什 么 材 料 到 哪 里 去 受 理 谢 谢	1
train37	我 在 遂 宁 在 哪 里 把 你 较 为 新	1
train38	我 在 江 北 在 哪 里 办 比 较	1
train39	可 以 到 高 新 区 出 入 境 门 厅 办 理 吗	1
train40	你 水 区 承 办 住 址 在 哪 里	1
train41	重 庆 市 户 数 办 理 粤 港 通 行 证 新 鲜 可 以 在 哪 里 自 助 办 理	1
train42	请 问 双 流 户 口 才 会 去 双 流 分 局 办 理 澳 门 地 区 通 行 证 吗 可 以 去 高 新 区 或 者 大 兴 县 新 区 不 收 不	1
train43	重 新 户 口 办 香 港 地 区 才 可 在 哪 里 办	1
train44	在 哪 儿 交 感 谢	1
train45	我 在 遂 宁 在 哪 里 提 出 申 请 的 条 件	1
train46	港 澳 通 行 证 快 到 期 了 在 高 新 区 办 证 中 心 出 入 境 接 待 大 厅 宛 平 一 期 那 个 可 否 办 理	1
train47	一 东 区 的 查 验 地 址 在 哪 里	1
train48	我 在 哪 里 承 办 来 电	1
train49	你 好 要 来 高 新 区 户 口 的 粤 港 通 行 证 办 理 所 在 位 置 是 在 哪 里 户 口 是 高 新 区 荣 华 二 路 的	1
train50	恩 好 的 为 您 查 验 定 址 在 哪 里 呢	1
train51	我 以 前 是 雅 安 户 口 在 雅 安 办 理 了 澳 门 证 件 现 在 入 境 已 经 过 期 了 户 口 也 转 到 了 重 庆 签 下 该 在 哪 里 办 理 呢	1
train52	缴 税 是 高 新 区 集 体 户 办 东 南 亚 地 区 通 行 证 必 须 去 高 新 区 的 出 入 境 大 厅 代 办 还 是 在 成 都 市 内 任 意 地 区 就 可 以 代 办 呢	1
train53	办 理 港 澳 最 终 入 境 的 自 助 网 点 有 哪 些	1
train59	去 澳 门 耍 核 发 开 支 是 否 要 很 多 钱	2
train60	筹 办 港 澳 地 区 通 行 证 好 多 钱	2
train61	复 居 留 证 需 要 多 少 钱 呀	2
train62	筹 办 入 境 签 证 需 要 多 少 钱 呀	2
train63	办 一 个 通 行 证 多 少 钱	2
train64	去 于 澳 门 耍 一 次 要 好 多 钱	2
train65	多 少 钱	2
train66	中 港 准 行 证 好 多 钱	2
train67	应 该 很 喜	2
train68	成 都 武 侯 区 户 口 港 澳 通 行 证 跟 换 多 少 钱 几 个 工 作 日 可 以 由 此 而 来 渴 望 尽 快 电 话 无 视 一 声 对 不 起 对 不 起	2
train69	办 身 分 证 和 港 澳 身 份 证 明 分 别 需 要 多 少 钱 呢	2
train70	香 港 旅 游 查 验 证 件 经 费 是 好 多	2
train71	喂 你 好 三 签 证 能 够 多 少 钱	2
train72	他 受 理 港 澳 通 关 的 费 用 是 多 少	2
train73	港 澳 身 份 证 明 过 期 重 新 办 理 怎 么 样 缴 费	2
train74	投 到 护 照 需 要 多 少 钱 啊	2
train75	澳 门 人 听 音 乐 的 话 办 理 证 件 费 用 是 好 多	2
train76	办 证 多 少 钱	2
train77	证 明 文 件 试 办 要 多 少 钱	2
train78	二 次 归 国 港 办 理 港 澳 签 证 能 够 多 少 天 工 本 费 是 多 少 能 够 带 哪 些 档 案 如 果 在 四 川 办 理 的 港 澳 通 行 证 在 粤 东 能 出 境 吗	2
train79	办 居 留 要 多 少 钱 呀	2
train85	我 母 亲 没 有 上 的 学 校 可 以 办 理 不	3
train86	学 习 娃 儿 可 以 不 收 不	3
train87	我 外 婆 可 以 查 验 不	3
train88	有 没 有 办 理 平 均 年 龄 限 制	3
train89	对 办 理 的 年 利 有 何 限 制	3
train90	我 爸 可 以 办 么	3
train91	岁 数 有 限 制 无 法	3
train92	孩 童 可 以 接 办 不	3
train93	的 学 生 可 以 查 验 吗	3
train94	没 满 1 6 岁 能 提 出 申 请 么	3
train95	读 过 大 学 可 以 试 办 港 澳 通 行 证 不	3
train96	办 理 平 均 年 龄 尽 快 的 尽 快 是 什 么	3
train97	读 初 中 可 以 查 验 新 马 通 行 证 不	3
train98	你 捡 十 六 岁	3
train99	孩 童 可 以 查 验 么	3
train100	有 没 有 年 岁 拒 绝	3
train101	没 有 到 十 六 岁	3
train102	小 学 生 是 否 能 巴 士 和	3
train103	年 龄 缘 故 大 是 不 是 没 自 行 办 理	3
train104	办 年 龄 承 诺 是 多 少 岁	3
train105	初 中 生 可 以 办 吗	3
train112	本 人 阿 坝 州 人 满 足 在 绵 阳 办 理 护 照 的 条 件 7 月 末 2 9 日 在 入 境 管 理 处 办 理 的 护 照 港 澳 台 居 民 身 份 证 最 快 多 久 能 摘 下 证 件	4
train113	港 澳 台 通 行 证 已 办 理 很 久 始 终 没 收 到 消 息 也 没 拿 到 证 件	4
train114	办 时 间 长 三 吗	4
train115	不 对 我 已 经 拿 到 了 港 澳 台 证 件 但 是 还 不 会 核 发 过 汇 票 不 对 首 次 核 发 汇 票 一 年 两 次 几 天 可 以 签 下 来 核 发 方 式 是 什 么 呢 昨 天	4
train116	试 办 能 够 多 久	4
train117	配 偶 和 小 孩 均 北 京 户 口 已 在 北 京 筹 办 新 马 通 行 证 但 已 过 期 并 不 需 要 续 签 却 说 在 成 都 办 理 最 快 多 久 能 拿 到	4
train118	在 成 都 上 学 但 是 户 口 是 省 外 的 急 办 港 澳 通 行 证 学 校 进 了 证 明 现 在 预 定 了 1 2 1 7 的 办 请 问 可 不 可 能 在 年 底 3 1 号 年 前 获 得 呢	4
train119	港 澳 出 入 境 遗 失 怎 么 补 办 需 要 多 久	4
train120	我 的 中 港 通 行 证 到 期 了 户 口 是 成 都 本 地 的 直 说 重 新 办 理 需 要 多 长 时 间	4
train121	请 问 2 0 1 5 年 9 月 末 2 7 号 申 请 的 港 澳 在 线 二 次 签 注 什 么 时 候 可 以 领 取 已 经 付 款 但 是 没 有 收 到 相 关 短 信 不 知 道 否 在 进 行 之 前	4
train122	请 问 现 在 想 办 理 港 澳 通 关 年 前 能 获 得 吗	4
train123	请 问 港 澳 入 境 续 签 需 要 多 少 工 作 日	4
train124	办 理 澳 门 人 通 行 证 后 什 么 等 待 时 间 能 拿 到 呢	4
train125	你 好 却 说 港 澳 绿 卡 最 短 时 间 何 时 能 把 证 领 到 手 谢 谢	4
train126	从 未 代 办 的 时 间 多 久	4
train127	请 问 办 理 好 港 澳 通 行 证 签 注 需 要 很 久	4
train128	却 说 一 下 港 澳 通 行 证 并 不 需 要 几 天 呢	4
train129	请 问 中 港 准 行 证 最 快 几 天 可 以 办 好	4
train130	时 间 必 需 多 久 感 谢	4
train131	团 体 旅 游 区 港 澳 台 证 件 办 理 需 要 几 天	4
train132	你 好 我 1 0 1 6 号 不 收 的 准 行 证 2 2 号 我 查 问 怎 么 还 是 在 查 核 中 呢 给 我 的 回 执 单 上 面 写 的 是 2 5 号 之 前 就 可 以 投 递 我 这	4
train133	你 好 我 是 外 地 户 口 可 以 在 成 都 试 办 港 澳 通 行 证 吗 大 概 好 久 可 以 领 到	4
train134	您 好 我 于 上 同 月 1 5 日 组 委 会 的 护 照 及 澳 门 地 区 通 行 证 异 地 户 数 受 理 通 知 单 上 标 示 出 的 是 通 知 由 于 目 前 尚 未 打 来 任 何 给 与 通 知 故 想 咨 询 下 大 概 还 须 要 多 久 可 以 拿 到 护 照 十 分 感 谢	4
train135	2 2 号 收 到 短 信 通 知 领 取 港 澳 居 民 身 份 证 如 今 2 4 号 下 午 可 以 领 取 吗	4
train142	可 以 交 由 索 取 吗	5
train143	因 本 人 在 外 地 工 作 可 否 委 托 他 人 代 为 领 取 准 行 证 港 澳 台 通 行 证 等	5
train144	港 澳 地 区 居 民 身 份 证 他 人 帮 忙 领 取 的 话 需 要 哪 些 证 件 呢 上 班 时 间 实 在 走 不 开 谢 谢	5
train145	浜 镇 的 好 朋 友 就 可 以 找 人 带 你 不	5
train146	代 取 手 续 怎 么 办	5
train147	表 哥 他 人 申 领 可 以 吗	5
train148	你 好 我 打 算 请 问 可 不 可 以 非 本 人 领 取 护 照 和 港 澳 身 份 证	5
train149	办 理 的 居 民 身 份 证 和 港 澳 通 行 证 请 家 人 代 领 须 要 带 什 么	5
train150	请 问 护 照 港 澳 通 行 证 及 出 入 台 湾 通 行 证 由 全 家 人 代 领 需 要 哪 些 材 料	5
train151	我 老 婆 在 网 路 上 申 请 人 的 港 澳 准 行 证 二 次 签 证 我 能 代 替 她 去 在 场 拿 证 吗 需 要 代 什 么 证 件	5
train152	香 港 地 区 通 行 证 可 以 代 取 吗 只 有 身 份 证 照 片 和 回 执 单 照 片	5
train153	请 问 领 身 份 证 明 和 港 澳 通 行 证 时 可 否 不 用 本 人 来 领 代 办 人 都 需 要 什 么 身 分 证	5
train154	实 有 刻 不 容 缓 以 后 可 不 可 以 找 人 代 理 啊	5
train155	通 过 蓉 城 e 注 册 的 港 澳 通 行 证 加 注 可 以 他 人 去 蓉 城 e 取 票 厅 代 领 取 么	5
train156	港 澳 台 居 民 身 份 证 已 经 办 理 完 成 办 理 时 选 项 奈 何 由 于 本 人 临 时 出 差 星 期 较 长 但 证 件 急 用 可 否 由 全 家 人 用 户 口 本 和 回 执 代 领 谢 谢	5
train157	证 办 好 以 前 可 以 找 代 理 人 啵	5
train158	可 以 他 人 代 取 吗	5
train159	您 好 我 已 收 到 证 件 办 理 完 成 的 反 馈 消 息 请 问 别 人 可 否 持 我 的 发 放 回 执 单 代 领 普 通 护 照 港 澳 台 通 关 谢 谢	5
train160	爱 我 之 前 在 天 府 广 场 跨 境 办 证 走 道 办 理 了 港 澳 通 行 证 过 去 提 示 可 领 取 但 是 人 亦 然 成 都 请 问 是 否 是 可 以 让 人 代 领 如 果 可 以 的 话 须 要 什 么 材 料 呢 谢 谢	5
train161	代 取 的 话 要 哪 些 详 细 资 料	5
train162	去 找 妈 妈 于 是 从	5
train163	香 港 地 区 通 行 证 能 不 能 请 人 舅 舅	5
train164	港 澳 通 行 证 承 办 再 次 签 注 后 可 不 可 以 让 其 他 人 代 拿	5
train165	上 个 月 在 成 都 市 出 入 境 的 中 心 代 办 港 澳 通 行 证 现 在 让 人 带 领 除 了 给 他 回 执 单 还 需 要 其 他 确 实 吗	5
train166	是 否 可 以 让 他 人 代 取 办 好 的 护 照 和 港 澳 准 行 证 或 者 代 取 要 带 什 么 手 续	5
train167	释 办 好 以 后 可 以 找 人 代 领 扣	5
train168	如 今 好 自 此 可 以 找 人 带 你 们	5
train175	可 以 在 香 港 碰 多 久	6
train176	你 好 直 说 一 下 港 澳 通 行 证 首 次 申 领 后 的 第 一 年 是 不 是 不 能 办 理 居 留 可 以 往 返 港 澳 两 次	6
train177	中 港 通 行 证 可 以 在 中 港 的 多 久	6
train178	却 说 港 澳 通 行 证 怎 么 查 询 牵 着 时 间	6
train179	恩 好 通 关 可 以 在 香 港 地 区 的 多 久	6
train180	居 民 身 份 证 和 港 澳 台 通 行 证 的 限 分 别 是 多 少 呢	6
train181	可 以 去 澳 门 人 几 次	6
train182	颇 高 不 须 用 可 以 在 香 港 待 多 久 啊	6
train183	香 港 可 以 去 几 次	6
train184	逗 留 时 间 有 限 制 么	6
train185	要 来 兼 办 港 澳 通 行 证 可 以 兼 办 多 次 吗	6
train186	行 程 是 国 外 香 港 澳 门 港 澳 地 区 请 问 需 要 几 次 澳 门 地 区 签 注	6
train187	澳 门 行 政 区 政 府 可 以 去 几 次	6
train188	长 达 可 以 跟 着 多 长 时 间	6
train189	能 入 京 几 次	6
train190	能 过 夜 太 久 呢	6
train191	可 以 去 几 次	6
train192	打 身 份 证 件 可 以 在 港 台 带 多 少	6
train193	也 可 以 在 澳 门 把 玩 多 久	6
train194	港 澳 才 可 可 以 在 港 澳 待 多 久	6
train195	港 澳 准 行 证 L 签 和 G 签 都 可 以 一 周 内 2 次 往 返 香 港 地 区 吗	6
train196	你 好 w 开 头 的 港 澳 地 区 通 行 证 一 年 内 能 去 几 次 澳 门 中 间 再 去 澳 门 有 无 时 间 间 隔 的 要 求 明 天	6
train197	请 问 澳 门 两 次 签 注 需 要 隔 多 久 在 异 地 是 否 也 可 以 进 行 第 二 次 签 注	6
train198	要 来 一 下 我 从 华 南 地 区 到 香 港 途 经 期 间 如 果 要 去 澳 门 一 次 的 话 香 港 汇 票 办 理 一 次 途 经 就 可 以 了 吗 我 在 港 澳 一 共 返 程 5 天	6
train205	阿 里 巴 巴 集 团 缴 交 得 行 不	7
train206	可 以 支 付 宝 缴 纳 吗	7
train207	办 港 澳 通 行 证 费 用 可 以 现 金 或 者 腾 讯 支 付 吗	7
train208	支 持 腾 讯 缴 纳 吗	7
train209	可 以 天 涯 社 区 偿 付 吗	7
train210	你 微 信 支 付 不	7
train211	支 持 微 信 结 帐 过	7
train212	可 以 威 信 现 金 吗	7
train213	支 付 既 得 利 益 现 金 啵	7
train214	赞 同 意 欲	7
train215	现 金 付 款 得 行 吗	7
train216	就 是 不 支 持 威 望 退 款	7
train217	偿 还 债 务	7
train218	可 以 信 用 卡 缴 交 吗	7
train219	可 以 额 度 付 费 不	7
train220	银 行 卡 可 以 预 约 不	7
train221	人 在 外 地 不 太 可 能 办 过 证 了 再 期 满 的 话 怎 么 付 款 呢	7
train222	可 以 现 金 付 款 吗	7
train223	不 能 一 大 笔 钱 怎 么 办	7
train224	信 用 卡 可 以 退 款 吗	7
train225	非 用 支 票 送 货 不 可 么	7
train226	你 们 这 可 以 微 信 预 约 吗	7
train227	亦 非 用 抵 押 啊	7
train228	收 取 应 当 也 是 可 以 的 吧 拒 收 支 票 是 不 当 的 鸭 子 l t a h r e f n 重 庆 公 安 部 过 境 g t 重 庆 公 安 部 过 境 l t a g t	7
train233	哦 好 的 好 的	8
train234	怎 么 转 啊 我 是 真 的 想 到 你 们 很 不 错 啊	8
train235	好 的 没 有 人 了	8
train236	好 的	8
train237	多 多	8
train238	好 的 吧	8
train239	啊	8
train240	没 有 了	8
train241	然 后	8
train242	查 验 微 博 越 做 越 好 了 自 制	8
train243	嗯 哼	8
train244	对 不 起	8
train245	嗯 明 白	8
train246	好 的 好 的 好 的	8
train247	无 论 如 何	8
train248	今 天 去 日 月 光 广 场 分 理 处 办 理 港 澳 通 行 证 想 像 中 便 利 高 效 啦 为 我 大 重 庆 的 跨 境 监 管 点 赞	8
train249	不 究 竟	8
train250	不 明 确	8
train251	不 是 有 点 相 符	8
train252	还 是 能 够 回 复 和 所 在 地 自 己 倾 注 谢 谢	8
train258	取 通 行 证 可 以 不 带 身 分 证 吗	9
train259	小 孩 并 未 证 件 办 理 港 澳 通 行 证 与 签 证 的 回 执 现 已 丢 失 怎 样 能 领 取 没 关 系	9
train260	心 事 在 成 都 成 华 区 公 安 入 境 二 楼 办 理 的 绿 卡 和 港 澳 才 可 的 回 执 单 掉 了 怎 么 办	9
train261	领 取 护 照 和 港 澳 通 行 证 以 及 台 湾 人 证 的 单 子 出 错 了 怎 么 办	9
train262	您 好 我 办 理 完 毕 澳 门 人 居 民 身 份 证 把 持 有 人 弄 丢 了 本 来 以 为 是 选 的 寄 送 服 务 现 在 发 觉 不 是 人 不 在 成 都 我 现 在 怎 么 拿 到 居 民 身 份 证 呢	9
train263	你 好 我 办 理 了 港 澳 入 境 现 遗 失 了 回 执 单 请 问 怎 么 由 此 而 来 入 境 呢 感 谢	9
train264	小 妹 请 问 我 去 年 九 月 办 的 港 澳 身 份 证 明 现 在 找 不 到 那 些 单 子 了 可 以 直 接 凭 身 份 证 明 取 吗 多 谢	9
train265	办 理 粤 港 通 行 证 是 我 为 了 让 了 邮 寄 但 我 以 前 又 想 自 己 去 拿 可 以 吗	9
train266	受 理 港 澳 和 台 湾 通 行 的 回 执 单 上 来 了 凭 身 份 证 可 以 取 吗	9
train267	我 于 6 月 1 日 在 都 江 堰 市 金 牛 区 出 入 境 监 管 大 队 兼 办 了 护 照 及 港 澳 台 通 行 证 现 在 由 于 在 外 地 工 作 同 时 也 过 了 在 该 网 站 邮 寄 的 时 间 了 再 来 怎 么 才 能 发 给 这 几 个 居 民 身 份 证	9
train268	你 好 请 问 有 办 理 护 照 及 港 澳 居 民 身 份 证 回 执 单 及 报 税 不 用 放 身 份 证 可 以 补 发 吗 中 午 1 2 点 至 1 点 可 以 补 发 吗	9
train269	昨 天 一 下 办 理 港 澳 通 行 证 时 候 报 到 的 回 执 单 掉 了 怎 么 处 理	9
train270	具 名 有 几 种 手 段	9
train271	绿 卡 和 新 马 通 行 证 选 择 的 是 E M S 邮 寄 办 理 完 成 后 是 不 是 不 需 要 拿 身 份 证 和 回 执 单 去 入 境 处 部 门 领 取 证 件 从 外 部 邮 寄 到 核 对 的 地 方	9
train272	已 经 在 成 都 出 入 境 办 理 了 澳 门 出 入 境 去 取 的 时 候 需 要 带 什 么 文 件 和 证 件 吗	9
train273	问 道 问 道 回 执 单 帮 忙 不 见 了 怎 么 办	9
train274	我 办 理 了 我 和 我 表 哥 以 及 儿 子 2 岁 的 港 澳 地 区 身 份 证 件 进 度 查 询 了 可 以 取 证 问 道 去 取 证 的 时 候 只 只 能 带 回 悉 还 是 回 执 和 身 份 证 都 要 带	9
train275	你 好 我 的 港 澳 准 行 证 台 胞 证 出 来 了 但 是 我 的 回 执 单 掉 了 请 问 要 怎 么 样 才 能 丢 掉 我 的 准 行 证 呢	9
train276	你 好 我 的 回 执 单 偷 去 了 可 以 拿 居 民 身 份 证 去 拿 吗	9
train277	办 澳 门 地 区 通 行 证 的 回 执 单 掉 了 可 以 用 身 份 证 来 领 取 吗	9
train278	我 办 理 护 照 和 港 澳 居 民 身 份 证 的 回 执 单 不 慎 放 了 但 缴 费 票 据 还 在 昨 天 怎 么 办	9
train279	请 问 可 以 拿 本 人 的 身 份 证 复 印 件 吗 因 为 取 证 那 几 天 本 人 不 在 武 汉	9
train289	哎 我 去 饭 厅	10
train290	你 看 你 怎 么 办	10
train291	喂 只 必 须 身 份 证 明 或 子	10
train292	一 满 十 六 岁	10
train293	非 常 坚 实 狗 重 新 于 是 又	10
train294	筹 办 身 份 证 无 需 多 少 钱 啊	10
train295	啊 前 面 必 需 多 少 钱	10
train296	不 能 两 边 似 的	10
train297	那 你 必 须 多 少 钱 您	10
train298	成 都 市 内 出 了 顺 城 大 街 还 有 哪 里 可 以 办 居 民 身 份 证 我 的 右 边 在 座 机 场 附 近 还 有 相 片 可 不 可 以 直 接 使 用 此 前 澳 门 人 通 行 证 的 相 片	10
train299	请 问 北 碚 筹 护 照 在 哪 里 筹 需 要 带 什 么 证 件 办 理 大 约 需 要 多 少 钱	10
train300	回 头 做 就 是 和 你 这 个 呢	10
train301	港 澳 通 行 证 续 签 时 间 小 时	10
train302	成 都 高 新 户 籍 1 5 年 6 月 办 理 澳 门 地 区 通 行 证 仍 然 未 有 使 用 本 年 1 2 月 底 准 备 去 香 港 通 行 证 需 要 二 次 签 注 吗	10
train303	非 成 都 缴 税 办 理 港 澳 通 行 证 的 绿 卡 类 型 是 l 签 不 是 g 签 吗	10
train304	你 好 我 该 网 站 预 约 的 是 到 都 江 堰 市 出 入 境 款 待 中 心 提 出 申 请 港 澳 不 约 而 同 证 续 签 时 间 但 想 去 金 牛 区 出 入 境 款 待 大 厅 提 出 申 请 不 知 可 否	10
train305	您 本	10
train306	港 澳 身 份 证 5 月 1 2 日 到 期 现 在 申 请 者 续 签 来 的 及 不 因 为 看 信 息 说 是 有 效 期 必 须 少 于 3 个 月	10
train307	嗯 嗯 好 的 我 是 文 职	10
train308	从	10
train309	该 游 戏 开 支 怎 么 退 呀	10
train310	我 在 垫 江 县	10
train311	游 览 县 镇	10
train312	由 于 未 来 会 户 口 重 籍 迁 移 到 成 都 那 在 原 户 口 所 在 地 办 理 护 照 澳 门 地 区 通 行 证 台 湾 通 行 证 确 实 所 需 更 换 于 是 就 的 护 照 澳 门 地 区 通 行 证 台 湾 通 行 证 确 实 可 以 之 后 正 常 使 用	10
train313	港 澳 签 证 是 L 缴 发 给 地 是 四 川 可 以 从 成 都 直 飞 香 港 吗	10
train314	本 地 户 口 的 用 临 时 身 份 证 的 话 不 必 带 户 口 薄 吧	10
train315	去 台 湾 在 香 港 地 区 中 转 需 要 携 带 港 澳 通 行 证 吗	10
train316	我 是 大 陆 游 客 于 1 0 年 初 1 4 日 从 台 北 大 鹏 成 都 同 一 时 间 经 停 香 港 1 1 小 时 想 要 去 香 港 逛 一 圈 有 台 湾 人 通 行 证 和 入 台 证 是 不 是 就 不 能 够 港 澳 通 行 证 了	10
train317	之 前 在 武 侯 区 出 入 境 中 心 办 理 了 护 照 和 海 外 华 人 通 行 证 但 是 半 个 月 后 只 寄 出 了 海 外 华 人 通 行 证 可 以 发 放 的 通 知 短 信	10
train318	请 问 成 都 居 民 持 旅 游 澳 门 通 行 证 可 以 办 理 自 助 通 关 吗	10
train319	我 预 约 3 月 2 0 日 办 普 通 签 证 和 中 港 签 证 不 清 楚 是 否 是 成 功 再 预 约 不 起 了	10
train320	今 天 粤 港 台 胞 证 网 络 界 面 无 法 提 交 内 容 错 乱 无 法 填 报 上 传	10
train321	警 官 您 好 我 想 请 问 一 下 澳 门 人 准 行 证 的 受 理 号 码 怎 么 查 询 呢	10
train322	如 何 查 问 妳	10
train323	喂 你 闻 刚 才	10
train324	姓 氏 是 多 音 字 办 理 港 澳 通 行 证 是 罗 马 字 A	10
train325	港 澳 通 行 证 已 经 筹 了 只 用 一 个 月 了 到 入 境 处 回 答 说 是 已 经 寄 出 去 了 但 是 现 在 还 没 收 到 没 有 回 执 单 也 不 能 劳 到 进 程 想 知 道 送 货 单 号 因 为 明 天 的 航 机 谢 谢	10
train326	没 多 久 在 网 上 签 注 的 澳 门 地 区 证 件 点 错 了 只 选 择 香 港 一 次 之 前 付 了 钱 能 不 能 修 改 哦 还 是 再 重 新 签 一 次	10
train327	您 好 我 想 问 下 我 今 天 刚 迁 好 户 口 自 建 重 庆 了 但 我 以 前 的 港 澳 通 行 证 是 L 签 我 无 需 来 建 筑 内 重 新 核 发 通 行 证 吗 还 有 证 件	10
train336	怎 么 试 办 港 澳 身 份 证 件 的	11
train337	港 澳 地 区 通 行 证 到 期 能 否 在 该 网 站 办 理 户 口 在 高 新 区 能 否 预 约 锦 江 区 办 理	11
train338	外 地 签 发 的 港 澳 通 行 证 目 前 户 口 在 成 都 如 何 办 理 沙 签 注	11
train339	你 好 我 是 在 贵 阳 上 学 的 青 年 人 户 口 是 安 徽 的 能 不 能 承 办 港 澳 出 入 境 因 为 离 家 较 远 所 以 希 望 可 以 在 贵 阳 承 办	11
train340	您 好 我 于 2 0 1 3 年 在 重 庆 上 所 大 学 时 在 重 庆 办 理 了 港 澳 通 行 证 后 曾 由 于 毕 业 缴 税 已 迁 兄 弟 二 人 湖 南 请 问 如 办 理 港 澳 通 行 证 签 订 合 同 我 我 须 在 重 庆 还 是 全 家 办 理 呢	11
train341	你 好 我 想 问 一 下 我 今 天 在 深 圳 办 理 港 澳 准 行 证 不 必 本 人 拿 身 份 证 回 重 庆 办 吗	11
train342	爱 请 问 省 内 异 地 可 以 在 成 都 申 请 查 验 港 澳 通 行 证 吗	11
train343	请 问 户 籍 制 度 所 在 地 在 自 贡 可 以 在 成 都 办 理 港 澳 通 行 证 吗	11
train344	孩 子 4 岁 需 要 办 理 身 份 证 祖 母 及 孩 子 户 籍 都 是 临 沂 到 底 能 在 成 都 办 理 身 份 证 及 港 澳 通 行 证	11
train345	你 好 我 在 成 都 市 办 成 的 港 澳 台 通 行 证 能 在 深 圳 办 理 签 注 手 续 吗	11
train346	请 问 外 籍 人 士 身 份 证 能 在 成 都 承 办 港 澳 通 行 证 吗	11
train347	外 地 户 口 可 以 在 成 都 代 办 港 澳 居 民 身 份 证 吗	11
train348	外 地 户 口 可 以 在 四 川 异 地 办 理 准 行 证 以 及 港 澳 通 行 证 吗	11
train349	本 人 户 籍 所 在 地 位 四 川 省 都 江 堰 市 现 在 成 都 工 作 很 难 居 住 证 只 有 身 份 证 和 绿 卡 可 不 异 地 办 理 港 澳 通 行 证	11
train350	省 内 异 地 户 口 已 经 办 理 港 澳 通 行 证 再 次 道 经 签 注 是 在 校 大 学 生 怎 么 办 理 呢 最 慢 多 久 能 再 上 等 待 时 间 紧 迫	11
train351	你 好 我 的 户 口 在 深 圳 本 人 目 前 在 成 都 新 马 通 行 证 已 确 定 且 清 空 可 以 在 成 都 办 理 不	11
train352	身 份 证 是 南 充 市 户 籍 可 以 在 成 都 市 办 理 中 港 通 行 证 不	11
train353	爱 我 是 资 阳 市 安 岳 县 户 籍 制 度 在 遵 义 连 续 交 满 两 年 社 保 没 有 居 住 证 请 问 可 以 在 遵 义 受 理 港 澳 通 行 证 的 签 注 吗	11
train354	户 口 在 绵 阳 在 四 川 读 书 首 次 办 理 港 澳 通 行 证 可 不 可 以 在 四 川 开	11
train355	请 问 港 澳 通 行 证 过 期 了 是 否 是 按 原 来 的 办 理 手 续 来 走 流 程	11
train356	你 好 我 在 遂 宁 办 理 的 港 澳 通 行 证 在 册 在 成 都 能 否 在 成 都 办 理 香 港 自 由 行 签 注	11
train357	黑 龙 江 户 口 没 有 居 住 证 可 以 在 遵 义 异 地 办 理 澳 门 人 通 行 证 么	11
train358	再 来 我 需 要 到 港 澳 处 理 有 应 该 怎 么 办 港 澳 通 行 证	11
train359	心 事 请 问 异 地 课 税 给 与 电 子 元 件 港 澳 身 份 证 明 有 效 期 内 如 何 签 注 明 年 签 注 已 过 期 在 重 庆 工 作 在 重 庆 办 的 港 澳 身 份 证 明	11
train360	你 好 我 是 宜 宾 户 口 需 要 续 签 港 澳 通 行 证 请 问 泸 州 可 以 核 发 吗 需 要 什 么 手 续 具 体 位 置 在 哪 谢 谢	11
train361	外 地 户 口 嫁 到 成 都 来 可 以 在 成 都 办 吗	11
train362	我 的 新 马 通 行 证 7 月 到 期 不 对 现 在 还 可 以 签 吗	11
train363	能 否 网 上 预 定 查 验	11
train364	成 都 首 次 办 理 港 澳 通 行 证 可 以 在 自 助 办 理 机 舱 办 理 吗	11
train365	傻 旧 通 行 证 办 过 手 续 换 的 新 港 澳 通 行 证 未 办 手 续 可 以 网 上 申 请 手 续 或 在 手 续 自 助 机 受 理 吗	11
train366	较 早 港 澳 通 行 证 户 籍 所 在 地 是 海 南 的 但 是 有 西 安 的 暂 住 证 可 以 在 本 市 办 理 旅 游 台 胞 证 吗	11
train367	你 好 我 是 德 阳 地 区 的 户 口 香 港 地 区 证 件 是 在 德 阳 办 的 现 在 有 成 都 市 的 居 住 证 请 问 可 以 用 原 来 的 证 件 在 成 都 市 办 理 香 港 一 个 人 旅 游 手 续 吗	11
train368	要 来 简 阳 户 口 现 在 在 成 都 办 了 港 澳 通 行 证 签 注 不 算 成 都 本 地 户 口 吗 可 以 办 个 人 签 注 吗	11
train374	我 逐 日 是 四 川 遂 宁 的 请 问 网 上 不 能 预 约 周 四 提 出 申 请 港 澳 通 行 证 可 以 直 接 去 排 队 提 出 申 请 吗 我 看 网 上 有 话 说 你 们 周 四 会 安 排 延 时 服 务	12
train375	4 同 月 2 5 日 夜 班 吗	12
train376	啥 时 候 可 以 办 理 手 续	12
train377	请 问 这 周 六 可 以 到 市 出 入 境 一 楼 承 办 港 澳 通 行 证 么	12
train378	成 都 出 入 境 办 证 大 厅 周 六 工 作 间 隔 时 间 是 否 可 以 办 理 港 澳 通 行 证 签 证 呢	12
train379	办 证 星 期 是 周 几	12
train380	自 助 机 办 的 港 澳 地 区 签 注 端 午 节 可 以 领 吗	12
train381	网 上 申 请 的 港 澳 签 注 能 否 在 星 期 四 和 周 日 收 呢	12
train382	请 问 星 期 五 可 以 据 悉 吗	12
train383	区 县 的 公 安 局 在 2 月 7 号 年 前 都 正 常 夜 班 吗	12
train384	请 问 春 节 放 假 整 整 确 定 了 吗 办 港 澳 通 行 证 需 要 提 前 预 定 吗	12
train385	请 问 下 星 期 五 能 办 理 港 澳 居 民 身 份 证 吗	12
train386	请 问 春 节 你 们 夜 班 吗	12
train387	你 好 我 请 问 国 庆 期 间 自 助 三 楼 可 以 用 吗	12
train388	请 问 元 旦 期 间 就 行 了 自 助 办 理 护 照 港 澳 台 通 行 证 是 首 次 居 留 谢 谢	12
train389	周 末 是 双 休 么	12
train390	心 事 我 的 身 份 证 明 办 成 了 星 期 六 可 以 去 核 查 么 l t a h r e f n 昆 明 公 安 局 离 境 g t 昆 明 公 安 局 离 境 l t a g t	12
train391	你 们 哪 个 实 际 上 打 工 呀	12
train392	自 助 是 2 4 小 时 开 放 还 是 也 只 能 款 待 时 间	12
train393	秀 山 县 公 安 局 说 是 初 三 才 能 办 理 怎 么 回 事 啊	12
train394	要 来 出 入 境 大 厅 春 节 期 间 2 月 1 5 日 至 2 月 2 1 日 可 以 试 办 身 份 证 与 港 澳 身 份 证 及 签 注 吗	12
train395	您 好 我 是 西 安 户 口 想 要 办 理 港 澳 签 注 请 问 下 本 周 六 2 月 1 0 日 市 中 心 办 理 点 能 否 办 理	12
train396	当 周 开 业 吗	12
train397	周 末 可 不 可 以 合 通 行 证	12
train405	啊 对 啊	13
train406	啊 是 是	13
train407	是 是 是	13
train408	对 对 是 的	13
train409	哎 是	13
train410	哦 对 啊 是 咋 啦	13
train411	必 要 是 这 样 的	13
train412	喂 是 啊	13
train413	哦 对	13
train414	对 啊 家 伙	13
train415	是	13
train416	对 呃 是	13
train417	啊 确 认 啊	13
train418	是 啊 没 事	13
train419	哦 是	13
train420	是 这 样	13
train421	啊 是 吧	13
train422	喔 对 怎 么 了	13
train423	对 对 对 对 对	13
train424	好 言 道	13
train425	哦 可 以 好 的	13
train426	可 以 可 以 可 以	13
train427	对 不 起 可 以	13
train428	哦 可 以 可 以 可 以	13
train429	好 可 以	13
train430	可 以 啊 可 以	13
train431	可 以 啊 我 如 今 的	13
train432	伦 可 以	13
train433	嗯 可 以 啊	13
train440	却 说 办 理 澳 门 地 区 通 行 证 能 加 急 吗 谢 谢	14
train441	加 急 查 验 港 澳 居 民 身 份 证 及 签 注	14
train442	您 好 西 安 户 口 澳 门 通 行 证 过 期 了 7 月 1 7 日 重 新 申 请 办 理 了 当 时 心 想 问 取 证 时 间 后 发 现 取 证 时 间 将 要 了 不 对 还 能 重 新 申 请 加 急 吗	14
train443	请 问 港 澳 台 通 行 证 加 签 注 最 快 要 多 久 呢 因 为 比 较 见 能 否 加 钱 加 急 呢	14
train444	要 加 急	14
train445	您 好 我 想 问 一 下 首 次 办 理 港 澳 通 行 证 明 能 否 加 急	14
train446	请 问 办 理 港 澳 通 行 证 九 月 一 次 签 注 可 以 加 急 办 理 吗 怎 么 缴 付 的	14
train447	可 否 加 急 该 公 司	14
train448	试 办 粤 港 通 行 证 回 执 单 写 成 的 8 月 3 1 日 给 与 由 于 赶 时 间 可 以 在 3 1 早 上 就 给 与 的 到 吗 还 是 要 下 午 呀 能 否 加 急 呢	14
train449	我 是 一 名 藏 族 参 加 了 保 险 公 司 组 织 的 港 澳 游 可 准 行 证 之 前 没 下 来 旅 行 社 那 边 马 上 要 到 达 了 要 我 赔 违 约 金 我 想 问 可 以 加 急 兼 办	14
train450	请 问 首 次 办 理 港 澳 地 区 通 行 证 门 申 请 人 加 急 么	14
train451	我 是 6 号 去 试 办 的 港 澳 证 件 然 后 现 在 1 8 要 去 港 澳 请 问 一 下 可 以 加 急 吗 跪 求	14
train452	可 以 加 急 不	14
train453	不 对 加 急 这 个 客 户 服 务	14
train454	不 对 我 们 1 2 月 1 4 日 到 内 地 没 办 过 港 澳 通 行 证 第 一 次 受 理 不 对 受 理 可 以 加 急 受 理 吗	14
train455	未 能 只 能 加 急 啊	14
train456	能 加 急 处 理 吗	14
train457	新 年 前 还 能 加 急 办 理 港 澳 出 入 境 吗	14
train458	能 否 加 急 办 理 澳 门 人 通 行 证 及 签 注	14
train459	成 都 本 地 户 数 港 澳 通 行 证 首 次 提 出 申 请 申 请 提 交 审 批 中 是 否 能 申 请 加 急	14
train460	请 问 换 上 澳 门 人 通 行 证 可 以 加 急 吗	14
train461	可 以 重 办 加 急 吗 因 为 下 周 就 要 通 关 了	14
train462	首 次 提 出 申 请 港 澳 才 可 可 以 加 急 吗	14
train463	能 加 急 么	14
train464	4 月 6 日 新 办 港 澳 证 巳 通 知 审 理 想 办 急 件 尽 快 取 件 行 吗 一	14
train470	港 澳 身 份 证 明 需 要 上 头 的 资 料	15
train471	只 能 哪 些 资 料	15
train472	持 有 本 式 往 还 港 澳 通 行 证 但 未 能 持 有 有 效 签 注 的 也 可 以 核 发 换 发 电 子 往 还 港 澳 通 行 证 需 要 带 什 么 证 件	15
train473	在 成 都 管 理 工 作 需 要 办 理 港 澳 证 件 户 口 所 在 地 为 南 充 在 成 都 办 理 需 要 提 交 哪 些 档 案 在 哪 里 进 行 办 理 多 久 可 以 拿 回	15
train474	省 内 时 才 大 学 生 办 理 港 澳 通 行 证 需 准 备 什 么 资 料	15
train475	泸 州 户 口 成 都 工 作 岗 位 无 社 保 请 问 需 要 什 么 材 料 可 以 在 成 都 办 理 港 澳 才 可 和 港 澳 签 注	15
train476	本 人 为 成 都 市 户 口 现 有 港 澳 身 份 证 明 小 本 子 式 在 须 在 内 审 核 申 领 港 澳 身 份 证 明 小 本 子 式 换 为 卡 片 式 所 需 哪 些 办 理 工 艺	15
train477	您 好 我 是 巍 山 的 户 口 在 成 都 读 大 学 办 理 港 澳 通 行 证 续 签 需 要 携 带 哪 些 涂 料 啊 谢 谢	15
train478	您 好 我 是 成 都 在 校 大 学 生 户 口 在 校 内 想 办 理 港 澳 通 行 证 到 港 台 读 书 明 明 需 要 带 什 么 证 件 去 办 理	15
train479	我 老 公 是 绵 阳 户 口 没 有 核 发 居 住 证 但 我 是 成 都 户 口 请 问 他 核 发 港 澳 证 件 需 要 带 哪 些 均 须	15
train480	我 是 河 北 人 在 成 都 读 大 学 办 理 港 澳 台 通 行 证 须 要 什 么 资 料 户 口 簿 没 有 在 额 头 在 家 那 边 可 以 办 理 吗	15
train481	之 前 是 绵 阳 家 户 现 在 落 户 到 龙 泉 驿 更 换 港 澳 台 通 行 证 需 要 带 什 么 证 件	15
train482	请 问 我 早 就 所 持 在 成 都 办 理 的 港 澳 出 入 境 本 省 外 市 缴 税 但 没 有 办 理 过 签 注 直 到 现 在 办 理 首 次 签 注 需 要 什 么 资 料 和 流 程 是 什 么 以 及 办 理 时 间	15
train483	外 省 户 口 成 都 市 在 校 大 学 生 请 问 办 理 港 澳 续 签 能 够 哪 些 材 料	15
train484	你 好 在 西 安 有 工 作 配 偶 是 西 安 户 口 限 制 需 要 办 理 护 照 和 港 澳 通 行 证 需 要 什 么 工 艺 呢 再 见	15
train485	本 人 目 前 在 广 州 无 法 回 户 口 所 在 地 成 都 兼 办 葡 国 签 注 已 有 中 港 身 份 证 件 是 否 可 以 委 托 他 人 帮 我 兼 办 葡 国 签 注 如 果 可 以 要 来 需 要 哪 些 材 料	15
train486	港 澳 通 行 证 到 期 重 新 申 请 须 要 审 核 哪 些 资 料	15
train487	外 省 的 有 港 澳 通 关 没 有 签 注 如 果 要 办 签 注 所 需 什 么 资 料	15
train488	已 有 港 澳 通 行 证 明 明 办 理 港 澳 收 件 需 要 哪 些 资 料 在 哪 里 办 理 谢 谢	15
train489	香 港 地 区 通 行 证 即 将 于 3 月 签 订 合 同 从 前 想 申 请 换 领 请 问 是 否 必 须 携 带 原 通 行 证	15
train490	重 庆 本 地 户 口 办 理 澳 门 通 行 证 需 要 哪 些 资 料	15
train496	我 去 看 新 近 怎 么 查 验	16
train497	我 去 看 一 新 怎 么 办	16
train498	我 老 公 是 香 港 居 民 我 有 新 马 通 行 证 我 可 以 办 多 次 往 返 香 港 的 汇 票 吗	16
train499	我 去 乘 飞 机 怎 么 办	16
train500	去 认 清 怎 么 兼 办	16
train501	手 机 我 去 看 清 怎 么 办 理	16
train502	昨 去 回 台 怎 么 办 哩	16
train503	小 妹 我 1 1 岁 女 儿 已 经 办 成 了 护 照 和 港 澳 身 份 证 想 要 这 月 底 去 香 港 探 亲 再 来 在 去 前 还 需 办 何 种 手 续 吗	16
train504	我 去 贪 心 怎 么 受 理	16
train505	用 那 个 的 路 我 去 看 见 怎 么 办 呢	16
train506	请 问 省 亲 证 续 签 可 以 不 带 户 口 本 吗	16
train507	重 庆 大 足 户 口 办 理 港 澳 地 区 准 行 证 出 国 留 学 可 以 在 成 都 办 理 吗	16
train508	我 去 远 走	16
train509	奔 丧 或 逗 留 怎 么 受 理	16
train510	喂 心 事 我 去 省 亲 怎 么 办 哩	16
train511	我 要 去 看 君 怎 么 办 啊	16
train512	我 去 省 亲 怎 么 办 哩	16
train513	我 去 烫 金 怎 么 办	16
train514	我 去 固 执 怎 么 核 发 啊	16
train515	我 要 去 香 港 开 心 生 病 必 需 我 们 指 定	16
train516	我 要 去 香 港 灿 杏 顺 便 去 澳 门 行 政 区 政 府 草 拟	16
train523	我 的 护 照 偷 去 了 是 吗	17
train524	可 以 用 其 他 的 身 分 证 吗	17
train525	可 以 用 据 悉 吗	17
train526	无 法 通 行 证 可 以 吗	17
train527	应 该 可 以 用 学 生 证	17
train528	那 可 不 可 以 用 学 校 会 核 发	17
train529	到 底 才 会 要 户 口 本	17
train530	那 可 不 可 以 用 护 照 办 呢	17
train531	通 行 证 拿 走 了 怎 么 办	17
train532	我 想 咨 询 一 下 可 不 可 以 用 户 沟 办 理 呢 从 未 身 份 证 成 年 人	17
train533	我 想 请 问 没 有 居 住 证 寄 居 证 明 可 以 办 港 澳 第 二 次 签 注 吗	17
train534	因 为 办 理 身 份 证 的 时 间 段 想 像 中 长 我 可 以 先 用 临 时 身 份 证 办 理 港 澳 通 行 证 吗	17
train535	我 的 个 人 资 料 都 碰 到 了 怎 么 办	17
train536	户 口 本 得 行 不	17
train537	有 暂 住 证 可 以 申 请 港 澳 通 行 证 吗 旅 游 入 境	17
train538	明 明 身 份 证 丢 失 可 不 可 以 用 临 时 身 份 证 提 出 申 请 菲 律 宾 签 证 和 港 澳 通 行 证 到 期 换 证 业 务 谢 谢	17
train539	能 否 用 行 驶 证 军 人 证 社 保 卡 查 验	17
train540	请 问 异 地 户 口 交 满 一 年 的 存 款 没 居 住 证 只 有 一 个 暂 住 凭 证 能 办 澳 门 人 身 份 证 吗	17
train541	我 的 居 民 身 份 证 捡 到 了	17
train542	有 其 他 居 民 身 份 证 替 代 护 照 可 以 不	17
train543	我 的 身 份 证 明 丢 失 了 交 了 临 时 身 份 证 明 请 问 可 以 用 临 时 身 份 证 明 可 以 办 理 港 澳 居 民 身 份 证 和 身 份 证 明 吗	17
train544	异 地 办 理 港 澳 通 行 证 不 必 要 户 口 本 吗 复 印 件 或 者 扫 描 件 可 以 吗	17
train545	出 生 日 期 可 以 吗	17
train546	请 问 我 都 江 堰 的 户 数 用 临 时 身 份 证 能 否 在 泸 州 办 理 港 澳 台 通 行 证	17
train553	我 女 儿 的 港 澳 通 行 证 过 时 了 我 能 帮 忙 她 代 办 吗	18
train554	老 人 在 北 京 想 去 港 澳 台 地 区 旅 游 可 否 代 办 签 注	18
train555	委 派 他 人 办 理 的 步 骤 是 什 么	18
train556	想 问 一 下 澳 门 清 楚 可 以 吗 谢 谢 了	18
train557	持 成 都 市 西 郊 签 发 的 有 效 港 澳 通 行 证 再 次 申 请 个 人 旅 游 通 行 证 的 指 派 他 人 办 理 加 签 无 需 什 么 流 程 和 手 续	18
train558	本 人 在 外 地 缴 税 在 成 都 申 请 港 澳 通 行 证 期 满 需 要 本 人 亲 自 办 理 吗	18
train559	你 好 我 是 成 都 的 户 口 现 在 在 外 地 上 学 我 的 港 澳 身 份 证 明 不 能 使 用 了 能 让 家 人 代 理 去 办 港 澳 身 份 证 明 吗	18
train560	我 可 以 交 由 我 附 近 想 尽 办 法 我 办 理 吗	18
train561	我 在 就 近 必 需 离 任 港 澳 通 行 证 必 需 我 本 人 回 来 离 任 吗 还 是 家 人 也 可 以 去 找 离 任	18
train562	港 澳 台 二 次 证 件 可 否 他 人 代 办	18
train563	我 本 人 出 差 在 珠 海 想 在 除 夕 去 港 澳 旅 游 港 澳 出 入 境 在 成 都 可 以 请 人 在 成 都 找 来 办 理 港 澳 的 台 胞 证 么	18
train564	想 问 一 下 香 港 准 行 证 可 以 代 办 吗 忘 了 了	18
train565	我 可 以 顺 便 给 我 小 孩 核 发 港 澳 电 信	18
train566	直 说 本 市 户 口 港 澳 通 行 证 过 期 了 人 在 外 地 可 以 请 人 代 办 港 澳 通 行 证 并 办 理 签 证 么	18
train567	能 否 找 他 人 办 理	18
train568	您 好 人 不 在 泸 州 可 以 托 人 代 办 港 澳 身 份 证 明 吗	18
train569	不 得 了 我 的 港 澳 通 行 证 是 在 山 西 试 办 的 后 来 户 口 签 到 成 都 了 现 今 要 试 办 港 澳 通 行 证 签 注 护 照 在 限 内 可 以 找 人 帮 办 签 注 吗	18
train570	港 澳 通 行 证 过 期 了 想 换 可 以 请 父 母 或 朋 友 大 哥 我 代 办 吗	18
train571	我 的 港 澳 证 件 签 注 时 长 过 期 了 我 人 在 外 地 看 在 此 之 前 的 讯 息 说 是 可 以 请 人 持 我 的 证 件 新 的 签 注 问 道 还 需 要 我 本 人 的 身 份 证 吗	18
train572	成 都 户 籍 制 度 成 都 办 理 的 港 澳 通 行 证 人 在 外 地 请 他 人 外 事 续 签 可 以 吗	18
train573	我 的 港 澳 通 关 没 有 在 此 之 前 但 是 一 年 2 次 已 经 满 了 要 通 行 证 人 不 在 成 都 可 否 帮 办	18
train574	我 可 以 顺 便 给 我 小 孩 这 里 香 港 地 区 居 民 身 份 证 吗	18
train575	接 着 居 然 的 问 题 我 在 外 地 接 洽 他 人 代 办 中 港 收 件 我 除 了 需 要 将 中 港 通 行 证 寄 到 代 办 人 外 还 需 要 户 口 本 身 份 证 或 委 托 书 之 类 的 文 件 吗	18
train576	你 好 我 户 口 在 遵 义 因 异 地 工 作 原 因 港 澳 通 行 证 从 未 办 理 了 现 在 首 次 签 证 需 请 朋 友 在 遵 义 帮 办 请 问 需 要 什 么 资 料	18
train577	昨 天 代 办 粤 港 通 行 签 注 需 本 人 的 委 托 书 吗	18
train583	恭 喜 明 明 铜 梁 港 澳 通 行 证 团 签 可 以 改 个 人 签 吗	19
train584	旅 游 入 境 签 证	19
train585	普 照 寺 户 口 办 港 澳 才 可 可 以 自 由 行 吗	19
train586	旅 游 观 光	19
train587	明 明 我 查 验 了 香 港 的 通 行 证 但 是 我 户 籍 在 铜 梁 只 能 办 团 队 的 可 是 我 直 飞 机 票 都 买 好 了 不 能 退 明 明 可 以 去 掉 个 人 的 么	19
train588	我 办 了 港 澳 台 身 份 证 但 是 只 签 注 了 香 港 的 现 在 想 签 注 澳 门 政 府 的 可 以 吗	19
train589	我 办 港 澳 通 行 证 是 申 报 的 种 类 是 更 进 一 步 怎 么 办 下 来 种 类 是 开 发 团 队 旅 游 啊	19
train590	持 有 成 都 市 居 住 证 办 理 香 港 地 区 通 行 证 请 问 是 个 人 旅 游 买 断 还 是 团 队 旅 游 买 断	19
train591	请 问 有 港 澳 通 行 证 在 川 内 办 的 但 是 没 有 签 注 过 户 口 是 离 校 其 间 迁 到 重 庆 的 能 签 个 人 故 又 名 吗	19
train592	办 理 港 澳 准 行 证 时 办 的 是 团 签 如 何 改 成 个 人 旅 游 签 注 呢 对 不 起	19
train593	请 问 下 泸 州 户 口 办 理 港 澳 通 行 证 不 能 办 旅 游 签 不 能 自 已 签 吗 不 能 直 飞 香 港 吗	19
train594	请 问 简 阳 户 口 可 以 办 理 赴 港 澳 台 个 人 旅 游 签 注 吗	19
train595	我 有 居 住 证 能 在 成 都 续 签 新 马 身 份 证 明 签 注 吗 是 个 人 旅 游 签 注 还 是 团 队 旅 游 签 注	19
train596	我 老 爸 是 简 阳 的 结 婚 后 此 前 她 在 简 阳 当 地 办 理 了 证 件 港 澳 出 入 境 没 有 签 注 过 结 婚 后 户 口 迁 到 了 彭 州 再 来 她 如 果 去 香 港 自 由 行 需 要 什 么 准 予	19
train597	你 好 我 是 自 贡 户 口 在 成 都 有 居 住 证 在 成 都 办 理 的 港 澳 通 行 证 请 问 居 住 证 持 证 人 可 以 办 理 去 港 澳 的 应 有 内 地 人 入 境 吗 之 后 的 政 策 是 情 况 下 办 理 小 团 体 旅 游 入 境 谢 谢	19
train598	澳 门 人 通 行 证 四 川 都 江 堰 市 很 低 县 那 边 默 认 的 类 型 是 团 队 旅 游 L 公 司 让 过 去 出 差 重 庆 飞 香 港 请 问 能 在 重 庆 出 入 境 哪 里 办 团 队 改 一 个 人 吗 急 急 急	19
train599	老 公 在 故 里 办 理 了 港 澳 通 关 签 注 只 可 做 L 团 签 现 在 户 口 迁 到 成 都 了 究 竟 可 以 办 理 个 人 旅 游 签 注 需 要 什 么 手 续 谢 谢	19
train600	外 地 户 口 查 验 的 港 澳 身 份 证 种 类 是 团 队 旅 游 从 成 都 双 流 机 场 出 境 到 香 港 是 必 要 凭 港 澳 身 份 证 的 理 论 上 手 续 出 境 就 好 了 还 是 不 必 要 跟 旅 游 团 带 的	19
train601	为 什 么 不 回 答 我 的 原 因 我 都 问 了 三 次 了 我 港 澳 通 行 证 在 贵 州 遂 宁 办 的 昨 天 在 成 都 收 件 的 从 成 都 直 飞 香 港 出 差 请 问 还 需 查 验 团 签 吗	19
train602	不 得 了 问 一 下 我 是 重 庆 的 查 验 的 港 澳 通 行 证 是 团 队 旅 游 服 务 L 是 不 是 必 须 只 有 跟 团 才 能 去	19
train603	我 在 重 庆 市 但 是 所 在 的 县 区 不 能 办 理 同 样 旅 游 在 主 城 可 以 办 理 吗	19
train604	在 册 是 凉 山 州 西 昌 市 港 澳 通 行 证 也 是 在 松 潘 办 成 的 现 在 试 办 了 贵 阳 的 居 住 证 港 澳 通 行 证 能 手 续 个 人 旅 游 G 吗 还 是 只 能 手 续 他 的 团 队 旅 游 L	19
train610	我 不 是 宜 宾 的	20
train611	哎 不 是	20
train612	不 是 那	20
train613	不 可 以	20
train614	不 是	20
train615	不 对	20
train616	不 是 啊 啊	20
train617	我 却 说 不 是	20
train618	给 你 话 说 不 是	20
train619	不 是 首 次 那 里	20
train620	劳 不 是	20
train621	哦 不 是	20
train622	不 能 啊	20
train623	没 对	20
train624	没 有	20
train625	不 是 武 汉 家 户	20
train626	没	20
train627	不 是 不 是 打 刚 才	20
train628	不 了	20
train629	不 对 的	20
train630	从 未 啦	20
train636	快 递 身 分 证 省 钱 么	21
train637	同 的 城 邮 寄 多 少 钱	21
train638	寄 给 签 注 费 用 标 准	21
train639	邮 寄 开 支 怎 么 输 呀	21
train640	明 信 片 证 件 省 钱 么	21
train641	快 递 费 用 低 么	21
train642	快 递 取 证 缴 付 常 规	21
train643	递 送 护 照 贵 不 贵 呀	21
train644	邮 寄 证 件 价 格 标 准	21
train645	的 游 戏 费 用 怎 么 输 啊	21
train646	收 件 人 身 份 证 明 价 格	21
train647	邮 费	21
train648	邮 递 取 证 不 省 钱 吧	21
train649	快 递 准 行 证 贵 不 贵 呀	21
train650	快 递 费 用 不 昂 贵 吧	21
train651	速 递 取 证 昂 贵 么	21
train652	游 戏 费 怎 么 算 的	21
train653	寄 给 证 件 怎 么 票 价	21
train654	收 件 人 费 用 怎 么 不 算 呀	21
train655	送 货 取 证 怎 么 不 算	21
train656	递 送 费 用 怎 么 计	21
train657	怎 么 计 费 怎 么 算 是	21
train658	邮 寄 通 行 证 收 费 标 准	21
train659	弹 药 款 项 多 少	21
