tr-0	有 偿 服 务 是 什 么 意 思	0
tr-1	嗯 请 问 关 系 证 明 是 什 么 呀	0
tr-2	泉 州 是 什 么 意 思 啊	0
tr-3	是 个 工 作 日 怎 么 算 呀	0
tr-4	七 十 五 工 作 日 计 算 的	0
tr-5	什 么 时 候 国 家 备 案 人 员	0
tr-6	全 部 关 系 证 明 是 什 么	0
tr-7	什 么 是 国 家 备 案 人 员 啊	0
tr-8	是 国 家 备 案 证 呀	0
tr-9	什 么 是 国 家 备 案 人 员 呀	0
tr-10	嗯 七 个 工 作 日 怎 么	0
tr-11	肩 负 关 系 证 明 是 什 么 呀	0
tr-12	国 家 队 呀 元 是 什 么 意 思	0
tr-13	什 么 是 国 家 这 样 人 呀	0
tr-14	是 个 工 作 日 如 何 计 算 的	0
tr-15	什 么 是 牵 住 呢	0
tr-16	有 偿 服 务 是 啥 意 思	0
tr-17	全 就 是 什 么 意 思	0
tr-18	你 好 我 想 了 解 一 下 在 网 上 签 注 港 澳 通 行 证 然 后 说 我 证 件 不 符 合 网 签 条 件 是 什 么 意 思	0
tr-19	今 天 哪 里 可 以 办 理	1
tr-20	我 在 渝 北 区 在 哪 里 办 理 一 笔 小 新	1
tr-21	我 在 江 北 街 在 哪 里 办 理 比 较 近 啊	1
tr-22	学 生 去 的 在 哪 里 可 以 办 理	1
tr-23	办 理 港 澳 通 行 证 贵 不 贵	2
tr-24	办 理 签 证 要 多 少 钱	2
tr-25	去 香 港 耍 一 次 要 好 多 钱	2
tr-26	一 次 一 年 有 效 签 注 的 费 用	2
tr-27	哎 签 证 需 要 多 少 钱	2
tr-28	去 澳 门 耍 办 理 费 用 是 否 要 很 多 钱	2
tr-29	办 港 澳 通 行 证 好 多 钱	2
tr-30	办 签 证 需 要 多 少 钱 呀	2
tr-31	办 一 个 签 证 多 少 钱	2
tr-32	去 澳 门 耍 一 次 要 好 多 钱	2
tr-33	多 少 钱	2
tr-34	港 澳 通 行 证 好 多 钱	2
tr-35	是 否 很 贵	2
tr-36	成 都 武 侯 区 户 口 港 澳 通 行 证 跟 换 多 少 钱 几 个 工 作 日 可 以 取 希 望 尽 快 电 话 回 复 一 声 谢 谢 谢 谢	2
tr-37	香 港 旅 游 办 理 证 件 费 用 是 好 多	2
tr-38	喂 你 好 三 签 证 需 要 多 少 钱	2
tr-39	他 办 理 港 澳 通 行 证 的 费 用 是 多 少	2
tr-40	港 澳 通 行 证 过 期 重 新 办 理 怎 么 样 收 费	2
tr-41	转 签 证 需 要 多 少 钱 啊	2
tr-42	香 港 玩 的 话 办 理 证 件 费 用 是 好 多	2
tr-43	办 证 多 少 钱	2
tr-44	证 件 办 理 要 多 少 钱	2
tr-45	二 次 赴 港 办 理 港 澳 签 证 需 要 多 少 天 工 本 费 是 多 少 需 要 带 哪 些 资 料 如 果 在 四 川 办 理 的 港 澳 通 行 证 在 广 东 能 出 境 吗	2
tr-46	办 签 证 要 多 少 钱 呀	2
tr-47	是 不 是 没 有 年 龄 限 制	3
tr-48	我 妈 可 以 办 理 不	3
tr-49	我 奶 奶 可 以 办 理 不	3
tr-50	我 女 儿 没 有 上 小 学 可 以 办 理 不	3
tr-51	读 书 娃 儿 可 以 办 不	3
tr-52	我 爷 爷 可 以 办 理 不	3
tr-53	对 办 理 的 年 利 有 何 要 求	3
tr-54	我 爸 可 以 办 理 么	3
tr-55	年 龄 有 限 制 没 有	3
tr-56	小 朋 友 可 以 办 不	3
tr-57	学 生 可 以 办 理 吗	3
tr-58	没 满 1 6 岁 能 办 理 么	3
tr-59	读 大 学 可 以 办 理 港 澳 通 行 证 不	3
tr-60	办 理 年 龄 要 求 的 要 求 是 什 么	3
tr-61	读 初 中 可 以 办 理 港 澳 通 行 证 不	3
tr-62	你 买 十 六 岁	3
tr-63	小 孩 可 以 办 理 么	3
tr-64	有 没 有 年 龄 要 求	3
tr-65	年 龄 太 大 是 不 是 没 办 法 办 理	3
tr-66	办 理 年 龄 要 求 是 多 少 岁	3
tr-67	高 中 生 可 以 办 理 吗	3
tr-68	以 前 在 湖 北 办 理 的 港 澳 通 行 证 并 签 注 了 一 次 后 户 口 转 为 成 都 户 口 下 个 月 想 去 港 澳 请 问 本 次 在 成 都 办 理 签 注 需 要 多 长 时 间 谢 谢	4
tr-69	请 问 现 在 办 理 港 澳 通 行 证 什 么 时 候 可 以 拿 到 我 是 云 南 户 口	4
tr-70	你 好 请 问 今 天 中 午 送 去 自 助 签 得 港 澳 签 注 6 号 中 午 可 以 取 吗 回 执 单 上 是 说 两 个 工 作 日 可 取	4
tr-71	港 澳 通 行 证 已 办 理 很 久 一 直 没 收 到 消 息 也 没 拿 到 证 件	4
tr-72	办 理 时 间 长 吗	4
tr-73	配 偶 和 小 孩 均 北 京 户 口 已 在 北 京 办 港 澳 通 行 证 但 已 过 期 需 要 续 签 请 问 在 成 都 办 理 最 快 多 久 能 拿 到	4
tr-74	在 成 都 上 学 但 是 户 口 是 省 外 的 急 办 港 澳 通 行 证 学 校 开 了 证 明 现 在 预 约 了 1 2 1 7 的 办 理 请 问 可 不 可 能 在 月 底 3 1 号 前 拿 到 呢	4
tr-75	港 澳 通 行 证 遗 失 怎 么 补 办 需 要 多 久	4
tr-76	我 的 港 澳 通 行 证 到 期 了 户 口 是 成 都 本 地 的 请 问 重 新 办 理 需 要 多 长 时 间	4
tr-77	请 问 2 0 1 5 年 9 月 2 7 号 申 请 的 港 澳 在 线 二 次 签 注 什 么 时 候 可 以 领 取 已 经 付 款 但 是 没 有 收 到 相 关 短 信 不 知 道 是 否 在 进 行 中	4
tr-78	请 问 现 在 想 办 理 港 澳 通 行 证 年 前 能 拿 到 吗	4
tr-79	请 问 港 澳 签 注 续 签 需 要 多 少 工 作 日	4
tr-80	办 理 港 澳 通 行 证 后 什 么 时 间 能 拿 到 呢	4
tr-81	你 好 请 问 港 澳 签 证 最 短 时 间 何 时 能 把 证 领 到 手 谢 谢	4
tr-82	已 经 办 理 的 时 间 多 久	4
tr-83	请 问 一 下 港 澳 通 行 证 需 要 几 天 呢	4
tr-84	请 问 港 澳 通 行 证 最 快 几 天 可 以 办 好	4
tr-85	团 体 旅 游 港 澳 台 通 行 证 办 理 需 要 几 天	4
tr-86	你 好 我 1 0 1 6 号 办 的 通 行 证 2 2 号 我 查 询 怎 么 还 是 在 审 核 中 呢 给 我 的 回 执 单 上 面 写 的 是 2 5 号 之 前 就 可 以 寄 送 我 这	4
tr-87	你 好 我 是 外 地 户 口 可 以 在 成 都 办 理 港 澳 通 行 证 吗 大 概 好 久 可 以 拿 到	4
tr-88	代 领 要 哪 些 资 料	5
tr-89	请 问 港 澳 通 行 证 和 台 湾 通 行 证 能 否 代 领	5
tr-90	代 领 有 要 求 吗	5
tr-91	港 澳 通 行 证 可 以 让 让 同 学 帮 助 代 领 吗	5
tr-92	证 办 好 以 后 可 以 找 代 理 不	5
tr-93	帮 别 人 领 可 以 吗	5
tr-94	可 以 代 为 领 取 吗	5
tr-95	因 本 人 在 外 地 工 作 可 否 委 托 他 人 代 为 领 取 护 照 港 澳 通 行 证 等	5
tr-96	港 澳 通 行 证 他 人 帮 忙 领 取 的 话 需 要 哪 些 证 件 呢 上 班 时 间 实 在 走 不 开 谢 谢	5
tr-97	浜 镇 的 好 友 就 可 以 找 人 带 你 不	5
tr-98	代 领 手 续 怎 么 办 理	5
tr-99	帮 他 人 领 取 可 以 吗	5
tr-100	你 好 我 想 请 问 可 不 可 以 非 本 人 领 取 护 照 和 港 澳 通 行 证	5
tr-101	办 理 的 护 照 和 港 澳 通 行 证 请 家 人 代 领 需 要 带 什 么	5
tr-102	请 问 护 照 港 澳 通 行 证 及 往 来 台 湾 通 行 证 由 家 人 代 领 需 要 哪 些 材 料	5
tr-103	港 澳 通 行 证 可 以 代 领 吗 只 有 身 份 证 照 片 和 回 执 单 照 片	5
tr-104	证 办 好 以 后 可 不 可 以 找 人 代 理 啊	5
tr-105	通 过 蓉 城 e 申 请 的 港 澳 通 行 证 加 注 可 以 他 人 去 蓉 城 e 窗 口 代 领 取 么	5
tr-106	港 澳 通 行 证 已 经 办 理 完 成 办 理 时 选 择 自 取 由 于 本 人 临 时 出 差 时 间 较 长 但 证 件 急 用 可 否 由 家 人 用 户 口 本 和 回 执 代 领 谢 谢	5
tr-107	证 办 好 以 后 可 以 找 代 理 啵	5
tr-108	可 以 他 人 代 领 吗	5
tr-109	您 好 我 已 收 到 证 件 办 理 完 成 的 信 息 自 取 请 问 别 人 可 否 持 我 的 领 取 回 执 单 代 领 普 通 护 照 港 澳 台 通 行 证 谢 谢	5
tr-110	代 领 的 话 要 哪 些 资 料	5
tr-111	找 妈 妈 代 领	5
tr-112	港 澳 通 行 证 能 不 能 请 人 代 领	5
tr-113	港 澳 通 行 证 办 理 再 次 签 注 后 可 不 可 以 让 其 他 人 代 拿	5
tr-114	上 个 月 在 成 都 市 出 入 境 中 心 办 理 港 澳 通 行 证 现 在 让 人 带 领 除 了 给 他 回 执 单 还 需 要 其 他 证 明 吗	5
tr-115	是 否 可 以 让 他 人 代 领 办 好 的 护 照 和 港 澳 通 行 证 或 者 代 领 要 带 什 么 手 续	5
tr-116	证 办 好 以 后 可 以 找 人 代 领 扣	5
tr-117	可 以 去 澳 门 几 次	6
tr-118	可 以 耍 多 长	6
tr-119	可 以 去 好 多 次	6
tr-120	然 后 重 新 证 可 以 在 香 港 呆 多 久	6
tr-121	支 付 宝 可 以 付 款 吗	7
tr-122	支 持 支 付 宝 支 付 不	7
tr-123	可 以 支 付 宝 支 付 吗	7
tr-124	资 金 支 持 微 信 支 付 宝 宝	7
tr-125	支 付 宝 支 付 得 行 不	7
tr-126	可 以 支 付 宝 支 付 吗	7
tr-127	办 港 澳 通 行 证 费 用 可 以 现 金 支 付 或 者 微 信 支 付 吗	7
tr-128	支 持 微 信 支 付 吗	7
tr-129	可 以 微 信 支 付 吗	7
tr-130	你 微 信 付 款 不	7
tr-131	支 持 威 信 付 款 过	7
tr-132	可 以 威 信 付 款 吗	7
tr-133	支 付 威 信 付 款 啵	7
tr-134	支 持 威 信	7
tr-135	就 是 不 支 持 威 信 付 款	7
tr-136	可 以 银 行 卡 支 付 吗	7
tr-137	可 以 现 金 付 费 不	7
tr-138	银 行 卡 可 以 付 款 不	7
tr-139	人 在 外 地 已 经 办 过 证 了 再 签 的 话 怎 么 付 款 呢	7
tr-140	可 以 现 金 支 付 吗	7
tr-141	银 行 卡 可 以 付 款 吗	7
tr-142	非 用 现 金 缴 费 不 可 么	7
tr-143	你 们 这 可 以 威 信 付 款 吗	7
tr-144	非 得 用 现 金 支 付 啊	7
tr-145	现 金 支 付 应 该 也 是 可 以 的 吧 毕 竟 拒 收 现 金 是 违 法 的 鸭 l t a h r e f n 重 庆 公 安 出 入 境 g t 重 庆 公 安 出 入 境 l t a g t	7
tr-146	谢 谢	8
tr-147	没 了 谢 谢	8
tr-148	办 理 港 澳 通 行 证 的 回 执 单 和 发 票 遗 失 如 何 去 出 入 境 处 领 取 证 卡 需 要 提 供 哪 些 手 续	9
tr-149	已 满 了	10
tr-150	就 是 关 系 证 明	10
tr-151	是 搞 工 作 日 如 何 接 转 账	10
tr-152	周 末 合 计 一 下 是 没 有 三 代 嘞 吧	10
tr-153	只 需 携 带 港 澳 通 行 证 吗	10
tr-154	哎 我 去 餐 厅	10
tr-155	你 看 你 怎 么 办	10
tr-156	喂 只 需 要 身 份 证 或 子	10
tr-157	一 满 十 六 岁	10
tr-158	非 常 坚 固 狗 重 新 再	10
tr-159	最 重 新 户 籍 能 否 首 次 办 理 港 澳 通 行 证	11
tr-160	非 重 新 户 口 可 以 再 重 新 办 理 港 澳 签 注 申 请 吗	11
tr-161	周 末 为 嘛 不 能 办 业 务 呢	12
tr-162	营 业 时 间	12
tr-163	请 问 今 天 还 可 以 办 港 澳 签 注 嘛	12
tr-164	你 好 想 咨 询 一 下 国 庆 期 间 可 以 加 港 澳 个 人 旅 游 签 注 吗 需 要 签 注 飞 香 港 谢 谢	12
tr-165	已 持 有 成 都 的 港 澳 通 行 证 办 理 首 次 签 注 可 以 周 六 吗 几 点 至 几 点 需 携 带 除 通 行 证 之 外 的 什 么 资 料	12
tr-166	我 户 口 是 四 川 遂 宁 的 请 问 网 上 不 能 预 约 周 六 办 理 港 澳 通 行 证 可 以 直 接 去 排 队 办 理 吗 我 看 网 上 有 说 你 们 周 六 会 安 排 延 时 服 务	12
tr-167	啥 时 候 可 以 办 理 手 续	12
tr-168	请 问 这 周 六 可 以 到 市 出 入 境 大 厅 办 理 港 澳 通 行 证 么	12
tr-169	成 都 出 入 境 办 证 大 厅 周 末 工 作 时 间 是 否 可 以 办 理 港 澳 通 行 证 签 证 呢	12
tr-170	办 证 时 间 是 周 几	12
tr-171	自 助 机 办 的 港 澳 签 注 清 明 节 可 以 领 吗	12
tr-172	网 上 申 请 的 港 澳 签 注 能 否 在 周 六 和 周 日 取 呢	12
tr-173	请 问 周 日 可 以 领 证 吗	12
tr-174	区 县 的 公 安 局 在 2 月 7 号 前 都 正 常 上 班 吗	12
tr-175	请 问 春 节 放 假 时 间 确 定 了 吗 办 港 澳 通 行 证 需 要 提 前 预 约 吗	12
tr-176	请 问 下 星 期 天 能 办 理 港 澳 通 行 证 吗	12
tr-177	请 问 国 庆 你 们 上 班 吗	12
tr-178	请 问 元 旦 期 间 可 不 可 以 自 助 办 理 护 照 港 澳 台 通 行 证 是 首 次 申 领 谢 谢	12
tr-179	周 末 是 双 休 么	12
tr-180	你 好 我 的 通 行 证 办 好 了 周 六 可 以 去 取 证 么 l t a h r e f n 重 庆 公 安 出 入 境 g t 重 庆 公 安 出 入 境 l t a g t	12
tr-181	你 们 哪 个 直 接 上 班 呀	12
tr-182	自 助 是 2 4 小 时 开 放 还 是 也 只 能 接 待 时 间	12
tr-183	秀 山 县 公 安 局 说 是 初 八 才 能 办 理 怎 么 回 事 啊	12
tr-184	周 末 营 业 吗	12
tr-185	确 定	13
tr-186	是 是 是 是	13
tr-187	哦 是 的	13
tr-188	恩 是	13
tr-189	对 对	13
tr-190	啊 是 是	13
tr-191	是 是 是	13
tr-192	对 对 是 的	13
tr-193	哎 是	13
tr-194	哦 对 啊 是 咋 啦	13
tr-195	应 该 是 这 样 的	13
tr-196	喂 是 啊	13
tr-197	哦 对	13
tr-198	对 啊 干 嘛	13
tr-199	是	13
tr-200	对 呃 是	13
tr-201	啊 确 定 啊	13
tr-202	是 啊 干 什 么	13
tr-203	是 这 样	13
tr-204	啊 是 吧	13
tr-205	我 已 申 请 了 港 澳 台 通 行 证 预 约 取 证 时 间 是 7 1 3 日 但 是 因 为 行 程 提 前 定 了 7 1 2 日 的 飞 机 去 深 圳 请 问 可 以 申 请 加 急 吗	14
tr-206	都 江 堰 户 口 想 加 急 港 澳 通 行 证 最 快 几 天	14
tr-207	港 澳 通 行 证 到 期 了 换 证 几 天 能 取 能 否 加 急	14
tr-208	请 问 办 理 护 照 和 港 澳 通 行 证 是 否 可 以 加 急 加 急 时 间 最 短 多 少 加 急 费 用 分 别 是 多 少	14
tr-209	请 问 办 理 港 澳 通 行 证 能 加 急 吗 谢 谢	14
tr-210	您 好 成 都 户 口 港 澳 通 行 证 过 期 了 7 月 1 7 日 重 新 申 请 办 理 了 当 时 忘 了 问 取 证 时 间 后 发 现 取 证 时 间 来 不 及 了 请 问 还 能 重 新 申 请 加 急 吗	14
tr-211	请 问 港 澳 通 行 证 加 签 注 最 快 要 多 久 呢 因 为 比 较 急 能 否 加 钱 加 急 呢	14
tr-212	要 加 急	14
tr-213	请 问 办 理 港 澳 通 行 证 三 月 一 次 签 注 可 以 加 急 办 理 吗 怎 么 收 费 的	14
tr-214	有 没 有 加 急 业 务	14
tr-215	办 理 港 澳 通 行 证 回 执 单 写 的 8 月 3 1 日 领 取 由 于 赶 时 间 可 以 在 3 1 早 上 一 开 门 就 领 取 的 到 吗 还 是 要 下 午 呀 能 否 加 急 呢	14
tr-216	我 是 一 名 藏 族 参 加 了 保 险 公 司 组 织 的 港 澳 游 可 出 行 证 一 直 没 下 来 旅 行 社 那 边 马 上 要 出 发 了 要 我 赔 违 约 金 我 想 问 可 以 加 急 办 理	14
tr-217	请 问 首 次 办 理 港 澳 通 行 证 门 申 请 加 急 么	14
tr-218	我 是 6 号 去 办 理 的 港 澳 通 行 证 然 后 现 在 1 8 要 去 香 港 请 问 一 下 可 以 加 急 吗 跪 求	14
tr-219	可 以 加 急 不	14
tr-220	有 没 有 加 急 这 个 服 务	14
tr-221	请 问 我 们 1 2 月 1 4 日 到 香 港 没 有 办 过 港 澳 通 行 证 第 一 次 办 理 请 问 办 理 可 以 加 急 办 理 吗	14
tr-222	没 有 能 不 能 加 急 啊	14
tr-223	能 加 急 处 理 吗	14
tr-224	春 节 前 还 能 加 急 办 理 港 澳 通 行 证 吗	14
tr-225	能 否 加 急 办 理 港 澳 通 行 证 及 签 注	14
tr-226	成 都 本 地 户 口 港 澳 通 行 证 首 次 办 理 申 请 提 交 审 批 中 是 否 能 申 请 加 急	14
tr-227	请 问 更 换 港 澳 通 行 证 可 以 加 急 吗	14
tr-228	可 以 办 加 急 吗 因 为 下 周 就 要 过 关 了	14
tr-229	首 次 办 理 港 澳 通 行 证 可 以 加 急 吗	14
tr-230	能 加 急 么	14
tr-231	请 问 下 落 户 人 才 交 流 中 心 的 集 体 户 户 口 办 理 港 澳 通 行 证 需 要 哪 些 证 件	15
tr-232	请 问 港 澳 通 行 证 快 到 期 了 需 要 换 发 要 准 备 什 么 材 料 温 江 户 口 费 用 多 少	15
tr-233	您 好 我 户 籍 所 在 地 在 南 充 在 成 都 办 理 普 通 护 照 和 港 澳 通 行 证 需 要 哪 些 手 续 呢 麻 烦 告 知 一 下 谢 谢	15
tr-234	我 是 达 州 办 的 港 澳 通 行 证 现 在 想 在 成 都 续 签 需 要 什 么 资 料 呢	15
tr-235	您 好 我 要 去 香 港 读 书 户 口 在 贵 州 我 已 经 在 老 家 办 理 了 港 澳 通 行 证 但 是 学 校 还 没 有 把 签 注 寄 给 我 我 想 咨 询 一 下 是 否 可 以 在 成 都 办 理 逗 留 签 呢 办 理 逗 留 签 的 资 料 都 需 要 什 么	16
tr-236	探 亲 或 逗 留 签 证 怎 么 办 理	16
tr-237	我 去 太 心 怎 么 办 理	16
tr-238	你 好 请 问 在 万 州 区 办 理 探 亲 香 港 每 年 第 一 次 续 签 探 亲 证 办 证 时 效 是 多 久 谢 谢	16
tr-239	我 去 探 亲 怎 么 办 呢	16
tr-240	我 去 看 新 怎 么 办 理	16
tr-241	我 老 婆 是 香 港 居 民 我 有 港 澳 通 行 证 我 可 以 办 理 多 次 往 返 香 港 的 签 注 吗	16
tr-242	我 去 探 亲 怎 么 办	16
tr-243	去 看 清 怎 么 办 理	16
tr-244	手 机 我 去 看 清 怎 么 办 理	16
tr-245	昨 去 探 亲 怎 么 办 哩	16
tr-246	你 好 我 1 1 岁 女 儿 已 经 办 好 了 护 照 和 港 澳 通 行 证 打 算 这 月 底 去 香 港 探 亲 请 问 在 去 前 还 需 办 何 种 手 续 吗	16
tr-247	我 去 贪 心 怎 么 办 理	16
tr-248	用 那 个 东 西 我 去 看 清 怎 么 办 呢	16
tr-249	请 问 探 亲 证 续 签 可 以 不 带 户 口 本 吗	16
tr-250	重 庆 大 足 户 口 办 理 港 澳 通 行 证 出 国 留 学 可 以 在 成 都 办 理 吗	16
tr-251	我 去 探 亲	16
tr-252	喂 你 好 我 去 探 亲 怎 么 办 哩	16
tr-253	我 要 去 看 君 怎 么 办 理 啊	16
tr-254	我 去 探 亲 怎 么 办 哩	16
tr-255	我 去 烫 金 怎 么 办 理	16
tr-256	我 去 贪 心 怎 么 办 理 啊	16
tr-257	呃 外 地 户 口 在 成 都 念 大 学 可 以 续 签 港 澳 通 行 证 吗	11
tr-258	我 是 成 都 市 户 口 可 以 在 湖 北 省 办 理 港 澳 通 行 证 和 护 照 吗	11
tr-259	非 成 都 户 口 成 都 就 读 大 学 生 能 否 在 成 都 办 理 港 澳 通 行 证	11
tr-260	绵 阳 三 台 户 口 能 在 成 都 办 理 自 助 港 澳 签 注 吗	11
tr-261	外 地 户 口 在 成 都 工 作 有 1 年 的 社 保 可 以 办 理 港 澳 通 行 证 吗	11
tr-262	怎 么 办 理 港 澳 通 行 证 的	11
tr-263	港 澳 通 行 证 到 期 能 否 在 网 上 办 理 户 口 在 高 新 区 能 否 预 约 锦 江 区 办 理	11
tr-264	外 地 签 发 的 港 澳 通 行 证 目 前 户 口 在 成 都 如 何 办 理 加 签 注	11
tr-265	你 好 我 是 在 成 都 上 学 的 大 学 生 户 口 是 安 徽 的 能 不 能 办 理 港 澳 通 行 证 因 为 离 家 较 远 所 以 希 望 可 以 在 成 都 办 理	11
tr-266	您 好 我 于 2 0 1 3 年 在 成 都 上 大 学 时 在 成 都 办 理 了 港 澳 通 行 证 现 由 于 毕 业 户 口 已 迁 回 老 家 湖 南 请 问 如 办 理 港 澳 通 行 证 续 签 我 我 需 在 成 都 还 是 老 家 办 理 呢	11
tr-267	你 好 请 问 省 内 异 地 可 以 在 成 都 申 请 办 理 港 澳 通 行 证 吗	11
tr-268	请 问 户 籍 所 在 地 在 自 贡 可 以 在 成 都 办 理 港 澳 通 行 证 吗	11
tr-269	孩 子 4 岁 需 要 办 理 护 照 父 母 及 孩 子 户 籍 都 是 山 东 是 否 能 在 成 都 办 理 护 照 及 港 澳 通 行 证	11
tr-270	你 好 我 在 成 都 办 的 港 澳 台 通 行 证 能 在 深 圳 办 理 签 注 手 续 吗	11
tr-271	请 问 外 地 身 份 证 能 在 成 都 办 理 港 澳 通 行 证 吗	11
tr-272	外 地 户 口 可 以 在 成 都 办 理 港 澳 通 行 证 吗	11
tr-273	本 人 户 籍 所 在 地 位 四 川 省 宜 宾 市 现 在 成 都 工 作 没 有 居 住 证 只 有 身 份 证 和 护 照 可 否 异 地 办 理 港 澳 通 行 证	11
tr-274	省 内 异 地 户 口 已 经 办 理 港 澳 通 行 证 再 次 续 签 注 是 在 校 大 学 生 怎 么 办 理 呢 最 快 多 久 能 签 到 时 间 紧 迫	11
tr-275	你 好 我 的 户 口 在 深 圳 本 人 目 前 在 成 都 港 澳 通 行 证 过 期 且 丢 失 可 以 在 成 都 办 理 不	11
tr-276	身 份 证 是 都 江 堰 市 户 籍 可 以 在 成 都 市 办 理 港 澳 通 行 证 不	11
tr-277	你 好 我 是 资 阳 市 安 岳 县 户 籍 在 成 都 连 续 交 满 两 年 社 保 没 有 居 住 证 请 问 可 以 在 成 都 办 理 港 澳 通 行 证 的 签 注 吗	11
tr-278	户 口 在 绵 阳 在 成 都 读 书 首 次 办 理 港 澳 通 行 证 可 不 可 以 在 成 都 办	11
tr-279	请 问 港 澳 通 行 证 过 期 了 是 否 是 按 原 来 的 办 理 手 续 来 走 流 程	11
tr-280	你 好 我 在 达 州 办 理 的 港 澳 通 行 证 户 口 在 成 都 能 否 在 成 都 办 理 香 港 自 由 行 签 注	11
tr-281	黑 龙 江 户 口 没 有 居 住 证 可 以 在 成 都 异 地 办 理 港 澳 通 行 证 么	11
tr-282	请 问 我 需 要 到 香 港 处 理 有 应 该 怎 么 办 港 澳 通 行 证	11
tr-283	你 好 请 问 异 地 户 口 持 电 子 港 澳 通 行 证 有 效 期 内 如 何 签 注 今 年 签 注 已 过 期 在 重 庆 工 作 在 重 庆 办 的 港 澳 通 行 证	11
tr-284	成 都 户 口 但 港 澳 通 行 证 是 青 海 西 宁 签 发 的 想 换 成 成 都 签 发 的 港 澳 通 行 证 都 需 要 什 么 资 料	15
tr-285	港 澳 通 行 证 需 要 带 的 资 料	15
tr-286	需 要 哪 些 材 料	15
tr-287	持 有 本 式 往 来 港 澳 通 行 证 但 未 持 有 有 效 签 注 的 也 可 以 申 请 换 发 电 子 往 来 港 澳 通 行 证 需 要 带 什 么 证 件	15
tr-288	在 成 都 工 作 需 要 办 理 港 澳 通 行 证 户 口 所 在 地 为 德 阳 在 成 都 办 理 需 要 提 交 哪 些 资 料 在 哪 里 进 行 办 理 多 久 可 以 拿 到	15
tr-289	广 安 户 口 成 都 就 业 无 社 保 请 问 需 要 什 么 材 料 可 以 在 成 都 办 理 港 澳 通 行 证 和 港 澳 签 注	15
tr-290	本 人 为 成 都 市 户 口 现 有 港 澳 通 行 证 小 本 子 式 在 有 效 期 内 咨 询 申 请 港 澳 通 行 证 小 本 子 式 换 为 卡 片 式 需 要 哪 些 办 理 材 料	15
tr-291	您 好 我 是 阿 坝 州 的 户 口 在 成 都 读 大 学 办 理 港 澳 通 行 证 续 签 需 要 携 带 哪 些 材 料 啊 谢 谢	15
tr-292	您 好 我 是 成 都 在 校 大 学 生 户 口 在 学 校 想 办 理 港 澳 通 行 证 到 香 港 读 书 请 问 需 要 带 什 么 证 件 去 办 理	15
tr-293	我 是 河 北 人 在 四 川 读 大 学 办 理 港 澳 台 通 行 证 需 要 什 么 资 料 户 口 簿 没 在 身 上 在 家 那 边 可 以 办 理 吗	15
tr-294	之 前 是 绵 阳 户 口 现 在 落 户 到 龙 泉 驿 更 换 港 澳 通 行 证 需 要 带 什 么 证 件	15
tr-295	请 问 我 已 经 持 有 在 成 都 办 理 的 港 澳 通 行 证 本 省 外 市 户 口 但 没 有 办 理 过 签 注 现 在 办 理 首 次 签 注 需 要 什 么 材 料 和 流 程 是 什 么 以 及 办 理 时 间	15
tr-296	本 人 目 前 在 广 州 无 法 回 户 口 所 在 地 成 都 办 理 澳 门 签 注 已 有 港 澳 通 行 证 是 否 可 以 委 托 他 人 帮 我 办 理 澳 门 签 注 如 果 可 以 请 问 需 要 哪 些 材 料	15
tr-297	港 澳 通 行 证 到 期 重 新 申 请 需 要 提 交 哪 些 资 料	15
tr-298	已 有 港 澳 通 行 证 请 问 办 理 港 澳 签 注 需 要 哪 些 资 料 在 哪 里 办 理 谢 谢	15
tr-299	对 复 印 件 可 不 可 以	17
tr-300	港 澳 通 行 证 即 将 于 3 月 到 期 现 在 想 申 请 换 领 请 问 是 否 需 要 携 带 原 通 行 证	15
tr-301	成 都 本 地 户 口 办 理 港 澳 通 行 证 需 要 哪 些 资 料	15
tr-302	我 港 澳 通 行 证 的 签 注 有 效 期 为 2 0 1 7 6 9 2 0 1 8 6 8 那 我 2 0 1 8 年 6 月 8 号 到 香 港 玩 逗 留 几 天 再 走 这 样 行 不 行 呀	6
tr-303	港 澳 通 行 证 可 以 在 香 港 呆 多 久	6
tr-304	你 好 请 问 一 下 港 澳 通 行 证 首 次 申 领 后 的 第 一 年 是 不 是 不 用 办 理 签 证 可 以 往 返 港 澳 两 次	6
tr-305	港 澳 通 行 证 可 以 在 香 港 的 多 久	6
tr-306	请 问 港 澳 通 行 证 怎 么 查 看 牵 着 时 间	6
tr-307	护 照 和 港 澳 台 通 行 证 的 有 效 期 分 别 是 多 少 呢	6
tr-308	可 以 去 香 港 几 次	6
tr-309	高 不 用 用 可 以 在 香 港 待 多 久 啊	6
tr-310	香 港 可 以 去 几 次	6
tr-311	逗 留 时 间 有 限 制 么	6
tr-312	请 问 办 理 港 澳 通 行 证 可 以 办 理 多 次 吗	6
tr-313	行 程 是 国 外 香 港 澳 门 内 地 请 问 需 要 几 次 港 澳 签 注	6
tr-314	澳 门 可 以 去 几 次	6
tr-315	最 长 可 以 呆 多 长 时 间	6
tr-316	能 出 关 几 次	6
tr-317	能 逗 留 多 长 时 间 呢	6
tr-318	可 以 去 几 次	6
tr-319	打 通 行 证 可 以 在 香 港 带 多 少	6
tr-320	也 可 以 在 香 港 玩 多 久	6
tr-321	港 澳 通 行 证 可 以 在 香 港 待 多 久	6
tr-322	港 澳 通 行 证 L 签 和 G 签 都 可 以 一 周 内 2 次 往 返 香 港 吗	6
tr-323	你 好 w 开 头 的 港 澳 通 行 证 一 年 内 能 去 几 次 澳 门 中 间 再 去 澳 门 有 无 时 间 间 隔 的 要 求 谢 谢	6
tr-324	啊 前 面 需 要 多 少 钱	10
tr-325	没 有 东 西 似 的	10
tr-326	那 你 需 要 多 少 钱 您	10
tr-327	我 在 渝 中 区 在 哪 里 办 理 比 较 轻	1
tr-328	如 果 可 以 对 办 理 地 点 有 无 限 制	1
tr-329	请 问 遂 宁 办 理 的 港 澳 通 行 证 续 签 在 成 都 哪 里 可 以 续 签 我 是 本 子 的 通 行 证	1
tr-330	我 户 口 在 山 西 港 澳 通 行 证 需 要 续 签 请 问 在 成 都 可 以 办 理 吗 需 要 什 么 材 料 到 哪 里 去 办 理 谢 谢	1
tr-331	我 在 渝 北 区 在 哪 里 把 你 比 较 新	1
tr-332	我 在 江 北 区 在 哪 里 办 理 比 较	1
tr-333	成 都 市 内 出 了 顺 城 大 街 还 有 哪 里 可 以 办 护 照 我 的 位 置 在 机 场 附 近 还 有 照 片 可 不 可 以 直 接 使 用 之 前 港 澳 通 行 证 的 照 片	10
tr-334	你 水 区 办 理 地 址 在 哪 里	1
tr-335	重 庆 市 户 口 办 理 港 澳 通 行 证 新 鲜 可 以 在 哪 里 自 助 办 理	1
tr-336	请 问 双 流 户 口 必 须 去 双 流 分 局 办 理 港 澳 通 行 证 吗 可 以 去 高 新 区 或 者 天 府 新 区 办 不	1
tr-337	重 新 户 口 办 港 澳 通 行 证 在 哪 里 办	1
tr-338	我 在 渝 北 区 在 哪 里 办 理 的 条 件	1
tr-339	港 澳 通 行 证 快 到 期 了 在 高 新 区 办 证 中 心 出 入 境 接 待 大 厅 天 府 一 期 那 个 可 否 办 理	1
tr-340	一 北 区 的 办 理 地 址 在 哪 里	1
tr-341	我 在 哪 里 办 理 短 信	1
tr-342	请 问 北 碚 办 护 照 在 哪 里 办 需 要 带 什 么 证 件 办 理 大 约 需 要 多 少 钱	10
tr-343	没 有 了 谢 谢	8
tr-344	怎 么 投 啊 我 是 真 的 觉 得 你 们 很 不 错 啊	8
tr-345	恭 喜	8
tr-346	好 的 吧	8
tr-347	啊	8
tr-348	然 后	8
tr-349	我 可 以 顺 便 给 我 小 孩 办 理 常 鑫 是 吗	18
tr-350	是 否 需 要 本 人 办 理 可 以 他 人 代 办 吗	18
tr-351	成 都 户 口 持 上 海 签 发 的 往 来 港 澳 通 行 证 续 签 代 办 需 要 什 么 材 料	18
tr-352	可 以 代 办 吗	18
tr-353	已 有 港 澳 通 行 证 家 人 代 办 加 注 需 要 我 本 人 的 身 份 证 或 者 委 托 书 吗	18
tr-354	娃 娃 1 4 岁 人 在 国 外 第 二 次 办 港 澳 通 行 证 可 不 可 以 由 父 母 代 办	18
tr-355	我 女 儿 的 港 澳 通 行 证 过 期 了 我 能 帮 她 代 办 吗	18
tr-356	委 托 他 人 办 理 的 流 程 是 什 么	18
tr-357	想 问 一 下 香 港 清 楚 可 以 代 办 吗 谢 谢 了	18
tr-358	持 成 都 市 市 签 发 的 有 效 港 澳 通 行 证 再 次 申 请 个 人 旅 游 签 注 的 委 托 他 人 办 理 加 签 需 要 什 么 流 程 和 手 续	18
tr-359	你 好 我 是 成 都 的 户 口 现 在 在 外 地 上 学 我 的 港 澳 通 行 证 过 期 了 能 让 家 人 代 理 去 重 办 港 澳 通 行 证 吗	18
tr-360	我 可 以 委 托 我 附 近 帮 我 办 理 吗	18
tr-361	港 澳 台 二 次 签 注 可 否 他 人 代 办	18
tr-362	我 本 人 出 差 在 珠 海 想 在 春 节 去 澳 门 旅 游 港 澳 通 行 证 在 成 都 可 以 请 人 在 成 都 帮 办 理 澳 门 的 签 注 么	18
tr-363	想 问 一 下 香 港 签 注 可 以 代 办 吗 谢 谢 了	18
tr-364	我 可 以 顺 便 给 我 小 孩 办 理 港 澳 通 讯	18
tr-365	可 否 寻 求 他 人 办 理	18
tr-366	您 好 人 不 在 成 都 可 以 托 人 代 办 港 澳 通 行 证 吗	18
tr-367	能 不 能 快 递 过 来	9
tr-368	给 地 址 寄 过 来 可 以 吗	9
tr-369	领 证 需 要 带 哪 些 东 西	9
tr-370	出 入 境 微 博 越 做 越 好 了 加 油	8
tr-371	嗯 哼	8
tr-372	没 关 系	8
tr-373	嗯 了 解	8
tr-374	好 的 好 的 好 的	8
tr-375	你 好 我 的 港 澳 通 行 证 是 在 山 西 办 理 的 后 来 户 口 签 到 成 都 了 现 在 要 办 理 港 澳 通 行 证 签 注 证 件 在 有 效 期 内 可 以 找 人 代 办 签 注 吗	18
tr-376	港 澳 通 行 证 过 期 了 想 换 可 以 请 父 母 或 朋 友 帮 我 代 办 吗	18
tr-377	我 的 港 澳 通 行 证 签 注 时 间 过 期 了 我 人 在 外 地 看 之 前 的 留 言 说 是 可 以 请 人 持 我 的 通 行 证 重 新 签 注 请 问 还 需 要 我 本 人 的 身 份 证 吗	18
tr-378	成 都 市 户 籍 成 都 办 理 的 港 澳 通 行 证 人 在 外 地 请 他 人 代 办 续 签 可 以 吗	18
tr-379	我 的 港 澳 通 行 证 没 有 过 期 但 是 一 年 2 次 已 经 满 了 要 签 注 人 不 在 成 都 可 否 代 办	18
tr-380	我 可 以 顺 便 给 我 小 孩 这 里 港 澳 通 行 证 吗	18
tr-381	接 着 刚 才 的 问 题 我 在 外 地 委 托 他 人 代 办 港 澳 签 注 我 除 了 需 要 将 港 澳 通 行 证 寄 给 代 办 人 外 还 需 要 户 口 本 身 份 证 或 委 托 书 之 类 的 文 件 吗	18
tr-382	你 好 我 户 籍 在 成 都 因 异 地 工 作 原 因 港 澳 通 行 证 已 经 办 理 了 现 在 首 次 签 证 需 请 朋 友 在 成 都 代 办 请 问 需 要 什 么 资 料	18
tr-383	小 孩 没 有 身 份 证 办 理 港 澳 通 行 证 与 护 照 的 回 执 现 已 丢 失 怎 样 能 领 取 谢 谢	9
tr-384	领 取 护 照 和 港 澳 通 行 证 以 及 台 湾 证 的 单 子 丢 失 了 怎 么 办	9
tr-385	您 好 我 办 理 完 港 澳 通 行 证 把 凭 证 弄 丢 了 本 来 以 为 是 选 的 寄 送 服 务 现 在 发 现 不 是 人 不 在 成 都 我 现 在 怎 么 拿 到 证 件 呢	9
tr-386	你 好 我 办 理 了 港 澳 签 证 现 遗 失 了 回 执 单 请 问 怎 么 取 签 证 呢 谢 谢	9
tr-387	你 好 请 问 我 去 年 九 月 办 的 港 澳 通 行 证 现 在 找 不 到 那 些 单 子 了 可 以 直 接 凭 身 份 证 取 吗 谢 谢	9
tr-388	办 理 港 澳 通 行 证 是 我 选 择 了 邮 寄 但 我 现 在 又 想 自 己 去 拿 可 以 吗	9
tr-389	办 理 港 澳 和 台 湾 通 行 的 回 执 单 掉 了 凭 身 份 证 可 以 取 吗	9
tr-390	我 于 6 月 1 日 在 成 都 市 金 牛 区 出 入 境 管 理 大 队 办 理 了 护 照 及 港 澳 台 通 行 证 现 在 由 于 在 外 地 工 作 同 时 也 过 了 在 网 上 邮 寄 的 时 间 了 请 问 怎 么 才 能 领 取 这 几 个 证 件	9
tr-391	你 好 请 问 有 办 理 护 照 及 港 澳 通 行 证 回 执 单 及 发 票 不 用 带 身 份 证 可 以 领 取 吗 中 午 1 2 点 至 1 点 可 以 领 取 吗	9
tr-392	领 证 有 几 种 方 式	9
tr-393	护 照 和 港 澳 通 行 证 选 择 的 是 E M S 邮 寄 办 理 完 成 后 是 不 是 不 需 要 拿 身 份 证 和 回 执 单 去 出 入 境 部 门 领 取 证 件 直 接 邮 寄 到 填 写 的 地 址	9
tr-394	已 经 在 成 都 出 入 境 办 理 了 港 澳 通 行 证 去 取 的 时 候 需 要 带 什 么 文 件 和 证 件 吗	9
tr-395	请 问 请 问 回 执 单 找 不 见 了 怎 么 办	9
tr-396	我 办 理 了 我 和 我 老 公 以 及 儿 子 2 岁 的 港 澳 通 行 证 进 度 查 询 了 可 以 取 证 请 问 去 取 证 的 时 候 只 需 要 带 回 执 还 是 回 执 和 身 份 证 都 要 带	9
tr-397	你 好 我 的 港 澳 通 行 证 签 注 出 来 了 但 是 我 的 回 执 单 掉 了 请 问 要 怎 么 样 才 能 拿 到 我 的 通 行 证 呢	9
tr-398	办 港 澳 通 行 证 的 回 执 单 掉 了 可 以 用 身 份 证 来 领 取 吗	9
tr-399	港 澳 通 行 证 续 签 时 间	10
tr-400	外 地 户 口 嫁 到 重 庆 来 可 以 在 重 庆 办 吗	11
tr-401	非 成 都 户 口 办 理 港 澳 通 行 证 的 签 证 类 型 是 l 签 不 是 g 签 吗	10
tr-402	你 好 我 网 上 预 约 的 是 到 成 都 市 出 入 境 接 待 中 心 办 理 港 澳 同 行 证 续 签 但 想 去 金 牛 区 出 入 境 接 待 大 厅 办 理 不 知 可 否	10
tr-403	您 本	10
tr-404	户 口 是 高 新 区 集 体 户 办 港 澳 台 通 行 证 必 须 去 高 新 区 的 出 入 境 大 厅 办 理 还 是 在 成 都 市 内 任 意 一 区 就 可 以 办 理 呢	1
tr-405	今 天 去 日 月 光 广 场 分 理 处 办 理 港 澳 通 行 证 太 便 捷 高 效 啦 为 我 大 重 庆 的 出 入 境 管 理 点 赞	8
tr-406	港 澳 通 行 证 5 月 1 2 日 到 期 现 在 申 请 续 签 来 的 及 不 因 为 看 信 息 说 有 效 期 必 须 大 于 3 个 月	10
tr-407	有 没 有 其 他 证 件 可 以 代 替	17
tr-408	除 了 身 份 证 还 有 其 他 证 件 么	17
tr-409	其 他 有 效 证 件 可 以 吗	17
tr-410	可 以 用 身 份 证 以 外 的 证 件 办 理 吗	17
tr-411	我 的 身 份 证 弄 丢 了 是 吗	17
tr-412	可 以 用 其 他 的 证 件 吗	17
tr-413	可 以 用 复 印 件 吗	17
tr-414	是 否 可 以 用 学 生 证	17
tr-415	那 可 不 可 以 用 学 生 证 办 理	17
tr-416	是 不 是 必 须 要 户 口 本	17
tr-417	那 可 不 可 以 用 护 照 办 理 呢	17
tr-418	身 份 证 弄 丢 了 怎 么 办	17
tr-419	嗯 嗯 好 的 我 是 现 役 军 人	10
tr-420	请 问 可 以 拿 本 人 的 身 份 证 复 印 件 吗 因 为 取 证 那 几 天 本 人 不 在 重 庆	9
tr-421	我 想 咨 询 一 下 可 不 可 以 用 户 口 办 理 呢 没 有 身 份 证 成 年 人	17
tr-422	我 想 请 问 没 有 居 住 证 居 住 证 明 可 以 办 港 澳 第 二 次 签 注 吗	17
tr-423	因 为 办 理 身 份 证 的 时 间 有 点 长 我 可 以 先 用 临 时 身 份 证 办 理 港 澳 通 行 证 吗	17
tr-424	户 口 本 得 行 不	17
tr-425	请 问 开 州 区 的 户 口 现 在 港 澳 通 行 证 可 以 办 理 个 人 旅 游 签 注 吗	19
tr-426	旅 游 签 证 怎 么 办 理	19
tr-427	你 好 请 问 铜 梁 港 澳 通 行 证 团 签 可 以 改 个 人 签 吗	19
tr-428	旅 游 签 证	19
tr-429	都 江 堰 户 口 办 港 澳 通 行 证 可 以 自 由 行 吗	19
tr-430	旅 游	19
tr-431	请 问 我 办 理 了 香 港 的 出 入 境 但 是 我 户 口 在 铜 梁 只 能 办 团 队 的 可 是 我 直 飞 机 票 都 买 好 了 不 能 退 请 问 可 以 改 成 个 人 的 么	19
tr-432	我 办 了 港 澳 通 行 证 但 是 只 签 注 了 香 港 的 现 在 想 签 注 澳 门 的 可 以 吗	19
tr-433	我 办 港 澳 通 行 证 是 申 报 的 种 类 是 个 人 怎 么 办 下 来 种 类 是 团 队 旅 游 啊	19
tr-434	持 有 成 都 市 居 住 证 办 理 港 澳 通 行 证 请 问 是 个 人 旅 游 签 还 是 团 队 旅 游 签	19
tr-435	请 问 有 港 澳 通 行 证 在 川 内 办 的 但 是 没 有 签 注 过 户 口 是 上 学 期 间 迁 到 成 都 的 能 签 个 人 游 吗	19
tr-436	办 理 港 澳 通 行 证 时 办 的 是 团 签 如 何 改 成 个 人 旅 游 签 注 呢 谢 谢	19
tr-437	请 问 下 綦 江 户 口 办 理 港 澳 通 行 证 只 能 办 旅 游 签 不 能 个 人 签 吗 不 能 直 飞 香 港 吗	19
tr-438	请 问 简 阳 户 口 可 以 办 理 赴 港 澳 个 人 旅 游 签 注 吗	19
tr-439	我 有 居 住 证 能 在 成 都 续 签 港 澳 通 行 证 签 注 吗 是 个 人 旅 游 签 注 还 是 团 队 旅 游 签 注	19
tr-440	不 是 重 新 户 籍 居 民	20
tr-441	不 是 啊	20
tr-442	不	20
tr-443	否	20
tr-444	我 不 是 重 庆 的	20
tr-445	哎 不 是	20
tr-446	不 是 那	20
tr-447	不 可 以	20
tr-448	不 是	20
tr-449	不 对	20
tr-450	不 是 啊 啊	20
tr-451	我 说 不 是	20
tr-452	不 是 首 次 那 里	20
tr-453	哦 不 是	20
tr-454	没 有 啊	20
tr-455	没 对	20
tr-456	从	10
tr-457	不 是 重 庆 户 籍	20
tr-458	不 是 不 是 打 过 来	20
tr-459	没	20
tr-460	不 对 的	20
tr-461	不 清 楚	8
tr-462	不 是 太 清 楚	8
tr-463	快 递 取 证 价 格	21
tr-464	游 戏 费 用 怎 么 退 呀	10
tr-465	快 递 证 件 怎 么 算	21
tr-466	邮 寄 证 件 多 少 钱	21
tr-467	邮 寄 证 件 收 费 标 准	21
tr-468	快 递 证 件 便 宜 么	21
tr-469	同 城 快 递 多 少 钱	21
tr-470	邮 寄 签 注 收 费 标 准	21
tr-471	邮 寄 证 件 便 宜 么	21
tr-472	快 递 费 用 高 么	21
tr-473	快 递 取 证 收 费 标 准	21
tr-474	邮 寄 证 件 贵 不 贵 呀	21
tr-475	邮 寄 证 件 价 格 标 准	21
tr-476	邮 费	21
tr-477	快 递 取 证 不 便 宜 吧	21
tr-478	快 递 费 用 不 便 宜 吧	21
tr-479	快 递 取 证 便 宜 么	21
tr-480	游 戏 费 用 怎 么 算 的	21
tr-481	邮 寄 证 件 怎 么 收 费	21
tr-482	邮 寄 费 用 怎 么 算 呀	21
tr-483	快 递 取 证 怎 么 算	21
tr-484	邮 寄 费 用 怎 么 算	21
tr-485	怎 么 计 费 怎 么 算	21
tr-486	快 递 证 件 收 费 标 准	21
tr-487	您 好 我 于 上 月 1 5 日 申 办 的 护 照 及 港 澳 通 行 证 异 地 户 口 受 理 通 知 单 上 标 注 的 是 通 知 由 于 目 前 尚 未 接 到 任 何 领 取 通 知 故 想 咨 询 下 大 概 还 需 要 多 久 可 以 拿 到 护 照 十 分 感 谢	4
tr-488	现 在 好 以 后 可 以 找 人 带 你 们	5
tr-489	还 是 需 要 回 复 和 所 在 地 自 己 倾 注 谢 谢	8
tr-490	我 在 江 北 区	10
tr-491	旅 游 县 镇	10
tr-492	我 的 港 澳 通 行 证 7 月 到 期 请 问 现 在 还 可 以 签 吗	11
tr-493	周 末 可 不 可 以 取 护 照	12
tr-494	好 行	13
tr-495	哦 行 好 的	13
tr-496	可 以 可 以 可 以	13
tr-497	没 问 题 可 以	13
tr-498	哦 可 以 可 以 可 以	13
tr-499	可 以 啊 我 现 在 的	13
tr-500	恩 可 以	13
tr-501	嗯 可 以 啊	13
tr-502	我 要 去 香 港 灿 杏 顺 便 去 澳 门 制 定	16
tr-503	由 于 近 期 户 口 重 原 籍 迁 移 到 成 都 那 在 原 户 口 所 在 地 办 理 护 照 港 澳 通 行 证 台 湾 通 行 证 是 否 需 要 更 换 原 来 的 护 照 港 澳 通 行 证 台 湾 通 行 证 是 否 可 以 继 续 正 常 使 用	10
tr-504	港 澳 签 证 是 L 签 签 发 地 是 四 川 可 以 从 成 都 直 飞 香 港 吗	10
tr-505	本 地 户 口 的 用 临 时 身 份 证 的 话 不 用 带 户 口 薄 吧	10
tr-506	去 台 湾 在 香 港 中 转 需 要 携 带 港 澳 通 行 证 吗	10
tr-507	我 是 大 陆 游 客 于 1 0 月 1 4 日 从 台 北 飞 成 都 中 途 经 停 香 港 1 1 小 时 想 去 香 港 逛 一 圈 有 台 湾 通 行 证 和 入 台 证 是 不 是 就 不 需 要 港 澳 通 行 证 了	10
tr-508	2 2 号 收 到 短 信 通 知 领 取 港 澳 通 行 证 今 日 2 4 号 下 午 可 以 领 取 吗	4
tr-509	之 前 在 武 侯 区 出 入 境 中 心 办 理 了 护 照 和 港 澳 台 通 行 证 但 是 半 个 月 后 只 收 到 了 港 澳 台 通 行 证 可 以 领 取 的 通 知 短 信	10
tr-510	成 都 首 次 办 理 港 澳 通 行 证 可 以 在 自 助 办 理 机 上 办 理 吗	11
tr-511	请 问 一 下 我 从 内 地 到 香 港 往 返 期 间 如 果 要 去 澳 门 一 次 的 话 香 港 签 注 办 理 一 次 往 返 就 可 以 了 吗 我 在 港 澳 一 共 停 留 5 天	6
tr-512	我 预 约 3 月 2 0 日 办 普 通 护 照 和 港 澳 签 证 不 知 道 是 否 成 功 再 预 约 不 起 了	10
tr-513	今 天 港 澳 签 注 网 络 界 面 无 法 提 交 内 容 错 乱 无 法 填 报 上 传	10
tr-514	警 官 您 好 我 想 请 问 一 下 港 澳 通 行 证 的 受 理 号 码 怎 么 查 询 呢	10
tr-515	如 何 查 询 谢 谢	10
tr-516	喂 你 见 可 不 可 以	10
tr-517	名 字 是 多 音 字 办 理 港 澳 通 行 证 是 拼 音 A	10
tr-518	刚 刚 在 网 上 签 注 的 港 澳 通 行 证 点 错 了 只 选 择 香 港 一 次 已 经 付 了 钱 能 不 能 修 改 哦 还 是 再 重 新 签 一 次	10
tr-519	请 问 代 办 港 澳 通 行 签 注 需 本 人 的 委 托 书 吗	18
tr-520	请 问 身 份 证 丢 失 可 不 可 以 用 临 时 身 份 证 办 理 菲 律 宾 签 证 和 港 澳 通 行 证 到 期 换 证 业 务 谢 谢	17
tr-521	能 否 用 行 驶 证 军 人 证 社 保 卡 办 理	17
tr-522	请 问 异 地 户 口 交 满 一 年 的 社 保 没 居 住 证 只 有 一 个 暂 住 凭 证 能 办 理 港 澳 通 行 证 吗	17
tr-523	我 的 身 份 证 弄 丢 了	17
tr-524	有 其 他 证 件 替 代 身 份 证 可 以 不	17
tr-525	我 的 身 份 证 丢 失 了 办 了 临 时 身 份 证 请 问 可 以 用 临 时 身 份 证 可 以 办 理 港 澳 通 行 证 和 护 照 吗	17
tr-526	请 问 我 都 江 堰 的 户 口 用 临 时 身 份 证 能 否 在 成 都 办 理 港 澳 台 通 行 证	17
tr-527	我 老 婆 是 达 州 的 结 婚 之 前 她 在 达 州 当 地 办 理 了 护 照 港 澳 通 行 证 没 有 签 注 过 结 婚 后 户 口 迁 到 了 彭 州 请 问 她 如 果 去 香 港 自 由 行 需 要 什 么 手 续	19
tr-528	已 有 港 澳 通 行 证 户 籍 所 在 地 是 海 南 的 但 是 有 成 都 的 暂 住 证 可 以 在 本 市 办 理 旅 游 签 注 吗	11
tr-529	你 好 我 是 自 贡 户 口 在 成 都 有 居 住 证 在 成 都 办 理 的 港 澳 通 行 证 请 问 居 住 证 持 证 人 可 以 办 理 去 港 澳 的 个 人 自 由 行 签 注 吗 之 前 的 政 策 是 只 能 办 理 团 体 旅 游 签 注 谢 谢	19
tr-530	港 澳 通 行 证 四 川 宜 宾 市 高 县 那 边 默 认 的 种 类 是 团 队 旅 游 L 公 司 让 过 去 出 差 成 都 飞 香 港 请 问 能 在 成 都 出 入 境 哪 里 办 理 团 队 改 个 人 吗 急 急 急	19
tr-531	老 公 在 老 家 办 理 了 港 澳 通 行 证 签 注 只 能 做 L 团 签 现 在 户 口 迁 到 成 都 了 是 否 可 以 办 理 个 人 旅 游 签 注 需 要 什 么 手 续 谢 谢	19
tr-532	外 地 户 口 办 理 的 港 澳 通 行 证 种 类 是 团 队 旅 游 从 成 都 双 流 机 场 出 境 到 香 港 是 直 接 凭 港 澳 通 行 证 的 有 效 签 注 出 境 就 好 了 还 是 必 须 要 跟 旅 游 团 带 的	19
tr-533	为 什 么 不 回 答 我 的 问 题 我 都 问 了 三 次 了 我 港 澳 通 行 证 在 四 川 达 州 办 的 昨 天 在 成 都 签 注 的 从 成 都 直 飞 香 港 出 差 请 问 还 需 要 办 理 团 签 吗	19
tr-534	你 好 我 是 德 阳 地 区 的 户 口 港 澳 通 行 证 是 在 德 阳 办 的 现 在 有 成 都 的 居 住 证 请 问 可 以 用 原 来 的 通 行 证 在 成 都 办 理 香 港 个 人 旅 游 签 注 吗	11
tr-535	你 好 问 一 下 我 是 重 庆 的 办 理 的 港 澳 通 行 证 是 团 队 旅 游 L 是 不 是 必 须 只 有 跟 团 才 能 去	19
tr-536	我 在 重 庆 市 但 是 所 在 的 区 县 不 能 办 理 个 人 旅 游 在 主 城 可 以 办 理 吗	19
tr-537	户 口 是 凉 山 州 西 昌 市 港 澳 通 行 证 也 是 在 西 昌 办 的 现 在 办 理 了 成 都 的 居 住 证 港 澳 通 行 证 能 签 注 个 人 旅 游 G 吗 还 是 只 能 签 注 团 队 旅 游 L	19
