train0	七 个 工 作 日 怎 么 算 呀 在 学	0
train1	去 搞 工 作 日 怎 么 办 呀	0
train2	有 偿 服 务 是 什 么 意 思	0
train3	嗯 请 问 关 系 证 明 是 什 么 呀	0
train4	泉 州 是 什 么 意 思 啊	0
train5	是 个 工 作 日 怎 么 算 呀	0
train6	七 十 五 工 作 日 计 算 的	0
train7	什 么 时 候 国 家 备 案 人 员	0
train8	有 偿 服 务 的 意 思 是 什 么	0
train9	全 部 关 系 证 明 是 什 么	0
train10	什 么 是 国 家 备 案 人 员 啊	0
train11	是 国 家 备 案 证 呀	0
train12	什 么 是 国 家 备 案 人 员 呀	0
train13	嗯 七 个 工 作 日 怎 么	0
train14	肩 负 关 系 证 明 是 什 么 呀	0
train15	国 家 队 呀 元 是 什 么 意 思	0
train16	什 么 是 国 家 这 样 人 呀	0
train17	就 逃 服 务 啥 意 思	0
train18	是 个 工 作 日 如 何 计 算 的	0
train19	什 么 是 牵 住 呢	0
train25	你 好 我 想 了 解 一 下 在 网 上 签 注 港 澳 通 行 证 然 后 说 我 证 件 不 符 合 网 签 条 件 是 什 么 意 思	0
train26	什 么 是 国 家 必 然 人 员 呀	0
train27	今 天 哪 里 可 以 办 理	1
train28	我 在 渝 北 区 在 哪 里 办 理 一 笔 小 新	1
train29	我 在 江 北 街 在 哪 里 办 理 比 较 近 啊	1
train30	学 生 去 的 在 哪 里 可 以 办 理	1
train31	请 问 港 澳 旅 游 签 注 续 签 在 武 侯 区 办 证 中 心 可 以 办 理 么	1
train32	您 好 请 问 我 是 外 地 户 口 必 须 要 到 市 局 办 证 厅 办 理 吗	1
train33	我 在 渝 中 区 在 哪 里 办 理 比 较 轻	1
train34	如 果 可 以 对 办 理 地 点 有 无 限 制	1
train35	请 问 遂 宁 办 理 的 港 澳 通 行 证 续 签 在 成 都 哪 里 可 以 续 签 我 是 本 子 的 通 行 证	1
train36	我 户 口 在 山 西 港 澳 通 行 证 需 要 续 签 请 问 在 成 都 可 以 办 理 吗 需 要 什 么 材 料 到 哪 里 去 办 理 谢 谢	1
train37	我 在 渝 北 区 在 哪 里 把 你 比 较 新	1
train38	我 在 江 北 区 在 哪 里 办 理 比 较	1
train39	可 以 到 高 新 区 出 入 境 大 厅 办 理 吗	1
train40	你 水 区 办 理 地 址 在 哪 里	1
train41	重 庆 市 户 口 办 理 港 澳 通 行 证 新 鲜 可 以 在 哪 里 自 助 办 理	1
train42	请 问 双 流 户 口 必 须 去 双 流 分 局 办 理 港 澳 通 行 证 吗 可 以 去 高 新 区 或 者 天 府 新 区 办 不	1
train43	重 新 户 口 办 港 澳 通 行 证 在 哪 里 办	1
train44	在 哪 儿 办 谢 谢	1
train45	我 在 渝 北 区 在 哪 里 办 理 的 条 件	1
train46	港 澳 通 行 证 快 到 期 了 在 高 新 区 办 证 中 心 出 入 境 接 待 大 厅 天 府 一 期 那 个 可 否 办 理	1
train52	户 口 是 高 新 区 集 体 户 办 港 澳 台 通 行 证 必 须 去 高 新 区 的 出 入 境 大 厅 办 理 还 是 在 成 都 市 内 任 意 一 区 就 可 以 办 理 呢	1
train53	办 理 港 澳 再 次 签 注 的 自 助 网 点 有 哪 些	1
train54	办 理 港 澳 通 行 证 贵 不 贵	2
train55	办 理 签 证 要 多 少 钱	2
train56	去 香 港 耍 一 次 要 好 多 钱	2
train57	一 次 一 年 有 效 签 注 的 费 用	2
train58	哎 签 证 需 要 多 少 钱	2
train59	去 澳 门 耍 办 理 费 用 是 否 要 很 多 钱	2
train60	办 港 澳 通 行 证 好 多 钱	2
train61	办 签 证 需 要 多 少 钱 呀	2
train62	办 签 证 需 要 多 少 钱 呀	2
train63	办 一 个 签 证 多 少 钱	2
train64	去 澳 门 耍 一 次 要 好 多 钱	2
train65	多 少 钱	2
train66	港 澳 通 行 证 好 多 钱	2
train67	是 否 很 贵	2
train68	成 都 武 侯 区 户 口 港 澳 通 行 证 跟 换 多 少 钱 几 个 工 作 日 可 以 取 希 望 尽 快 电 话 回 复 一 声 谢 谢 谢 谢	2
train69	办 护 照 和 港 澳 通 行 证 分 别 需 要 多 少 钱 呢	2
train70	香 港 旅 游 办 理 证 件 费 用 是 好 多	2
train71	喂 你 好 三 签 证 需 要 多 少 钱	2
train72	他 办 理 港 澳 通 行 证 的 费 用 是 多 少	2
train73	港 澳 通 行 证 过 期 重 新 办 理 怎 么 样 收 费	2
train79	办 签 证 要 多 少 钱 呀	2
train80	是 不 是 没 有 年 龄 限 制	3
train81	我 妈 可 以 办 理 不	3
train82	我 奶 奶 可 以 办 理 不	3
train83	婴 儿 可 以 办 理 么	3
train84	办 理 年 龄 有 什 么 要 求	3
train85	我 女 儿 没 有 上 小 学 可 以 办 理 不	3
train86	读 书 娃 儿 可 以 办 不	3
train87	我 爷 爷 可 以 办 理 不	3
train88	有 没 有 办 理 年 龄 要 求	3
train89	对 办 理 的 年 利 有 何 要 求	3
train90	我 爸 可 以 办 理 么	3
train91	年 龄 有 限 制 没 有	3
train92	小 朋 友 可 以 办 不	3
train93	学 生 可 以 办 理 吗	3
train94	没 满 1 6 岁 能 办 理 么	3
train95	读 大 学 可 以 办 理 港 澳 通 行 证 不	3
train96	办 理 年 龄 要 求 的 要 求 是 什 么	3
train97	读 初 中 可 以 办 理 港 澳 通 行 证 不	3
train98	你 买 十 六 岁	3
train99	小 孩 可 以 办 理 么	3
train105	高 中 生 可 以 办 理 吗	3
train106	请 问 港 澳 通 行 证 第 二 次 续 签 大 概 要 几 个 工 作 日 最 快 可 以 领 到	4
train107	你 好 请 问 一 下 不 是 重 庆 户 口 办 签 证 的 话 需 要 多 长 时 间	4
train108	以 前 在 湖 北 办 理 的 港 澳 通 行 证 并 签 注 了 一 次 后 户 口 转 为 成 都 户 口 下 个 月 想 去 港 澳 请 问 本 次 在 成 都 办 理 签 注 需 要 多 长 时 间 谢 谢	4
train109	请 问 现 在 办 理 港 澳 通 行 证 什 么 时 候 可 以 拿 到 我 是 云 南 户 口	4
train110	你 好 请 问 今 天 中 午 送 去 自 助 签 得 港 澳 签 注 6 号 中 午 可 以 取 吗 回 执 单 上 是 说 两 个 工 作 日 可 取	4
train111	办 理 港 澳 通 行 证 需 要 多 久 呢	4
train112	本 人 阿 坝 州 人 满 足 在 成 都 办 理 护 照 的 条 件 7 月 2 9 日 在 出 入 境 管 理 处 办 理 的 护 照 港 澳 台 通 行 证 最 快 多 久 能 拿 到 证 件	4
train113	港 澳 通 行 证 已 办 理 很 久 一 直 没 收 到 消 息 也 没 拿 到 证 件	4
train114	办 理 时 间 长 吗	4
train115	请 问 我 已 经 拿 到 了 港 澳 台 通 行 证 但 是 还 没 有 办 理 过 签 注 请 问 首 次 办 理 签 注 一 年 两 次 几 天 可 以 签 下 来 办 理 方 式 是 什 么 呢 谢 谢	4
train116	办 理 需 要 多 久	4
train117	配 偶 和 小 孩 均 北 京 户 口 已 在 北 京 办 港 澳 通 行 证 但 已 过 期 需 要 续 签 请 问 在 成 都 办 理 最 快 多 久 能 拿 到	4
train118	在 成 都 上 学 但 是 户 口 是 省 外 的 急 办 港 澳 通 行 证 学 校 开 了 证 明 现 在 预 约 了 1 2 1 7 的 办 理 请 问 可 不 可 能 在 月 底 3 1 号 前 拿 到 呢	4
train119	港 澳 通 行 证 遗 失 怎 么 补 办 需 要 多 久	4
train120	我 的 港 澳 通 行 证 到 期 了 户 口 是 成 都 本 地 的 请 问 重 新 办 理 需 要 多 长 时 间	4
train121	请 问 2 0 1 5 年 9 月 2 7 号 申 请 的 港 澳 在 线 二 次 签 注 什 么 时 候 可 以 领 取 已 经 付 款 但 是 没 有 收 到 相 关 短 信 不 知 道 是 否 在 进 行 中	4
train122	请 问 现 在 想 办 理 港 澳 通 行 证 年 前 能 拿 到 吗	4
train123	请 问 港 澳 签 注 续 签 需 要 多 少 工 作 日	4
train124	办 理 港 澳 通 行 证 后 什 么 时 间 能 拿 到 呢	4
train125	你 好 请 问 港 澳 签 证 最 短 时 间 何 时 能 把 证 领 到 手 谢 谢	4
train126	已 经 办 理 的 时 间 多 久	4
train127	请 问 办 理 好 港 澳 通 行 证 签 注 需 要 多 长 时 间	4
train128	请 问 一 下 港 澳 通 行 证 需 要 几 天 呢	4
train129	请 问 港 澳 通 行 证 最 快 几 天 可 以 办 好	4
train136	代 领 要 哪 些 资 料	5
train137	请 问 港 澳 通 行 证 和 台 湾 通 行 证 能 否 代 领	5
train138	代 领 有 要 求 吗	5
train139	港 澳 通 行 证 可 以 让 让 同 学 帮 助 代 领 吗	5
train140	证 办 好 以 后 可 以 找 代 理 不	5
train141	帮 别 人 领 可 以 吗	5
train142	可 以 代 为 领 取 吗	5
train143	因 本 人 在 外 地 工 作 可 否 委 托 他 人 代 为 领 取 护 照 港 澳 通 行 证 等	5
train144	港 澳 通 行 证 他 人 帮 忙 领 取 的 话 需 要 哪 些 证 件 呢 上 班 时 间 实 在 走 不 开 谢 谢	5
train145	浜 镇 的 好 友 就 可 以 找 人 带 你 不	5
train146	代 领 手 续 怎 么 办 理	5
train147	帮 他 人 领 取 可 以 吗	5
train148	你 好 我 想 请 问 可 不 可 以 非 本 人 领 取 护 照 和 港 澳 通 行 证	5
train149	办 理 的 护 照 和 港 澳 通 行 证 请 家 人 代 领 需 要 带 什 么	5
train150	请 问 护 照 港 澳 通 行 证 及 往 来 台 湾 通 行 证 由 家 人 代 领 需 要 哪 些 材 料	5
train151	我 老 婆 在 网 上 申 请 的 港 澳 通 行 证 二 次 签 证 我 能 代 替 她 去 现 场 拿 证 吗 需 要 代 什 么 证 件	5
train152	港 澳 通 行 证 可 以 代 领 吗 只 有 身 份 证 照 片 和 回 执 单 照 片	5
train153	请 问 领 护 照 和 港 澳 通 行 证 时 可 否 不 用 本 人 来 领 代 办 人 都 需 要 什 么 证 件	5
train154	证 办 好 以 后 可 不 可 以 找 人 代 理 啊	5
train155	通 过 蓉 城 e 申 请 的 港 澳 通 行 证 加 注 可 以 他 人 去 蓉 城 e 窗 口 代 领 取 么	5
train156	港 澳 通 行 证 已 经 办 理 完 成 办 理 时 选 择 自 取 由 于 本 人 临 时 出 差 时 间 较 长 但 证 件 急 用 可 否 由 家 人 用 户 口 本 和 回 执 代 领 谢 谢	5
train157	证 办 好 以 后 可 以 找 代 理 啵	5
train158	可 以 他 人 代 领 吗	5
train159	您 好 我 已 收 到 证 件 办 理 完 成 的 信 息 自 取 请 问 别 人 可 否 持 我 的 领 取 回 执 单 代 领 普 通 护 照 港 澳 台 通 行 证 谢 谢	5
train166	是 否 可 以 让 他 人 代 领 办 好 的 护 照 和 港 澳 通 行 证 或 者 代 领 要 带 什 么 手 续	5
train167	证 办 好 以 后 可 以 找 人 代 领 扣	5
train168	现 在 好 以 后 可 以 找 人 带 你 们	5
train169	可 以 去 澳 门 几 次	6
train170	可 以 耍 多 长	6
train171	可 以 去 好 多 次	6
train172	然 后 重 新 证 可 以 在 香 港 呆 多 久	6
train173	我 港 澳 通 行 证 的 签 注 有 效 期 为 2 0 1 7 6 9 2 0 1 8 6 8 那 我 2 0 1 8 年 6 月 8 号 到 香 港 玩 逗 留 几 天 再 走 这 样 行 不 行 呀	6
train174	港 澳 通 行 证 可 以 在 香 港 呆 多 久	6
train175	可 以 在 香 港 玩 多 久	6
train176	你 好 请 问 一 下 港 澳 通 行 证 首 次 申 领 后 的 第 一 年 是 不 是 不 用 办 理 签 证 可 以 往 返 港 澳 两 次	6
train177	港 澳 通 行 证 可 以 在 香 港 的 多 久	6
train178	请 问 港 澳 通 行 证 怎 么 查 看 牵 着 时 间	6
train179	恩 好 通 行 证 可 以 在 香 港 的 多 久	6
train180	护 照 和 港 澳 台 通 行 证 的 有 效 期 分 别 是 多 少 呢	6
train181	可 以 去 香 港 几 次	6
train182	高 不 用 用 可 以 在 香 港 待 多 久 啊	6
train183	香 港 可 以 去 几 次	6
train184	逗 留 时 间 有 限 制 么	6
train185	请 问 办 理 港 澳 通 行 证 可 以 办 理 多 次 吗	6
train186	行 程 是 国 外 香 港 澳 门 内 地 请 问 需 要 几 次 港 澳 签 注	6
train187	澳 门 可 以 去 几 次	6
train188	最 长 可 以 呆 多 长 时 间	6
train189	能 出 关 几 次	6
train190	能 逗 留 多 长 时 间 呢	6
train191	可 以 去 几 次	6
train192	打 通 行 证 可 以 在 香 港 带 多 少	6
train199	支 付 宝 可 以 付 款 吗	7
train200	支 持 支 付 宝 支 付 不	7
train201	支 付 宝 可 以 支 付 吗	7
train202	可 以 支 付 宝 支 付 吗	7
train203	资 金 支 持 微 信 支 付 宝 宝	7
train204	能 微 信 支 付 宝 支 付 吗	7
train205	支 付 宝 支 付 得 行 不	7
train206	可 以 支 付 宝 支 付 吗	7
train207	办 港 澳 通 行 证 费 用 可 以 现 金 支 付 或 者 微 信 支 付 吗	7
train208	支 持 微 信 支 付 吗	7
train209	可 以 微 信 支 付 吗	7
train210	你 微 信 付 款 不	7
train211	支 持 威 信 付 款 过	7
train212	可 以 威 信 付 款 吗	7
train213	支 付 威 信 付 款 啵	7
train214	支 持 威 信	7
train215	现 金 支 付 得 行 吗	7
train216	就 是 不 支 持 威 信 付 款	7
train217	支 付	7
train218	可 以 银 行 卡 支 付 吗	7
train219	可 以 现 金 付 费 不	7
train220	银 行 卡 可 以 付 款 不	7
train221	人 在 外 地 已 经 办 过 证 了 再 签 的 话 怎 么 付 款 呢	7
train222	可 以 现 金 支 付 吗	7
train229	谢 谢	8
train230	感 谢	8
train231	没 了 谢 谢	8
train232	没 有 了 谢 谢	8
train233	哦 好 的 好 的	8
train234	怎 么 投 啊 我 是 真 的 觉 得 你 们 很 不 错 啊	8
train235	好 的 没 有 了	8
train236	好 的	8
train237	恭 喜	8
train238	好 的 吧	8
train239	啊	8
train240	没 有 了	8
train241	然 后	8
train242	出 入 境 微 博 越 做 越 好 了 加 油	8
train243	嗯 哼	8
train244	没 关 系	8
train249	不 知 道	8
train250	不 清 楚	8
train251	不 是 太 清 楚	8
train252	还 是 需 要 回 复 和 所 在 地 自 己 倾 注 谢 谢	8
train253	办 理 港 澳 通 行 证 的 回 执 单 和 发 票 遗 失 如 何 去 出 入 境 处 领 取 证 卡 需 要 提 供 哪 些 手 续	9
train254	能 不 能 快 递 过 来	9
train255	给 地 址 寄 过 来 可 以 吗	9
train256	邮 寄 可 以 吗	9
train257	领 证 需 要 带 哪 些 东 西	9
train258	取 证 件 可 以 不 带 身 份 证 吗	9
train259	小 孩 没 有 身 份 证 办 理 港 澳 通 行 证 与 护 照 的 回 执 现 已 丢 失 怎 样 能 领 取 谢 谢	9
train260	你 好 在 成 都 成 华 区 公 安 入 境 大 厅 办 理 的 护 照 和 港 澳 通 行 证 的 回 执 单 掉 了 怎 么 办	9
train261	领 取 护 照 和 港 澳 通 行 证 以 及 台 湾 证 的 单 子 丢 失 了 怎 么 办	9
train262	您 好 我 办 理 完 港 澳 通 行 证 把 凭 证 弄 丢 了 本 来 以 为 是 选 的 寄 送 服 务 现 在 发 现 不 是 人 不 在 成 都 我 现 在 怎 么 拿 到 证 件 呢	9
train263	你 好 我 办 理 了 港 澳 签 证 现 遗 失 了 回 执 单 请 问 怎 么 取 签 证 呢 谢 谢	9
train264	你 好 请 问 我 去 年 九 月 办 的 港 澳 通 行 证 现 在 找 不 到 那 些 单 子 了 可 以 直 接 凭 身 份 证 取 吗 谢 谢	9
train265	办 理 港 澳 通 行 证 是 我 选 择 了 邮 寄 但 我 现 在 又 想 自 己 去 拿 可 以 吗	9
train266	办 理 港 澳 和 台 湾 通 行 的 回 执 单 掉 了 凭 身 份 证 可 以 取 吗	9
train267	我 于 6 月 1 日 在 成 都 市 金 牛 区 出 入 境 管 理 大 队 办 理 了 护 照 及 港 澳 台 通 行 证 现 在 由 于 在 外 地 工 作 同 时 也 过 了 在 网 上 邮 寄 的 时 间 了 请 问 怎 么 才 能 领 取 这 几 个 证 件	9
train268	你 好 请 问 有 办 理 护 照 及 港 澳 通 行 证 回 执 单 及 发 票 不 用 带 身 份 证 可 以 领 取 吗 中 午 1 2 点 至 1 点 可 以 领 取 吗	9
train269	请 问 一 下 办 理 港 澳 通 行 证 时 候 领 证 的 回 执 单 掉 了 怎 么 处 理	9
train270	领 证 有 几 种 方 式	9
train271	护 照 和 港 澳 通 行 证 选 择 的 是 E M S 邮 寄 办 理 完 成 后 是 不 是 不 需 要 拿 身 份 证 和 回 执 单 去 出 入 境 部 门 领 取 证 件 直 接 邮 寄 到 填 写 的 地 址	9
train272	已 经 在 成 都 出 入 境 办 理 了 港 澳 通 行 证 去 取 的 时 候 需 要 带 什 么 文 件 和 证 件 吗	9
train278	我 办 理 护 照 和 港 澳 通 行 证 的 回 执 单 不 慎 丢 了 但 收 费 票 据 还 在 请 问 怎 么 办	9
train279	请 问 可 以 拿 本 人 的 身 份 证 复 印 件 吗 因 为 取 证 那 几 天 本 人 不 在 重 庆	9
train280	嗯 嗯 嗯	10
train281	已 满 了	10
train282	就 是 关 系 证 明	10
train283	是 搞 工 作 日 如 何 接 转 账	10
train284	周 末 合 计 一 下 是 没 有 三 代 嘞 吧	10
train285	市 局 那 里 停 用 了 吗	10
train286	只 需 携 带 港 澳 通 行 证 吗	10
train287	我 去 看 看 怎 么 办	10
train288	我 去 看 天 怎 么 办	10
train289	哎 我 去 餐 厅	10
train290	你 看 你 怎 么 办	10
train291	喂 只 需 要 身 份 证 或 子	10
train292	一 满 十 六 岁	10
train293	非 常 坚 固 狗 重 新 再	10
train294	办 身 份 证 需 要 多 少 钱 啊	10
train295	啊 前 面 需 要 多 少 钱	10
train296	没 有 东 西 似 的	10
train297	那 你 需 要 多 少 钱 您	10
train298	成 都 市 内 出 了 顺 城 大 街 还 有 哪 里 可 以 办 护 照 我 的 位 置 在 机 场 附 近 还 有 照 片 可 不 可 以 直 接 使 用 之 前 港 澳 通 行 证 的 照 片	10
train299	请 问 北 碚 办 护 照 在 哪 里 办 需 要 带 什 么 证 件 办 理 大 约 需 要 多 少 钱	10
train300	回 去 干 就 是 和 你 这 个 呢	10
train301	港 澳 通 行 证 续 签 时 间	10
train302	成 都 高 新 户 籍 1 5 年 6 月 办 理 港 澳 通 行 证 一 直 未 使 用 今 年 1 2 月 底 准 备 去 香 港 通 行 证 需 要 二 次 签 注 吗	10
train303	非 成 都 户 口 办 理 港 澳 通 行 证 的 签 证 类 型 是 l 签 不 是 g 签 吗	10
train304	你 好 我 网 上 预 约 的 是 到 成 都 市 出 入 境 接 待 中 心 办 理 港 澳 同 行 证 续 签 但 想 去 金 牛 区 出 入 境 接 待 大 厅 办 理 不 知 可 否	10
train305	您 本	10
train306	港 澳 通 行 证 5 月 1 2 日 到 期 现 在 申 请 续 签 来 的 及 不 因 为 看 信 息 说 有 效 期 必 须 大 于 3 个 月	10
train307	嗯 嗯 好 的 我 是 现 役 军 人	10
train308	从	10
train309	游 戏 费 用 怎 么 退 呀	10
train310	我 在 江 北 区	10
train311	旅 游 县 镇	10
train312	由 于 近 期 户 口 重 原 籍 迁 移 到 成 都 那 在 原 户 口 所 在 地 办 理 护 照 港 澳 通 行 证 台 湾 通 行 证 是 否 需 要 更 换 原 来 的 护 照 港 澳 通 行 证 台 湾 通 行 证 是 否 可 以 继 续 正 常 使 用	10
train313	港 澳 签 证 是 L 签 签 发 地 是 四 川 可 以 从 成 都 直 飞 香 港 吗	10
train314	本 地 户 口 的 用 临 时 身 份 证 的 话 不 用 带 户 口 薄 吧	10
train315	去 台 湾 在 香 港 中 转 需 要 携 带 港 澳 通 行 证 吗	10
train325	港 澳 通 行 证 已 经 办 了 差 不 多 一 个 月 了 到 入 境 处 询 问 说 是 已 经 寄 出 去 了 但 是 现 在 还 没 收 到 没 有 回 执 单 也 不 能 查 到 进 程 想 知 道 快 递 单 号 因 为 明 天 的 飞 机 谢 谢	10
train326	刚 刚 在 网 上 签 注 的 港 澳 通 行 证 点 错 了 只 选 择 香 港 一 次 已 经 付 了 钱 能 不 能 修 改 哦 还 是 再 重 新 签 一 次	10
train327	您 好 我 想 问 下 我 今 天 刚 迁 好 户 口 落 户 重 庆 了 但 我 以 前 的 港 澳 通 行 证 是 L 签 我 需 要 来 大 厅 重 新 办 理 通 行 证 吗 还 有 护 照	10
train328	最 重 新 户 籍 能 否 首 次 办 理 港 澳 通 行 证	11
train329	非 重 新 户 口 可 以 再 重 新 办 理 港 澳 签 注 申 请 吗	11
train330	呃 外 地 户 口 在 成 都 念 大 学 可 以 续 签 港 澳 通 行 证 吗	11
train331	我 是 成 都 市 户 口 可 以 在 湖 北 省 办 理 港 澳 通 行 证 和 护 照 吗	11
train332	非 成 都 户 口 成 都 就 读 大 学 生 能 否 在 成 都 办 理 港 澳 通 行 证	11
train333	绵 阳 三 台 户 口 能 在 成 都 办 理 自 助 港 澳 签 注 吗	11
train334	已 经 在 老 家 甘 肃 办 好 了 港 澳 台 通 行 证 但 没 有 签 注 可 不 可 以 在 成 都 签 注	11
train335	外 地 户 口 在 成 都 工 作 有 1 年 的 社 保 可 以 办 理 港 澳 通 行 证 吗	11
train336	怎 么 办 理 港 澳 通 行 证 的	11
train337	港 澳 通 行 证 到 期 能 否 在 网 上 办 理 户 口 在 高 新 区 能 否 预 约 锦 江 区 办 理	11
train338	外 地 签 发 的 港 澳 通 行 证 目 前 户 口 在 成 都 如 何 办 理 加 签 注	11
train339	你 好 我 是 在 成 都 上 学 的 大 学 生 户 口 是 安 徽 的 能 不 能 办 理 港 澳 通 行 证 因 为 离 家 较 远 所 以 希 望 可 以 在 成 都 办 理	11
train340	您 好 我 于 2 0 1 3 年 在 成 都 上 大 学 时 在 成 都 办 理 了 港 澳 通 行 证 现 由 于 毕 业 户 口 已 迁 回 老 家 湖 南 请 问 如 办 理 港 澳 通 行 证 续 签 我 我 需 在 成 都 还 是 老 家 办 理 呢	11
train341	你 好 我 想 问 一 下 我 现 在 在 深 圳 办 理 港 澳 通 行 证 必 须 本 人 持 身 份 证 回 重 庆 办 吗	11
train342	你 好 请 问 省 内 异 地 可 以 在 成 都 申 请 办 理 港 澳 通 行 证 吗	11
train343	请 问 户 籍 所 在 地 在 自 贡 可 以 在 成 都 办 理 港 澳 通 行 证 吗	11
train344	孩 子 4 岁 需 要 办 理 护 照 父 母 及 孩 子 户 籍 都 是 山 东 是 否 能 在 成 都 办 理 护 照 及 港 澳 通 行 证	11
train345	你 好 我 在 成 都 办 的 港 澳 台 通 行 证 能 在 深 圳 办 理 签 注 手 续 吗	11
train346	请 问 外 地 身 份 证 能 在 成 都 办 理 港 澳 通 行 证 吗	11
train347	外 地 户 口 可 以 在 成 都 办 理 港 澳 通 行 证 吗	11
train348	外 地 户 口 可 以 在 成 都 异 地 办 理 护 照 以 及 港 澳 通 行 证 吗	11
train349	本 人 户 籍 所 在 地 位 四 川 省 宜 宾 市 现 在 成 都 工 作 没 有 居 住 证 只 有 身 份 证 和 护 照 可 否 异 地 办 理 港 澳 通 行 证	11
train350	省 内 异 地 户 口 已 经 办 理 港 澳 通 行 证 再 次 续 签 注 是 在 校 大 学 生 怎 么 办 理 呢 最 快 多 久 能 签 到 时 间 紧 迫	11
train351	你 好 我 的 户 口 在 深 圳 本 人 目 前 在 成 都 港 澳 通 行 证 过 期 且 丢 失 可 以 在 成 都 办 理 不	11
train352	身 份 证 是 都 江 堰 市 户 籍 可 以 在 成 都 市 办 理 港 澳 通 行 证 不	11
train353	你 好 我 是 资 阳 市 安 岳 县 户 籍 在 成 都 连 续 交 满 两 年 社 保 没 有 居 住 证 请 问 可 以 在 成 都 办 理 港 澳 通 行 证 的 签 注 吗	11
train354	户 口 在 绵 阳 在 成 都 读 书 首 次 办 理 港 澳 通 行 证 可 不 可 以 在 成 都 办	11
train355	请 问 港 澳 通 行 证 过 期 了 是 否 是 按 原 来 的 办 理 手 续 来 走 流 程	11
train356	你 好 我 在 达 州 办 理 的 港 澳 通 行 证 户 口 在 成 都 能 否 在 成 都 办 理 香 港 自 由 行 签 注	11
train357	黑 龙 江 户 口 没 有 居 住 证 可 以 在 成 都 异 地 办 理 港 澳 通 行 证 么	11
train358	请 问 我 需 要 到 香 港 处 理 有 应 该 怎 么 办 港 澳 通 行 证	11
train359	你 好 请 问 异 地 户 口 持 电 子 港 澳 通 行 证 有 效 期 内 如 何 签 注 今 年 签 注 已 过 期 在 重 庆 工 作 在 重 庆 办 的 港 澳 通 行 证	11
train368	请 问 简 阳 户 口 现 在 在 成 都 办 了 港 澳 通 行 证 签 注 算 成 都 本 地 户 口 吗 可 以 办 个 人 游 签 注 吗	11
train369	周 末 为 嘛 不 能 办 业 务 呢	12
train370	营 业 时 间	12
train371	请 问 今 天 还 可 以 办 港 澳 签 注 嘛	12
train372	你 好 想 咨 询 一 下 国 庆 期 间 可 以 加 港 澳 个 人 旅 游 签 注 吗 需 要 签 注 飞 香 港 谢 谢	12
train373	已 持 有 成 都 的 港 澳 通 行 证 办 理 首 次 签 注 可 以 周 六 吗 几 点 至 几 点 需 携 带 除 通 行 证 之 外 的 什 么 资 料	12
train374	我 户 口 是 四 川 遂 宁 的 请 问 网 上 不 能 预 约 周 六 办 理 港 澳 通 行 证 可 以 直 接 去 排 队 办 理 吗 我 看 网 上 有 说 你 们 周 六 会 安 排 延 时 服 务	12
train375	4 月 2 5 日 上 班 吗	12
train376	啥 时 候 可 以 办 理 手 续	12
train377	请 问 这 周 六 可 以 到 市 出 入 境 大 厅 办 理 港 澳 通 行 证 么	12
train378	成 都 出 入 境 办 证 大 厅 周 末 工 作 时 间 是 否 可 以 办 理 港 澳 通 行 证 签 证 呢	12
train379	办 证 时 间 是 周 几	12
train380	自 助 机 办 的 港 澳 签 注 清 明 节 可 以 领 吗	12
train381	网 上 申 请 的 港 澳 签 注 能 否 在 周 六 和 周 日 取 呢	12
train382	请 问 周 日 可 以 领 证 吗	12
train383	区 县 的 公 安 局 在 2 月 7 号 前 都 正 常 上 班 吗	12
train384	请 问 春 节 放 假 时 间 确 定 了 吗 办 港 澳 通 行 证 需 要 提 前 预 约 吗	12
train385	请 问 下 星 期 天 能 办 理 港 澳 通 行 证 吗	12
train386	请 问 国 庆 你 们 上 班 吗	12
train387	你 好 我 请 问 国 庆 期 间 自 助 柜 台 可 以 使 用 吗	12
train388	请 问 元 旦 期 间 可 不 可 以 自 助 办 理 护 照 港 澳 台 通 行 证 是 首 次 申 领 谢 谢	12
train394	请 问 出 入 境 大 厅 春 节 期 间 2 月 1 5 日 至 2 月 2 1 日 可 以 办 理 护 照 与 港 澳 通 行 证 及 签 注 吗	12
train395	您 好 我 是 成 都 户 口 想 办 理 港 澳 签 注 请 问 下 本 周 六 2 月 1 0 日 市 中 心 办 理 点 能 否 办 理	12
train396	周 末 营 业 吗	12
train397	周 末 可 不 可 以 取 护 照	12
train398	是 是	13
train399	确 定	13
train400	是 是 是 是	13
train401	哦 是 的	13
train402	恩 是	13
train403	对 头	13
train404	对 对	13
train405	啊 对 啊	13
train406	啊 是 是	13
train407	是 是 是	13
train408	对 对 是 的	13
train409	哎 是	13
train410	哦 对 啊 是 咋 啦	13
train411	应 该 是 这 样 的	13
train412	喂 是 啊	13
train413	哦 对	13
train414	对 啊 干 嘛	13
train415	是	13
train416	对 呃 是	13
train417	啊 确 定 啊	13
train418	是 啊 干 什 么	13
train419	哦 是	13
train420	是 这 样	13
train421	啊 是 吧	13
train422	喔 对 怎 么 了	13
train423	对 对 对 对 对	13
train424	好 行	13
train425	哦 行 好 的	13
train433	嗯 可 以 啊	13
train434	我 已 申 请 了 港 澳 台 通 行 证 预 约 取 证 时 间 是 7 1 3 日 但 是 因 为 行 程 提 前 定 了 7 1 2 日 的 飞 机 去 深 圳 请 问 可 以 申 请 加 急 吗	14
train435	都 江 堰 户 口 想 加 急 港 澳 通 行 证 最 快 几 天	14
train436	港 澳 通 行 证 已 经 在 制 证 中 如 何 办 理 加 急 本 地 户 口	14
train437	港 澳 通 行 证 到 期 了 换 证 几 天 能 取 能 否 加 急	14
train438	办 理 港 澳 通 行 证 能 否 加 急	14
train439	请 问 办 理 护 照 和 港 澳 通 行 证 是 否 可 以 加 急 加 急 时 间 最 短 多 少 加 急 费 用 分 别 是 多 少	14
train440	请 问 办 理 港 澳 通 行 证 能 加 急 吗 谢 谢	14
train441	加 急 办 理 港 澳 通 行 证 及 签 注	14
train442	您 好 成 都 户 口 港 澳 通 行 证 过 期 了 7 月 1 7 日 重 新 申 请 办 理 了 当 时 忘 了 问 取 证 时 间 后 发 现 取 证 时 间 来 不 及 了 请 问 还 能 重 新 申 请 加 急 吗	14
train443	请 问 港 澳 通 行 证 加 签 注 最 快 要 多 久 呢 因 为 比 较 急 能 否 加 钱 加 急 呢	14
train444	要 加 急	14
train445	您 好 我 想 问 一 下 首 次 办 理 港 澳 通 行 证 明 能 否 加 急	14
train446	请 问 办 理 港 澳 通 行 证 三 月 一 次 签 注 可 以 加 急 办 理 吗 怎 么 收 费 的	14
train447	有 没 有 加 急 业 务	14
train448	办 理 港 澳 通 行 证 回 执 单 写 的 8 月 3 1 日 领 取 由 于 赶 时 间 可 以 在 3 1 早 上 一 开 门 就 领 取 的 到 吗 还 是 要 下 午 呀 能 否 加 急 呢	14
train449	我 是 一 名 藏 族 参 加 了 保 险 公 司 组 织 的 港 澳 游 可 出 行 证 一 直 没 下 来 旅 行 社 那 边 马 上 要 出 发 了 要 我 赔 违 约 金 我 想 问 可 以 加 急 办 理	14
train450	请 问 首 次 办 理 港 澳 通 行 证 门 申 请 加 急 么	14
train451	我 是 6 号 去 办 理 的 港 澳 通 行 证 然 后 现 在 1 8 要 去 香 港 请 问 一 下 可 以 加 急 吗 跪 求	14
train452	可 以 加 急 不	14
train453	有 没 有 加 急 这 个 服 务	14
train454	请 问 我 们 1 2 月 1 4 日 到 香 港 没 有 办 过 港 澳 通 行 证 第 一 次 办 理 请 问 办 理 可 以 加 急 办 理 吗	14
train455	没 有 能 不 能 加 急 啊	14
train456	能 加 急 处 理 吗	14
train457	春 节 前 还 能 加 急 办 理 港 澳 通 行 证 吗	14
train464	4 月 6 日 新 办 港 澳 证 巳 通 知 受 理 想 办 急 件 尽 快 取 件 行 吗 一	14
train465	请 问 下 落 户 人 才 交 流 中 心 的 集 体 户 户 口 办 理 港 澳 通 行 证 需 要 哪 些 证 件	15
train466	请 问 港 澳 通 行 证 快 到 期 了 需 要 换 发 要 准 备 什 么 材 料 温 江 户 口 费 用 多 少	15
train467	您 好 我 户 籍 所 在 地 在 南 充 在 成 都 办 理 普 通 护 照 和 港 澳 通 行 证 需 要 哪 些 手 续 呢 麻 烦 告 知 一 下 谢 谢	15
train468	我 是 达 州 办 的 港 澳 通 行 证 现 在 想 在 成 都 续 签 需 要 什 么 资 料 呢	15
train469	成 都 户 口 但 港 澳 通 行 证 是 青 海 西 宁 签 发 的 想 换 成 成 都 签 发 的 港 澳 通 行 证 都 需 要 什 么 资 料	15
train470	港 澳 通 行 证 需 要 带 的 资 料	15
train471	需 要 哪 些 材 料	15
train472	持 有 本 式 往 来 港 澳 通 行 证 但 未 持 有 有 效 签 注 的 也 可 以 申 请 换 发 电 子 往 来 港 澳 通 行 证 需 要 带 什 么 证 件	15
train473	在 成 都 工 作 需 要 办 理 港 澳 通 行 证 户 口 所 在 地 为 德 阳 在 成 都 办 理 需 要 提 交 哪 些 资 料 在 哪 里 进 行 办 理 多 久 可 以 拿 到	15
train474	省 内 异 地 大 学 生 办 理 港 澳 通 行 证 需 准 备 什 么 资 料	15
train475	广 安 户 口 成 都 就 业 无 社 保 请 问 需 要 什 么 材 料 可 以 在 成 都 办 理 港 澳 通 行 证 和 港 澳 签 注	15
train476	本 人 为 成 都 市 户 口 现 有 港 澳 通 行 证 小 本 子 式 在 有 效 期 内 咨 询 申 请 港 澳 通 行 证 小 本 子 式 换 为 卡 片 式 需 要 哪 些 办 理 材 料	15
train477	您 好 我 是 阿 坝 州 的 户 口 在 成 都 读 大 学 办 理 港 澳 通 行 证 续 签 需 要 携 带 哪 些 材 料 啊 谢 谢	15
train478	您 好 我 是 成 都 在 校 大 学 生 户 口 在 学 校 想 办 理 港 澳 通 行 证 到 香 港 读 书 请 问 需 要 带 什 么 证 件 去 办 理	15
train479	我 老 公 是 绵 阳 户 口 没 有 办 理 居 住 证 但 我 是 成 都 户 口 请 问 他 办 理 港 澳 通 行 证 需 要 带 哪 些 手 续	15
train480	我 是 河 北 人 在 四 川 读 大 学 办 理 港 澳 台 通 行 证 需 要 什 么 资 料 户 口 簿 没 在 身 上 在 家 那 边 可 以 办 理 吗	15
train481	之 前 是 绵 阳 户 口 现 在 落 户 到 龙 泉 驿 更 换 港 澳 通 行 证 需 要 带 什 么 证 件	15
train482	请 问 我 已 经 持 有 在 成 都 办 理 的 港 澳 通 行 证 本 省 外 市 户 口 但 没 有 办 理 过 签 注 现 在 办 理 首 次 签 注 需 要 什 么 材 料 和 流 程 是 什 么 以 及 办 理 时 间	15
train483	外 省 户 籍 成 都 市 在 校 大 学 生 请 问 办 理 港 澳 续 签 需 要 哪 些 材 料	15
train484	你 好 在 成 都 有 工 作 配 偶 是 成 都 户 口 限 制 需 要 办 理 护 照 和 港 澳 通 行 证 需 要 什 么 材 料 呢 谢 谢	15
train490	成 都 本 地 户 口 办 理 港 澳 通 行 证 需 要 哪 些 资 料	15
train491	您 好 我 要 去 香 港 读 书 户 口 在 贵 州 我 已 经 在 老 家 办 理 了 港 澳 通 行 证 但 是 学 校 还 没 有 把 签 注 寄 给 我 我 想 咨 询 一 下 是 否 可 以 在 成 都 办 理 逗 留 签 呢 办 理 逗 留 签 的 资 料 都 需 要 什 么	16
train492	探 亲 或 逗 留 签 证 怎 么 办 理	16
train493	我 去 太 心 怎 么 办 理	16
train494	你 好 请 问 在 万 州 区 办 理 探 亲 香 港 每 年 第 一 次 续 签 探 亲 证 办 证 时 效 是 多 久 谢 谢	16
train495	我 去 探 亲 怎 么 办 呢	16
train496	我 去 看 新 怎 么 办 理	16
train497	我 去 看 新 怎 么 办	16
train498	我 老 婆 是 香 港 居 民 我 有 港 澳 通 行 证 我 可 以 办 理 多 次 往 返 香 港 的 签 注 吗	16
train499	我 去 探 亲 怎 么 办	16
train500	去 看 清 怎 么 办 理	16
train501	手 机 我 去 看 清 怎 么 办 理	16
train502	昨 去 探 亲 怎 么 办 哩	16
train503	你 好 我 1 1 岁 女 儿 已 经 办 好 了 护 照 和 港 澳 通 行 证 打 算 这 月 底 去 香 港 探 亲 请 问 在 去 前 还 需 办 何 种 手 续 吗	16
train504	我 去 贪 心 怎 么 办 理	16
train505	用 那 个 东 西 我 去 看 清 怎 么 办 呢	16
train506	请 问 探 亲 证 续 签 可 以 不 带 户 口 本 吗	16
train507	重 庆 大 足 户 口 办 理 港 澳 通 行 证 出 国 留 学 可 以 在 成 都 办 理 吗	16
train508	我 去 探 亲	16
train509	探 亲 或 逗 留 怎 么 办 理	16
train510	喂 你 好 我 去 探 亲 怎 么 办 哩	16
train516	我 要 去 香 港 灿 杏 顺 便 去 澳 门 制 定	16
train517	对 复 印 件 可 不 可 以	17
train518	请 问 持 有 成 都 暂 住 证 可 以 办 理 港 澳 通 行 证 与 出 国 护 照 吗	17
train519	有 没 有 其 他 证 件 可 以 代 替	17
train520	除 了 身 份 证 还 有 其 他 证 件 么	17
train521	其 他 有 效 证 件 可 以 吗	17
train522	可 以 用 身 份 证 以 外 的 证 件 办 理 吗	17
train523	我 的 身 份 证 弄 丢 了 是 吗	17
train524	可 以 用 其 他 的 证 件 吗	17
train525	可 以 用 复 印 件 吗	17
train526	没 有 身 份 证 可 以 吗	17
train527	是 否 可 以 用 学 生 证	17
train528	那 可 不 可 以 用 学 生 证 办 理	17
train529	是 不 是 必 须 要 户 口 本	17
train530	那 可 不 可 以 用 护 照 办 理 呢	17
train531	身 份 证 弄 丢 了 怎 么 办	17
train532	我 想 咨 询 一 下 可 不 可 以 用 户 口 办 理 呢 没 有 身 份 证 成 年 人	17
train533	我 想 请 问 没 有 居 住 证 居 住 证 明 可 以 办 港 澳 第 二 次 签 注 吗	17
train534	因 为 办 理 身 份 证 的 时 间 有 点 长 我 可 以 先 用 临 时 身 份 证 办 理 港 澳 通 行 证 吗	17
train535	我 的 身 份 证 都 丢 了 怎 么 办	17
train536	户 口 本 得 行 不	17
train537	有 暂 住 证 可 以 申 请 港 澳 通 行 证 吗 旅 游 签 证	17
train538	请 问 身 份 证 丢 失 可 不 可 以 用 临 时 身 份 证 办 理 菲 律 宾 签 证 和 港 澳 通 行 证 到 期 换 证 业 务 谢 谢	17
train539	能 否 用 行 驶 证 军 人 证 社 保 卡 办 理	17
train540	请 问 异 地 户 口 交 满 一 年 的 社 保 没 居 住 证 只 有 一 个 暂 住 凭 证 能 办 理 港 澳 通 行 证 吗	17
train547	我 可 以 顺 便 给 我 小 孩 办 理 常 鑫 是 吗	18
train548	是 否 需 要 本 人 办 理 可 以 他 人 代 办 吗	18
train549	成 都 户 口 持 上 海 签 发 的 往 来 港 澳 通 行 证 续 签 代 办 需 要 什 么 材 料	18
train550	可 以 代 办 吗	18
train551	已 有 港 澳 通 行 证 家 人 代 办 加 注 需 要 我 本 人 的 身 份 证 或 者 委 托 书 吗	18
train552	娃 娃 1 4 岁 人 在 国 外 第 二 次 办 港 澳 通 行 证 可 不 可 以 由 父 母 代 办	18
train553	我 女 儿 的 港 澳 通 行 证 过 期 了 我 能 帮 她 代 办 吗	18
train554	老 人 在 北 京 想 去 港 澳 台 旅 行 可 否 代 办 签 注	18
train555	委 托 他 人 办 理 的 流 程 是 什 么	18
train556	想 问 一 下 香 港 清 楚 可 以 代 办 吗 谢 谢 了	18
train557	持 成 都 市 市 签 发 的 有 效 港 澳 通 行 证 再 次 申 请 个 人 旅 游 签 注 的 委 托 他 人 办 理 加 签 需 要 什 么 流 程 和 手 续	18
train558	本 人 在 外 地 户 口 在 成 都 申 请 港 澳 通 行 证 续 签 需 要 本 人 亲 自 办 理 吗	18
train559	你 好 我 是 成 都 的 户 口 现 在 在 外 地 上 学 我 的 港 澳 通 行 证 过 期 了 能 让 家 人 代 理 去 重 办 港 澳 通 行 证 吗	18
train560	我 可 以 委 托 我 附 近 帮 我 办 理 吗	18
train561	我 在 外 地 需 要 续 签 港 澳 通 行 证 需 要 我 本 人 回 来 续 签 吗 还 是 家 人 也 可 以 帮 忙 续 签	18
train562	港 澳 台 二 次 签 注 可 否 他 人 代 办	18
train563	我 本 人 出 差 在 珠 海 想 在 春 节 去 澳 门 旅 游 港 澳 通 行 证 在 成 都 可 以 请 人 在 成 都 帮 办 理 澳 门 的 签 注 么	18
train564	想 问 一 下 香 港 签 注 可 以 代 办 吗 谢 谢 了	18
train565	我 可 以 顺 便 给 我 小 孩 办 理 港 澳 通 讯	18
train566	请 问 本 市 户 口 港 澳 通 行 证 过 期 了 人 在 外 地 可 以 请 人 代 办 港 澳 通 行 证 并 办 理 签 证 么	18
train567	可 否 寻 求 他 人 办 理	18
train568	您 好 人 不 在 成 都 可 以 托 人 代 办 港 澳 通 行 证 吗	18
train569	你 好 我 的 港 澳 通 行 证 是 在 山 西 办 理 的 后 来 户 口 签 到 成 都 了 现 在 要 办 理 港 澳 通 行 证 签 注 证 件 在 有 效 期 内 可 以 找 人 代 办 签 注 吗	18
train570	港 澳 通 行 证 过 期 了 想 换 可 以 请 父 母 或 朋 友 帮 我 代 办 吗	18
train577	请 问 代 办 港 澳 通 行 签 注 需 本 人 的 委 托 书 吗	18
train578	我 的 港 澳 通 行 证 是 成 都 签 发 的 之 后 户 口 迁 移 到 深 圳 现 在 重 新 迁 移 回 成 都 正 在 办 理 中 请 问 我 可 以 在 自 助 机 上 办 理 去 香 港 的 个 人 旅 游 单 次 签 注 吗	19
train579	请 问 开 州 区 的 户 口 现 在 港 澳 通 行 证 可 以 办 理 个 人 旅 游 签 注 吗	19
train580	请 问 去 澳 门 需 要 哪 些 证 件 准 备 自 由 行	19
train581	旅 游 签 证 怎 么 办 理	19
train582	港 澳 通 行 证 团 签 可 以 个 人 自 由 出 行 吗	19
train583	你 好 请 问 铜 梁 港 澳 通 行 证 团 签 可 以 改 个 人 签 吗	19
train584	旅 游 签 证	19
train585	都 江 堰 户 口 办 港 澳 通 行 证 可 以 自 由 行 吗	19
train586	旅 游	19
train587	请 问 我 办 理 了 香 港 的 出 入 境 但 是 我 户 口 在 铜 梁 只 能 办 团 队 的 可 是 我 直 飞 机 票 都 买 好 了 不 能 退 请 问 可 以 改 成 个 人 的 么	19
train588	我 办 了 港 澳 通 行 证 但 是 只 签 注 了 香 港 的 现 在 想 签 注 澳 门 的 可 以 吗	19
train589	我 办 港 澳 通 行 证 是 申 报 的 种 类 是 个 人 怎 么 办 下 来 种 类 是 团 队 旅 游 啊	19
train590	持 有 成 都 市 居 住 证 办 理 港 澳 通 行 证 请 问 是 个 人 旅 游 签 还 是 团 队 旅 游 签	19
train591	请 问 有 港 澳 通 行 证 在 川 内 办 的 但 是 没 有 签 注 过 户 口 是 上 学 期 间 迁 到 成 都 的 能 签 个 人 游 吗	19
train592	办 理 港 澳 通 行 证 时 办 的 是 团 签 如 何 改 成 个 人 旅 游 签 注 呢 谢 谢	19
train593	请 问 下 綦 江 户 口 办 理 港 澳 通 行 证 只 能 办 旅 游 签 不 能 个 人 签 吗 不 能 直 飞 香 港 吗	19
train594	请 问 简 阳 户 口 可 以 办 理 赴 港 澳 个 人 旅 游 签 注 吗	19
train595	我 有 居 住 证 能 在 成 都 续 签 港 澳 通 行 证 签 注 吗 是 个 人 旅 游 签 注 还 是 团 队 旅 游 签 注	19
train596	我 老 婆 是 达 州 的 结 婚 之 前 她 在 达 州 当 地 办 理 了 护 照 港 澳 通 行 证 没 有 签 注 过 结 婚 后 户 口 迁 到 了 彭 州 请 问 她 如 果 去 香 港 自 由 行 需 要 什 么 手 续	19
train597	你 好 我 是 自 贡 户 口 在 成 都 有 居 住 证 在 成 都 办 理 的 港 澳 通 行 证 请 问 居 住 证 持 证 人 可 以 办 理 去 港 澳 的 个 人 自 由 行 签 注 吗 之 前 的 政 策 是 只 能 办 理 团 体 旅 游 签 注 谢 谢	19
train603	我 在 重 庆 市 但 是 所 在 的 区 县 不 能 办 理 个 人 旅 游 在 主 城 可 以 办 理 吗	19
train604	户 口 是 凉 山 州 西 昌 市 港 澳 通 行 证 也 是 在 西 昌 办 的 现 在 办 理 了 成 都 的 居 住 证 港 澳 通 行 证 能 签 注 个 人 旅 游 G 吗 还 是 只 能 签 注 团 队 旅 游 L	19
train605	不 是 重 新 户 籍 居 民	20
train606	不 是 啊	20
train607	嗯 不 是 这 样	20
train608	不	20
train609	否	20
train610	我 不 是 重 庆 的	20
train611	哎 不 是	20
train612	不 是 那	20
train613	不 可 以	20
train614	不 是	20
train615	不 对	20
train616	不 是 啊 啊	20
train617	我 说 不 是	20
train618	给 你 说 不 是	20
train619	不 是 首 次 那 里	20
train620	查 不 是	20
train621	哦 不 是	20
train622	没 有 啊	20
train623	没 对	20
train624	没 有 勒	20
train630	没 有 啦	20
train631	快 递 取 证 价 格	21
train632	快 递 证 件 怎 么 算	21
train633	邮 寄 证 件 多 少 钱	21
train634	邮 寄 证 件 收 费 标 准	21
train635	游 戏 费 用	21
train636	快 递 证 件 便 宜 么	21
train637	同 城 快 递 多 少 钱	21
train638	邮 寄 签 注 收 费 标 准	21
train639	邮 寄 费 用 怎 么 算 呀	21
train640	邮 寄 证 件 便 宜 么	21
train641	快 递 费 用 高 么	21
train642	快 递 取 证 收 费 标 准	21
train643	邮 寄 证 件 贵 不 贵 呀	21
train644	邮 寄 证 件 价 格 标 准	21
train645	游 戏 费 用 怎 么 算 啊	21
train646	邮 寄 证 件 价 格	21
train647	邮 费	21
train648	快 递 取 证 不 便 宜 吧	21
train649	快 递 证 件 贵 不 贵 呀	21
train650	快 递 费 用 不 便 宜 吧	21
train656	邮 寄 费 用 怎 么 算	21
train657	怎 么 计 费 怎 么 算	21
train658	快 递 证 件 收 费 标 准	21
train659	武 器 费 用 多 少	21
train0	七 个 周 一 怎 么 算 在 读	0
train1	去 搞 得 工 作 日 怎 么 办	0
train2	有 偿 客 户 服 务 是 什 么 语 意	0
train3	嗯 昨 天 关 系 证 明 是 什 么	0
train4	漳 州 是 什 么 原 意	0
train5	是 个 周 日 怎 么 算 是	0
train6	七 十 五 高 峰 期 近 似 解 的	0
train7	什 么 时 候 国 家 备 案 管 理 人 员	0
train8	有 偿 客 户 服 务 的 含 意 是 什 么	0
train9	全 部 联 系 推 论 是 什 么	0
train10	什 么 是 国 家 核 准 人 员	0
train11	是 国 家 组 织 备 案 证	0
train12	什 么 是 国 内 准 予 人 员	0
train13	嗯 七 个 周 一 至 怎 么	0
train14	肩 负 父 子 关 系 确 实 是 什 么	0
train15	法 国 国 家 队 元 是 什 么 之 意	0
train16	什 么 是 国 内 这 样 人	0
train17	就 奔 服 务 啥 意 思	0
train18	是 个 周 六 如 何 计 算 的	0
train19	什 么 是 牵 住	0
train25	你 好 我 想 知 道 一 下 在 网 站 签 注 港 澳 通 行 证 然 后 说 我 证 件 不 合 乎 网 签 状 况 是 什 么 意 思	0
train26	什 么 是 国 家 某 种 医 护 人 员	0
train27	那 时 候 哪 里 可 以 办 理	1
train28	我 在 渝 北 区 在 哪 里 承 办 一 笔 小 新	1
train29	我 在 江 北 街 在 哪 里 办 理 更 为 周 边	1
train30	师 生 去 的 在 哪 里 可 以 提 出 申 请	1
train31	明 明 港 澳 旅 游 签 注 续 签 在 武 侯 区 办 证 一 个 中 心 可 以 办 理 么	1
train32	您 好 请 问 我 是 外 地 地 亩 必 须 要 到 市 局 办 证 厅 承 办	1
train33	我 在 渝 中 区 在 哪 里 办 理 比 较 好	1
train34	如 果 可 以 对 办 两 处 有 无 限 制	1
train35	请 问 遂 宁 办 理 的 港 澳 通 行 证 签 写 合 同 在 成 都 哪 里 可 以 签 写 合 同 我 是 写 事 的 通 行 证	1
train36	我 户 口 在 山 西 港 澳 通 行 证 需 要 续 签 请 问 在 成 都 可 以 办 需 要 什 么 材 料 到 哪 里 去 办 没 关 系	1
train37	我 在 渝 北 区 在 哪 里 把 你 非 常 从 新	1
train38	我 在 江 北 区 在 哪 里 核 发 比 较	1
train39	可 以 到 高 新 区 出 入 境 门 厅 办 理	1
train40	你 水 区 办 理 住 址 在 哪 里	1
train41	重 庆 市 缴 税 办 理 港 澳 通 行 证 材 料 可 以 在 哪 里 自 助 办 理	1
train42	请 问 郫 县 户 口 能 够 去 郫 县 分 局 办 理 香 港 地 区 通 行 证 可 以 去 高 新 区 或 者 南 直 隶 新 区 办 不	1
train43	重 新 户 口 筹 澳 门 通 行 证 在 哪 里 筹	1
train44	在 哪 儿 办 成 没 关 系	1
train45	我 在 渝 北 区 在 哪 里 承 办 的 前 提 条 件	1
train46	港 澳 台 通 行 证 快 到 期 了 在 高 新 区 办 证 中 心 查 收 下 大 厅 宛 平 一 期 那 个 可 否 办 理	1
train52	户 口 是 新 区 集 体 户 办 港 澳 台 通 行 证 必 须 去 新 区 的 出 入 境 大 厅 办 还 是 在 乐 山 市 内 任 意 s 就 可 以 办	1
train53	提 出 申 请 港 澳 再 次 签 注 的 自 助 网 点 有 哪 些	1
train54	办 理 港 澳 地 区 通 行 证 贵 不 贵	2
train55	承 办 绿 卡 要 多 少 钱	2
train56	去 港 台 戏 弄 一 次 要 好 多 钱	2
train57	一 次 一 年 有 效 入 境 的 费	2
train58	哎 证 件 所 需 多 少 钱	2
train59	去 澳 门 耍 核 发 费 用 是 否 要 很 多 钱	2
train60	筹 办 港 澳 才 可 好 多 钱	2
train61	接 办 居 留 需 要 多 少 钱	2
train62	办 居 留 所 需 多 少 钱	2
train63	复 一 个 居 留 多 少 钱	2
train64	去 中 国 一 次 要 好 多 钱	2
train65	多 少 钱	2
train66	澳 门 人 才 可 好 多 钱	2
train67	有 否 很 喜	2
train68	成 都 武 侯 区 户 粤 港 通 行 证 跟 换 多 少 钱 几 个 工 作 日 可 以 取 想 及 早 电 话 回 复 一 声 谢 谢 谢 谢	2
train69	办 护 照 和 港 澳 身 份 证 明 分 别 必 须 多 少 钱	2
train70	香 港 旅 游 局 承 办 证 件 费 用 是 好 多	2
train71	喂 想 看 三 免 签 需 要 多 少 钱	2
train72	他 办 理 港 澳 地 区 通 行 证 的 费 用 是 多 少	2
train73	港 澳 通 行 证 过 期 重 新 承 办 怎 么 样 收 费	2
train79	复 签 证 要 多 少 钱	2
train80	有 没 有 未 年 龄 限 制	3
train81	我 妈 可 以 受 理 不	3
train82	我 奶 奶 可 以 试 办 不	3
train83	孩 童 可 以 办 么	3
train84	受 理 年 龄 有 什 么 立 即	3
train85	我 女 儿 从 未 上 小 学 可 以 办 理 不	3
train86	自 学 s 可 以 办 不	3
train87	我 妈 妈 可 以 代 办 不	3
train88	有 没 有 办 理 成 年 人	3
train89	对 核 发 的 年 利 有 何 尽 快	3
train90	我 爸 可 以 核 发 么	3
train91	年 龄 有 限 制 没	3
train92	孩 子 们 可 以 筹 办 不	3
train93	学 生 可 以 承 办	3
train94	将 满 1 6 岁 能 受 理 么	3
train95	念 过 的 大 学 可 以 办 理 港 澳 通 行 证 不	3
train96	办 理 成 年 要 求 的 要 求 是 什 么	3
train97	读 初 中 可 以 提 出 申 请 澳 门 人 通 行 证 不	3
train98	你 卖 十 六 岁	3
train99	小 女 孩 可 以 办 理 么	3
train105	转 学 生 可 以 提 出 申 请	3
train106	请 问 港 澳 通 行 证 第 二 次 续 签 大 概 要 几 个 工 作 日 最 快 可 以 领 到	4
train107	傻 请 问 一 下 不 是 重 庆 户 口 办 签 证 的 话 需 要 试 着	4
train108	以 前 在 湖 北 办 理 的 中 港 通 行 证 并 签 注 了 一 次 后 户 口 转 为 成 都 户 口 P a r d o s a 想 去 中 港 再 来 本 次 在 成 都 办 理 签 注 只 能 多 长 时 间	4
train109	却 说 现 在 办 理 港 澳 通 行 证 什 么 时 候 可 以 拿 到 我 是 云 南 家 户	4
train110	你 好 请 问 如 今 中 午 送 去 自 助 签 得 港 澳 签 注 6 号 中 午 可 以 取 回 执 单 上 是 感 叹 两 个 工 作 日	4
train111	办 理 港 澳 通 行 证 需 要 多 久	4
train112	本 人 阿 坝 州 人 代 表 着 在 成 都 市 办 理 回 家 证 的 条 件 7 月 2 9 日 在 出 入 境 管 理 处 办 理 的 回 家 证 均 有 通 行 证 最 快 多 久 能 领 到 证 件	4
train113	港 澳 通 行 证 已 办 理 一 直 拒 收 传 言 也 没 拿 到 证 件	4
train114	承 办 时 长 长	4
train115	请 问 我 已 经 拿 到 了 港 澳 地 区 身 份 证 明 但 是 还 不 会 办 理 过 收 件 请 问 首 次 办 理 收 件 一 年 两 次 几 天 可 以 签 下 来 办 理 方 式 也 是 什 么 谢 谢	4
train116	办 理 无 需 多 久	4
train117	婚 配 和 小 孩 均 北 京 流 动 人 口 已 在 北 京 办 港 澳 通 行 证 但 已 过 期 需 要 续 签 请 问 在 成 都 市 办 理 更 快 多 久 能 拿 到	4
train118	在 成 都 市 上 学 但 是 户 口 是 P a r d o s a 的 急 办 港 澳 身 份 证 校 内 开 了 断 言 现 在 预 约 了 1 2 1 7 的 办 理 却 说 可 不 可 能 在 月 底 3 1 号 前 拿 到	4
train119	港 澳 台 通 行 证 丢 失 怎 么 补 办 需 要 多 久	4
train120	我 的 港 澳 身 份 证 件 没 有 了 户 口 是 成 都 本 地 的 请 问 重 新 办 理 需 要 多 长 时 间	4
train121	请 问 2 0 1 5 年 9 月 2 7 号 申 请 的 港 澳 S k y p e 二 次 签 注 什 么 时 候 可 以 领 取 已 经 现 金 但 是 没 有 收 到 之 外 转 发 不 知 道 有 否 在 顺 利 完 成 中	4
train122	请 问 现 在 想 提 出 申 请 港 澳 通 行 证 年 前 能 拿 到	4
train123	请 问 港 澳 通 行 证 续 签 须 要 多 少 工 作 日	4
train124	受 理 港 澳 通 行 证 后 什 么 时 间 段 能 拿 到	4
train125	你 好 请 问 粤 港 签 证 最 短 时 间 何 时 能 把 证 领 取 手 谢 谢	4
train126	从 未 承 办 的 时 间 多 久	4
train127	请 问 查 收 好 港 澳 证 件 签 注 需 要 多 长 时 间	4
train128	请 问 一 下 澳 门 通 关 需 要 几 天	4
train129	请 问 中 港 通 行 证 快 几 天 可 以 办 好	4
train136	s 要 哪 些 详 细 资 料	5
train137	却 说 港 澳 身 份 证 和 台 湾 身 份 证 能 否 代 领	5
train138	P a r d o s a 有 尽 快	5
train139	港 澳 地 区 回 家 证 可 以 让 让 同 学 帮 助 代 领	5
train140	得 办 好 以 后 可 以 告 诉 他 代 理 不	5
train141	帮 别 人 分 领 可 以	5
train142	可 以 先 为 给 与	5
train143	因 本 人 在 外 出 工 作 可 否 委 托 他 人 代 为 缴 护 照 港 澳 通 行 证 等	5
train144	港 澳 通 行 证 他 人 帮 忙 领 取 的 话 需 要 哪 些 证 件 上 班 时 间 实 在 走 不 开 明 天	5
train145	下 关 城 关 镇 的 好 友 就 可 以 找 人 带 你 不	5
train146	代 领 单 据 怎 么 代 办	5
train147	找 来 他 人 发 给 可 以	5
train148	你 好 我 想 问 道 可 不 可 以 非 本 人 领 取 护 照 和 港 澳 通 行 证	5
train149	办 理 的 护 照 和 港 澳 身 份 证 件 请 家 人 代 领 需 要 带 什 么	5
train150	请 问 护 照 港 澳 身 份 证 件 及 往 来 台 湾 身 份 证 件 由 家 人 代 领 需 要 哪 些 胶 合 板	5
train151	我 老 婆 在 网 上 申 请 的 港 澳 通 行 证 二 次 居 留 我 能 代 替 她 去 当 晚 拿 证 需 要 代 什 么 身 份 证 明	5
train152	澳 门 身 份 证 件 可 以 代 领 只 有 身 份 证 照 片 和 回 执 单 照 片	5
train153	请 问 领 通 行 证 和 港 澳 通 行 证 时 可 否 并 不 需 要 本 人 来 领 代 办 人 都 需 要 什 么 证 件	5
train154	实 有 办 好 以 后 不 对 找 人 代 理	5
train155	通 过 蓉 城 e 申 请 的 港 澳 身 份 证 省 略 可 以 他 人 去 蓉 城 e 窗 口 代 领 取 么	5
train156	港 澳 通 行 证 已 经 办 理 完 成 办 理 时 选 择 自 取 由 于 本 人 临 时 动 身 前 往 时 间 较 长 但 证 件 急 用 假 如 无 由 家 人 用 户 口 本 和 回 执 s 对 不 起	5
train157	证 尽 力 以 后 可 以 找	5
train158	可 以 他 人 和	5
train159	您 好 我 已 收 到 证 件 办 理 完 成 的 信 息 P a r d o s a 却 说 别 人 假 如 无 持 我 的 发 给 回 执 单 代 领 普 通 护 照 港 澳 台 身 份 证 件 谢 谢	5
train166	是 否 可 以 让 他 人 舅 舅 办 好 的 护 照 和 港 澳 通 行 证 或 者 舅 舅 要 带 什 么 单 据	5
train167	证 办 好 此 后 可 以 找 人 和 扣	5
train168	现 在 好 直 至 可 以 找 人 带 你 们	5
train169	可 以 去 中 国 几 次	6
train170	可 以 无	6
train171	可 以 去 好 多 次	6
train172	然 后 更 进 一 步 证 可 以 在 香 港 地 区 呆 多 久	6
train173	我 粤 港 身 份 证 明 的 签 注 有 效 期 为 2 0 1 7 6 9 2 0 1 8 6 8 那 我 2 0 1 8 年 6 翌 年 8 号 到 港 澳 游 玩 逗 留 几 天 再 行 走 这 样 行 不 行	6
train174	港 澳 通 行 证 可 以 在 港 台 好 几 次 多 久	6
train175	可 以 在 新 加 坡 好 玩 多 久	6
train176	爱 请 问 一 下 港 澳 通 行 证 首 次 申 领 后 的 第 一 年 看 看 不 用 办 理 居 留 可 以 往 返 港 澳 两 次	6
train177	新 马 身 份 证 件 可 以 在 香 港 的 多 久	6
train178	昨 天 港 澳 通 行 证 怎 么 查 看 牵 着 时 间	6
train179	恩 好 身 份 证 明 可 以 在 香 港 地 区 的 多 久	6
train180	身 分 证 和 港 澳 台 通 行 证 的 有 效 期 分 别 是 多 少	6
train181	可 以 去 港 台 几 次	6
train182	高 不 能 用 可 以 在 港 澳 待 多 久	6
train183	内 地 可 以 去 几 次	6
train184	时 间 有 容 许 么	6
train185	昨 天 办 理 港 澳 居 民 身 份 证 可 以 办 理 多 次	6
train186	行 程 是 国 外 香 港 澳 门 港 澳 脱 口 而 出 需 要 几 次 港 澳 签 注	6
train187	澳 门 地 区 可 以 去 几 次	6
train188	不 长 可 以 呆 多 长 时 间	6
train189	能 看 几 次	6
train190	能 停 留 整 整	6
train191	可 以 去 几 次	6
train192	打 居 民 身 份 证 可 以 在 香 港 偷 偷 地 多 少	6
train199	支 付 宝 可 以 付 款	7
train200	赞 同 支 付 宝 支 付 不	7
train201	支 付 宝 可 以 偿 还 债 务	7
train202	可 以 阿 里 尽 力 集 团 偿 还	7
train203	资 金 许 可 微 信 支 付 海 绵	7
train204	能 微 信 阿 里 尽 力 支 付	7
train205	结 算 缴 纳 得 行 不	7
train206	可 以 支 付 宝 付 给	7
train207	办 港 澳 通 行 证 费 用 可 以 现 金 支 付 或 者 Q Q 支 付	7
train208	支 持 Q Q 付 清	7
train209	可 以 微 信 缴 纳	7
train210	你 微 信 现 金 不	7
train211	支 持 声 望 现 金 过	7
train212	可 以 名 望 付 款	7
train213	支 付 付 款	7
train214	反 对 声 望	7
train215	买 进 得 行	7
train216	就 是 不 付 款	7
train217	缴 付	7
train218	可 以 本 票 缴 交	7
train219	可 以 手 续 费 预 约 不	7
train220	S I M 可 以 缴 付 不	7
train221	人 在 外 地 已 经 办 过 证 了 再 付 的 话 怎 么 付 款	7
train222	可 以 扣 押	7
train229	妳	8
train230	感 激	8
train231	没 有 了 明 天	8
train232	不 会 了 会 有 一 天	8
train233	哦 好 的 好 的	8
train234	怎 么 投 我 是 实 在 觉 得 你 们 很 不 错	8
train235	好 的 从 未 了	8
train236	好 的	8
train237	你 好	8
train238	好 的	8
train239		8
train240	没 有 人 了	8
train241	然 后	8
train242	出 入 境 微 信 越 做 越 好 了 加 油	8
train243	嗯 哼	8
train244	就 让	8
train249	不 发 觉	8
train250	不 清 楚	8
train251	不 是 不 算 可 信	8
train252	还 是 需 要 回 复 和 设 在 自 己 付 出 谢 谢	8
train253	代 办 港 澳 通 行 证 的 回 执 单 遗 失 如 何 去 出 入 境 处 领 取 证 卡 需 要 共 享 哪 些 过 期	9
train254	能 不 会 快 递 上 来	9
train255	给 电 话 号 码 寄 过 来 可 以	9
train256	认 真 寄 发 可 以	9
train257	报 到 需 要 带 哪 些 两 边	9
train258	取 身 份 证 件 可 以 不 带 身 分 证	9
train259	小 孩 没 证 件 办 理 澳 门 通 行 证 与 证 件 的 回 执 现 已 丢 失 怎 样 能 领 取 谢 谢	9
train260	傻 在 成 都 成 华 区 广 州 市 公 安 局 入 境 大 厅 办 理 的 护 照 和 港 澳 通 关 的 回 执 单 掉 了 怎 么 办	9
train261	领 取 身 份 证 和 港 澳 通 行 证 以 及 台 湾 证 的 单 子 被 偷 了 怎 么 办	9
train262	您 好 我 办 理 先 港 澳 居 民 身 份 证 把 凭 证 弄 丢 了 本 来 以 为 是 会 分 的 寄 送 公 共 服 务 现 在 挖 掘 出 不 是 人 不 在 成 都 我 现 在 怎 么 拿 回 证 件	9
train263	傻 我 办 理 了 港 澳 签 证 现 今 失 偷 了 回 执 单 请 问 怎 么 所 取 签 证 谢 谢	9
train264	你 好 请 问 我 去 年 九 月 办 的 中 港 通 行 证 直 到 现 在 帮 忙 不 到 那 些 单 子 了 可 以 直 接 凭 身 份 证 取 用 谢 谢	9
train265	查 收 澳 门 人 居 民 身 份 证 是 我 选 取 了 邮 寄 但 我 现 在 又 想 自 己 去 拿 可 以	9
train266	办 理 港 澳 和 台 湾 过 境 的 回 执 单 进 去 了 凭 身 份 证 可 以 取	9
train267	我 于 6 月 底 1 日 在 成 都 市 九 龙 坡 区 出 入 境 管 理 大 队 办 理 了 护 照 及 港 澳 台 地 区 通 关 直 到 现 在 由 于 在 外 国 人 工 作 同 时 也 过 了 在 网 上 投 递 的 时 间 了 请 问 怎 么 才 能 领 取 这 几 个 证 明 文 件	9
train268	心 事 请 问 有 核 发 护 照 及 港 澳 通 行 证 回 执 单 及 单 据 不 用 带 身 份 证 可 以 领 取 中 午 1 2 点 至 1 点 可 以 领 取	9
train269	请 问 一 下 办 理 港 澳 通 行 证 时 候 具 名 的 回 执 单 掉 了 怎 么 处 理	9
train270	报 到 有 几 种 作 法	9
train271	护 照 和 港 澳 台 通 行 证 选 取 的 是 E M S 邮 寄 办 理 完 成 后 是 不 是 不 需 要 拿 身 份 证 和 回 执 单 去 出 入 境 主 管 领 取 护 照 直 接 邮 寄 到 标 注 的 邮 件	9
train272	已 经 在 成 都 出 入 境 代 办 了 港 澳 通 行 证 去 取 的 时 候 需 要 只 看 什 么 文 件 和 证 件	9
train278	我 办 理 护 照 和 港 澳 地 区 通 行 证 的 回 执 单 不 慎 丢 了 但 分 段 票 据 还 在 问 道 怎 么 办	9
train279	请 问 可 以 拿 本 人 的 居 民 身 份 证 复 印 件 因 为 取 证 那 几 天 本 人 不 出 重 庆	9
train280	嗯 嗯 嗯	10
train281	已 满 了	10
train282	就 是 间 的 关 系 假 定	10
train283	是 搞 周 六 如 何 接 转 账	10
train284	当 周 合 计 一 下 是 不 会 三 代	10
train285	市 局 那 里 停 了	10
train286	只 需 载 港 澳 通 行 证	10
train287	我 去 忘 了 怎 么 办	10
train288	我 去 看 天 怎 么 办	10
train289	哎 我 去 旅 游	10
train290	你 看 你 怎 么 办	10
train291	喂 只 所 需 回 家 证 或 子	10
train292	一 满 十 六 岁	10
train293	非 常 坚 固 小 狗 更 进 一 步 再	10
train294	交 身 份 证 需 要 多 少 钱	10
train295	上 去 只 能 多 少 钱	10
train296	不 会 的 似 的	10
train297	那 你 并 不 需 要 多 少 钱 您	10
train298	乐 山 市 内 出 了 顺 城 街 还 有 哪 里 可 以 办 证 件 我 的 位 置 在 机 场 附 近 还 有 照 片 可 不 可 以 直 接 使 用 在 此 之 后 粤 港 通 行 证 的 照 片	10
train299	请 问 秀 山 开 护 照 在 哪 里 开 需 要 带 什 么 证 件 办 理 大 约 需 要 多 少 钱	10
train300	回 头 腊 就 是 和 你 这 个	10
train301	港 澳 身 份 证 件 续 签 时 间 段	10
train302	西 安 高 新 户 籍 1 5 年 6 月 办 理 港 澳 才 可 一 直 未 使 用 今 年 1 2 月 底 准 备 去 新 加 坡 才 可 必 须 二 次 签 注	10
train303	非 昆 明 户 口 办 理 港 澳 地 区 通 行 证 的 签 证 类 型 是 l 签 不 是 g 签	10
train304	爱 我 网 上 预 约 的 是 到 成 都 市 出 入 境 请 中 心 办 理 港 澳 同 行 释 离 任 但 想 去 金 牛 区 出 入 境 请 中 庭 办 理 不 知 有 没 有	10
train305	您 本	10
train306	港 澳 身 份 证 件 5 月 1 2 日 停 止 现 在 登 下 届 满 来 的 及 不 因 为 看 信 息 说 有 效 期 必 须 大 于 3 个 月	10
train307	嗯 嗯 好 的 我 是 意 愿	10
train308	从	10
train309	游 戏 支 出 怎 么 后 退	10
train310	我 在 江 北 区	10
train311	旅 游 县 县	10
train312	由 于 近 期 户 口 重 居 迁 移 到 成 都 那 在 原 户 口 所 在 地 办 理 证 件 港 澳 回 家 证 台 中 回 家 证 应 该 需 要 更 换 原 来 的 证 件 港 澳 回 家 证 台 中 回 家 证 应 该 可 以 继 续 正 常 使 用	10
train313	港 澳 签 证 是 L 签 签 发 地 是 云 南 可 以 从 遵 义 直 飞 香 港	10
train314	本 地 户 口 的 用 临 时 证 件 的 话 不 用 带 户 口 粗	10
train315	去 台 湾 在 香 港 中 转 需 要 携 带 港 澳 通 行 证	10
train325	澳 门 人 通 行 证 已 经 复 了 大 概 一 个 月 了 到 入 境 处 询 问 说 是 已 经 寄 出 去 了 但 是 现 在 还 没 收 到 没 有 回 执 单 也 不 可 查 到 资 料 流 想 想 到 快 递 单 号 因 为 明 日 的 飞 机 谢 谢	10
train326	刚 刚 在 该 网 站 签 注 的 港 澳 台 居 民 身 份 证 点 错 了 只 选 择 香 港 一 次 并 未 付 了 钱 能 不 能 去 掉 哦 还 是 再 重 新 付 一 次	10
train327	您 好 我 想 问 下 我 今 天 刚 刚 迁 好 户 口 落 户 重 庆 了 但 我 直 到 现 在 的 澳 门 地 区 通 行 证 是 L 签 我 需 要 来 门 厅 更 进 一 步 办 理 通 行 证 还 有 证 件	10
train328	最 重 新 户 能 否 首 次 承 办 港 澳 通 行 证	11
train329	非 重 新 户 口 可 以 再 继 续 重 新 办 港 澳 签 注 申 请	11
train330	呃 外 地 户 口 在 成 都 念 大 学 可 以 续 签 粤 港 身 份 证	11
train331	我 是 南 充 市 户 口 可 以 在 湖 北 省 办 理 港 澳 通 行 证 和 身 分 证	11
train332	非 成 都 户 籍 成 都 就 读 大 学 生 能 否 在 成 都 办 理 新 马 通 行 证	11
train333	绵 阳 5 台 户 口 能 在 成 都 办 理 自 助 港 澳 通 行 证	11
train334	已 经 在 老 家 宁 夏 办 好 了 中 国 地 区 身 份 证 件 但 没 有 签 注 可 不 可 以 在 成 都 签 注	11
train335	外 地 户 口 在 成 都 工 作 有 1 年 的 社 保 可 以 办 理 澳 门 人 证 件	11
train336	怎 么 办 理 香 港 地 区 通 关 的	11
train337	港 澳 通 行 证 续 签 能 否 在 网 上 办 理 户 口 在 开 发 区 能 否 预 约 锦 江 区 办 理	11
train338	外 地 签 发 的 澳 门 地 区 通 行 证 从 今 户 口 在 成 都 如 何 办 理 加 签 注	11
train339	傻 我 是 在 成 都 上 学 的 中 小 学 生 家 户 是 安 徽 的 能 不 能 试 办 港 澳 居 民 身 份 证 因 为 离 家 较 远 所 以 最 好 可 以 在 成 都 试 办	11
train340	您 好 我 于 2 0 1 3 年 在 成 都 上 所 学 校 时 在 成 都 办 理 了 中 港 通 行 证 其 他 有 由 于 毕 业 户 口 已 迁 回 老 家 益 阳 请 问 如 办 理 中 港 通 行 证 到 期 我 我 需 在 成 都 还 是 故 家 办 理	11
train341	你 好 我 想 问 一 下 我 如 今 在 深 圳 办 理 港 澳 通 行 证 必 须 本 人 持 个 人 资 料 完 重 庆 交	11
train342	想 看 请 问 省 内 异 地 可 以 在 成 都 申 请 办 理 港 澳 通 行 证	11
train343	脱 口 而 出 户 籍 所 在 地 在 自 贡 可 以 在 成 都 办 理 港 澳 通 行 证	11
train344	男 孩 4 岁 需 要 试 办 护 照 父 母 及 男 孩 户 籍 都 是 济 宁 是 否 能 在 成 都 试 办 护 照 及 港 澳 通 行 证	11
train345	你 好 我 在 成 都 办 的 港 澳 台 居 民 身 份 证 能 在 四 川 办 理 签 注 手 续	11
train346	请 问 外 地 身 份 证 能 在 成 都 核 发 港 澳 通 行 证	11
train347	外 地 户 口 可 以 在 成 都 办 理 港 澳 身 份 证	11
train348	大 都 地 亩 可 以 在 成 都 异 地 办 理 护 照 以 及 港 澳 通 行 证	11
train349	本 人 户 籍 所 在 地 位 四 川 省 安 岳 县 现 在 成 都 工 作 从 未 居 住 证 只 有 身 份 证 和 护 照 可 否 难 办 理 港 澳 身 份 证 件	11
train350	省 内 异 地 户 口 已 经 代 办 港 澳 通 行 证 再 次 续 签 注 是 在 校 大 学 生 怎 么 代 办 最 快 多 久 能 再 上 时 间 仓 卒	11
train351	你 好 我 的 户 口 在 深 圳 本 人 目 前 在 四 川 港 澳 通 行 证 过 期 且 遗 失 可 以 在 四 川 核 发 不	11
train352	身 分 证 是 都 江 堰 市 户 籍 可 以 在 成 都 市 办 理 新 马 通 行 证 不	11
train353	爱 我 是 资 阳 市 安 岳 县 流 动 人 口 在 绵 阳 周 内 交 满 两 年 社 保 没 有 居 住 证 请 问 可 以 在 绵 阳 办 理 港 澳 通 行 证 的 签 注	11
train354	户 口 在 绵 阳 在 西 安 读 书 首 次 办 理 港 澳 通 行 证 可 不 可 以 在 西 安 筹	11
train355	请 问 港 澳 身 份 证 件 过 期 了 是 否 是 按 原 本 的 办 理 手 续 来 走 流 程	11
train356	恭 喜 我 在 达 州 办 理 的 港 澳 通 行 证 逐 日 在 成 都 能 否 在 成 都 办 理 香 港 地 区 旅 行 团 签 注	11
train357	黑 龙 江 户 口 没 居 住 证 可 以 在 成 都 异 地 办 理 港 澳 居 民 身 份 证 么	11
train358	请 问 我 需 要 到 香 港 处 理 有 应 该 怎 么 办 澳 门 居 民 身 份 证	11
train359	你 好 请 问 他 处 户 持 电 子 港 澳 通 行 证 有 效 期 内 如 何 签 注 今 年 签 注 已 过 期 在 宜 昌 工 作 在 宜 昌 办 成 的 港 澳 通 行 证	11
train368	明 明 简 阳 缴 税 以 前 在 成 都 办 了 澳 门 人 通 行 证 签 注 算 成 都 本 地 缴 税 可 以 办 个 人 游 签 注	11
train369	周 末 为 嘛 只 能 筹 业 务	12
train370	平 日	12
train371	请 问 以 前 还 可 以 办 港 澳 台 证 嘛	12
train372	心 事 一 心 咨 询 一 下 国 家 节 日 期 间 可 以 加 港 澳 个 人 旅 游 签 注 需 要 签 注 飞 香 港 谢 谢	12
train373	已 持 有 绵 阳 的 港 澳 台 通 行 证 办 理 首 次 签 注 可 以 周 六 几 点 至 几 点 均 需 可 携 带 除 通 行 证 之 外 的 什 么 资 料	12
train374	我 户 口 是 四 川 遂 宁 的 直 说 网 上 不 能 预 约 周 一 办 理 港 澳 地 区 通 行 证 可 以 直 接 去 排 队 办 理 我 看 网 上 有 说 道 你 们 周 一 会 事 前 延 时 服 务	12
train375	4 月 初 2 5 日 上 学	12
train376	啥 时 候 可 以 办 理 手 续	12
train377	问 道 这 周 二 可 以 到 市 出 入 境 大 厅 办 理 港 澳 通 行 证 么	12
train378	遵 义 出 入 境 办 证 大 厅 周 末 工 作 时 间 到 底 可 以 办 理 港 澳 通 行 证 签 证	12
train379	办 证 时 间 段 是 周 几	12
train380	自 助 机 办 的 港 澳 证 件 春 节 可 以 领	12
train381	网 上 申 请 人 的 中 港 签 注 能 否 在 周 六 和 周 日 取	12
train382	要 来 周 日 可 以 具 名	12
train383	区 县 的 公 安 局 在 2 月 7 号 当 年 都 正 常 请 假	12
train384	请 问 春 节 放 假 时 间 确 定 了 办 港 澳 通 关 需 要 提 前 预 约	12
train385	明 明 下 星 期 六 能 办 理 港 澳 通 行 证	12
train386	要 来 国 庆 你 们 上 班 族	12
train387	想 看 我 请 问 春 节 期 间 自 助 柜 台 可 以 使 用	12
train388	请 问 元 旦 期 间 可 不 可 以 自 助 办 理 绿 卡 港 澳 台 通 行 证 是 首 次 缴 付 谢 谢	12
train394	请 问 出 入 境 大 厅 新 年 期 间 2 同 月 1 5 日 至 2 同 月 2 1 日 可 以 办 理 护 照 与 港 澳 通 行 证 及 证 件	12
train395	您 好 我 是 广 州 户 口 想 办 理 港 澳 入 境 再 来 下 本 周 四 2 月 1 0 日 市 中 心 办 理 点 能 否 办 理	12
train396	周 六 营 业	12
train397	周 末 可 不 可 以 取 居 民 身 份 证	12
train398	是 是	13
train399	相 符	13
train400	是 是 是 是	13
train401	哦 是 的	13
train402	恩 是	13
train403	不 止 一 次	13
train404	对 对	13
train405	对	13
train406	是 是	13
train407	是 是 是	13
train408	对 对 是 的	13
train409	哎 是	13
train410	哦 对 是 咋	13
train411	必 要 是 这 样 的	13
train412	喂 是	13
train413	哦 对	13
train414	对 就 让	13
train415	是	13
train416	对 呃 是	13
train417	具 体	13
train418	是 刚 才	13
train419	哦 是	13
train420	是 这 样	13
train421	是	13
train422	喔 对 怎 么 了	13
train423	对 对 对 对 对	13
train424	好 先 为	13
train425	哦 不 依 好 的	13
train433	嗯 可 以	13
train434	我 已 得 到 了 港 澳 通 行 证 预 约 取 证 时 间 是 7 1 3 日 但 是 因 为 空 时 间 提 前 定 了 7 1 2 日 的 飞 机 去 四 川 直 说 可 以 得 到 加 急	14
train435	都 江 堰 地 亩 自 已 加 急 港 澳 通 行 证 最 快 几 天	14
train436	澳 门 人 通 行 证 已 经 在 制 证 中 如 何 办 理 加 急 本 地 缴 税	14
train437	港 澳 通 行 证 续 期 了 换 证 几 天 能 由 此 而 来 能 否 加 急	14
train438	办 理 香 港 地 区 通 行 证 能 否 加 急	14
train439	请 问 试 办 护 照 和 港 澳 出 入 境 是 否 可 以 加 急 加 急 时 间 最 短 多 少 加 急 费 用 分 别 是 多 少	14
train440	不 对 办 理 澳 门 人 通 行 证 能 加 急 谢 谢	14
train441	加 急 办 理 港 澳 身 份 证 及 身 份 证	14
train442	您 好 成 都 户 口 港 澳 通 行 证 过 期 了 7 年 初 1 7 日 再 申 请 办 理 了 曾 经 居 然 问 核 查 时 间 后 发 现 核 查 时 间 马 上 了 请 问 还 能 再 申 请 加 急	14
train443	请 问 港 澳 通 行 证 s 签 注 最 快 要 多 久 因 为 比 较 急 能 否 加 钱 加 急	14
train444	要 加 急	14
train445	您 好 我 想 问 一 下 首 次 办 理 澳 门 通 行 证 明 能 否 加 急	14
train446	请 问 承 办 港 澳 通 行 证 三 月 一 次 签 注 可 以 加 急 承 办 怎 么 H K 的	14
train447	一 一 加 急 业 务 周 围	14
train448	受 理 新 马 身 份 证 件 回 执 单 写 的 8 月 3 1 日 发 给 由 于 赶 时 间 可 以 在 3 1 早 上 一 开 门 就 发 给 的 到 还 是 要 凌 晨 能 否 加 急	14
train449	我 是 一 名 藏 族 参 加 了 全 额 许 多 组 织 的 港 澳 游 可 出 行 查 核 一 直 不 想 下 来 旅 行 社 那 边 马 上 要 出 发 了 要 我 违 约 金 我 想 问 可 以 加 急 办 理	14
train450	请 问 首 次 提 出 申 请 澳 门 地 区 通 行 证 门 申 请 加 急 么	14
train451	我 是 6 号 去 办 理 的 澳 门 人 身 份 证 然 后 现 在 1 8 要 去 内 地 问 道 一 下 可 以 加 急 跪 求	14
train452	可 以 加 急 不	14
train453	有 无 加 急 这 个 修 理 服 务	14
train454	请 问 我 们 1 2 同 月 1 4 日 到 港 台 没 有 办 过 港 澳 身 份 证 明 第 一 次 办 理 请 问 办 理 可 以 加 急 办 理	14
train455	从 未 能 必 须 加 急	14
train456	能 加 急 处 理	14
train457	春 节 前 还 能 加 急 办 理 港 澳 身 份 证 明	14
train464	4 月 6 日 新 办 澳 门 人 证 巳 汇 报 受 理 想 办 急 件 尽 快 取 件 行 一	14
train465	请 问 下 组 团 人 才 交 流 中 心 的 集 体 户 户 口 办 理 港 澳 通 行 证 需 要 哪 些 身 份 证	15
train466	请 问 港 澳 身 份 证 明 快 到 期 了 需 换 发 要 准 备 什 么 材 料 温 江 户 口 款 额 多 少	15
train467	您 好 我 户 籍 所 在 地 在 南 充 在 贵 阳 办 理 普 通 身 份 证 明 和 港 澳 通 行 证 需 要 哪 些 补 办 麻 烦 知 道 一 下 谢 谢	15
train468	我 是 达 州 办 的 港 澳 通 行 证 以 前 想 在 成 都 签 下 需 要 什 么 资 料	15
train469	昆 明 户 口 但 港 澳 身 份 证 是 青 海 西 宁 上 交 的 想 替 换 昆 明 上 交 的 港 澳 身 份 证 都 需 要 什 么 资 料	15
train470	香 港 地 区 通 行 证 需 要 一 直 携 带 的 资 料	15
train471	并 不 需 要 哪 些 胶 合 板	15
train472	持 有 本 式 往 来 新 马 通 行 证 但 未 持 有 有 效 签 注 的 也 可 以 申 请 换 发 电 厂 叔 父 往 来 新 马 通 行 证 需 要 带 什 么 证 件	15
train473	在 成 都 指 导 工 作 需 要 办 港 澳 通 行 证 户 口 原 为 为 南 充 在 成 都 办 需 要 提 交 哪 些 资 料 在 哪 里 办 多 久 可 以 赢 取	15
train474	省 内 异 地 小 学 生 办 理 港 澳 通 行 证 需 准 备 什 么 详 细 资 料	15
train475	广 安 逐 日 西 安 医 疗 保 护 无 社 保 要 来 需 要 什 么 材 料 可 以 在 西 安 办 理 港 澳 通 行 证 和 港 澳 签 注	15
train476	本 人 为 成 都 市 户 口 现 有 港 澳 身 份 证 明 小 本 子 式 在 有 效 期 内 咨 询 写 下 港 澳 身 份 证 明 小 本 子 式 换 为 卡 片 式 需 要 哪 些 办 理	15
train477	您 好 我 是 阿 坝 州 的 户 口 在 成 都 读 大 学 办 理 港 澳 通 行 证 到 期 需 要 携 带 哪 些 金 属 材 料 没 关 系	15
train478	您 好 我 是 成 都 在 校 大 学 生 户 口 在 学 校 想 办 理 澳 门 地 区 通 行 证 到 香 港 中 学 毕 业 再 来 需 要 什 么 证 件 去 办 理	15
train479	我 老 公 是 乐 山 户 口 无 法 办 理 居 住 证 但 我 是 成 都 户 口 却 说 他 办 理 港 澳 身 份 证 需 要 带 哪 些 手 续	15
train480	我 是 河 北 人 在 四 川 念 书 大 学 受 理 港 澳 台 通 行 证 需 要 什 么 资 讯 户 口 簿 没 在 身 上 在 家 那 边 可 以 受 理	15
train481	之 前 是 绵 阳 户 口 现 在 落 户 到 龙 泉 驿 更 换 港 澳 通 行 证 需 要 偷 偷 地 什 么 证 件	15
train482	请 问 我 已 经 持 有 者 在 成 都 代 办 的 港 澳 通 行 证 本 省 外 市 北 户 口 但 不 会 代 办 过 签 注 现 在 代 办 首 次 签 注 需 要 什 么 涂 料 和 流 程 是 什 么 以 及 代 办 时 间	15
train483	外 省 户 籍 成 都 市 在 校 中 学 生 请 问 查 收 港 澳 续 签 需 要 哪 些 材 料	15
train484	傻 在 广 州 有 工 作 配 偶 是 广 州 户 口 限 制 需 要 办 理 证 件 和 港 澳 通 行 证 需 要 什 么 材 料 对 不 起	15
train490	成 都 本 地 户 口 代 办 港 澳 通 行 证 需 要 哪 些 材 料	15
train491	您 好 我 要 去 香 港 读 书 休 息 户 口 在 川 南 我 不 太 可 能 在 家 家 办 理 了 港 澳 通 行 证 但 是 校 内 还 没 有 把 签 注 寄 出 我 我 想 咨 询 一 下 是 否 可 以 在 成 都 办 理 探 访 投 办 理 探 访 投 的 资 讯 都 需 要 什 么	16
train492	返 家 签 证 怎 么 办 理	16
train493	我 去 太 心 怎 么 办	16
train494	你 好 请 问 在 成 都 市 办 理 探 亲 香 港 每 年 第 一 次 续 签 探 亲 均 须 办 证 行 政 处 分 是 多 久 谢 谢	16
train495	我 去 带 家 属 怎 么 办	16
train496	我 去 看 最 初 怎 么 核 发	16
train497	我 去 看 其 他 行 怎 么 办	16
train498	我 老 公 是 香 港 市 民 我 有 港 澳 通 行 证 我 可 以 提 出 申 请 多 次 往 返 香 港 的 证 件	16
train499	我 去 探 亲 怎 么 办	16
train500	去 觉 怎 么 办 理	16
train501	i P h o n e 我 去 看 清 楚 怎 么 办 理	16
train502	昨 去 探 亲 怎 么 办	16
train503	你 好 我 1 1 岁 女 儿 已 经 办 好 了 护 照 和 澳 门 人 通 关 执 意 这 月 底 去 内 地 探 亲 却 说 在 去 以 前 还 需 办 何 种 手 续	16
train504	我 去 不 坏 怎 么 查 收	16
train505	用 那 个 进 去 我 去 看 出 怎 么 办	16
train506	请 问 带 家 属 证 续 签 可 以 不 带 户 口 本	16
train507	重 庆 大 足 地 亩 办 理 澳 门 人 通 行 证 出 国 留 学 可 以 在 成 都 办 理	16
train508	我 去 远 走	16
train509	远 走 或 起 程 怎 么 办 理	16
train510	喂 想 看 我 去 返 家 怎 么 办	16
train516	我 要 去 香 港 灿 杏 顺 便 去 港 澳 制 定	16
train517	对 信 函 s	17
train518	请 问 持 有 成 都 暂 住 证 可 以 办 理 粤 港 通 行 证 与 回 台 护 照	17
train519	一 一 其 他 身 份 证 件 可 以 代 替	17
train520	除 了 身 份 证 还 有 其 他 回 家 证 么	17
train521	其 他 有 效 证 件 可 以	17
train522	可 以 用 回 家 证 以 外 的 证 明 文 件 办 理	17
train523	我 的 证 明 文 件 弄 丢 了 是	17
train524	可 以 用 其 他 的 身 份 证	17
train525	可 以 用 据 道	17
train526	并 尚 未 回 家 证 可 以	17
train527	有 否 可 以 用 便 服	17
train528	那 可 不 可 以 用 会 员 卡 受 理	17
train529	其 实 才 会 要 户 口 本	17
train530	那 就 让 用 护 照 试 办	17
train531	个 人 资 料 拿 回 了 怎 么 办	17
train532	我 想 提 议 一 下 可 不 可 以 用 户 口 办 理 没 有 个 人 资 料 成 年 病 人	17
train533	我 想 请 问 没 有 居 住 证 居 住 证 明 可 以 办 港 澳 第 二 次 回 家 证	17
train534	因 为 办 理 身 份 证 的 时 间 有 点 短 我 可 以 必 先 用 临 时 身 份 证 办 理 港 澳 通 行 证	17
train535	我 的 证 明 文 件 都 拿 走 了 怎 么 办	17
train536	户 口 本 得 行 不	17
train537	有 暂 住 证 可 以 申 请 港 澳 台 居 民 身 份 证 旅 游 签 证	17
train538	请 问 身 份 证 丢 失 可 不 可 以 用 临 时 身 份 证 办 理 菲 律 宾 签 证 和 港 澳 身 份 证 件 续 期 换 证 业 务 谢 谢	17
train539	能 否 用 行 驶 证 军 人 证 社 保 卡 办 理	17
train540	请 问 异 地 流 动 人 口 交 满 一 年 的 监 管 部 门 不 用 居 住 证 只 有 一 个 暂 住 凭 证 能 办 理 港 澳 通 行 证	17
train547	我 可 以 顺 便 给 我 男 孩 办 常 鑫 是	18
train548	有 否 需 要 本 人 办 理 可 以 他 人 P a r d o s a	18
train549	广 州 户 口 持 上 海 签 发 的 往 来 于 港 澳 通 行 证 续 签 代 办 需 要 什 么 材 料	18
train550	可 以 有 设	18
train551	才 有 港 澳 通 行 证 家 人 代 办 加 注 须 要 我 本 人 的 身 份 证 或 者 委 托 书	18
train552	娃 娃 1 4 岁 人 在 国 内 外 第 二 次 重 办 港 澳 通 行 证 可 不 可 以 由 父 母 代 办	18
train553	我 女 儿 的 港 澳 证 件 没 用 了 我 能 帮 她 代 办	18
train554	老 人 在 北 京 想 去 境 外 旅 途 可 否 代 办 签 注	18
train555	代 为 他 人 办 理 的 程 序 中 是 什 么	18
train556	想 问 一 下 香 港 确 定 可 以 外 交 人 员 谢 谢 了	18
train557	持 成 都 市 市 持 有 人 的 有 效 港 澳 通 行 证 再 次 申 请 个 人 生 态 旅 游 签 注 的 委 托 他 人 办 加 签 需 要 什 么 流 程 和 手 续	18
train558	本 人 在 外 地 地 亩 在 成 都 申 请 港 澳 身 份 证 续 签 需 要 本 人 亲 自 办 理	18
train559	你 好 我 是 广 州 的 户 口 现 在 在 外 地 念 书 我 的 港 澳 通 行 证 过 期 了 能 让 家 人 指 去 P a r d o s a 港 澳 通 行 证	18
train560	我 可 以 聘 请 我 附 近 帮 我 受 理	18
train561	我 在 外 地 需 要 续 约 港 澳 证 件 需 要 我 本 人 回 来 续 约 还 是 母 亲 也 可 以 去 找 续 约	18
train562	港 澳 台 二 次 签 注 可 否 他 人 驻 外	18
train563	我 本 人 出 差 在 广 州 市 想 在 过 年 去 澳 门 旅 游 粤 港 通 行 证 在 绵 阳 可 以 特 地 人 在 绵 阳 帮 办 理 澳 门 的 签 注 么	18
train564	想 问 一 下 香 港 收 件 可 以 代 办 明 天 了	18
train565	我 可 以 要 来 给 我 小 孩 办 理 港 澳 通 讯 系 统	18
train566	直 说 本 市 户 口 港 澳 通 行 证 过 期 了 人 在 外 地 人 可 以 请 人 代 办 港 澳 通 行 证 并 办 理 签 证 么	18
train567	不 对 设 法 他 人 办 理	18
train568	您 好 人 不 在 成 都 可 以 托 人 外 事 港 澳 出 入 境	18
train569	你 好 我 的 港 澳 通 关 是 在 山 西 办 的 后 来 家 户 签 到 贵 阳 了 现 在 要 办 港 澳 通 关 签 注 证 明 文 件 在 有 效 期 内 可 以 找 人 代 办 签 注	18
train570	港 澳 通 行 证 过 期 了 一 心 换 可 以 请 父 母 或 朋 友 帮 我 管	18
train577	请 问 s 港 澳 通 行 签 注 需 本 人 的	18
train578	我 的 中 港 通 行 证 是 成 都 签 发 的 之 后 户 口 迁 移 到 珠 三 角 直 到 现 在 重 新 迁 移 回 成 都 正 试 图 办 理 中 请 问 我 可 以 在 自 助 机 组 人 员 办 理 去 香 港 的 个 人 旅 游 者 单 次 入 境	19
train579	请 问 开 州 区 的 户 口 以 前 港 澳 通 行 证 可 以 办 理 个 人 签 注	19
train580	请 问 去 澳 门 需 要 哪 些 证 件 等 待 内 地 人	19
train581	旅 游 服 务 签 证 怎 么 受 理	19
train582	港 澳 出 入 境 团 签 可 以 个 人 自 由 的 士 和	19
train583	你 好 请 问 铜 梁 澳 门 地 区 证 件 团 签 可 以 改 个 人 签	19
train584	旅 游 服 务 护 照	19
train585	都 江 堰 户 口 办 澳 门 地 区 通 行 证 可 以 新 政 策	19
train586	生 态 旅 游	19
train587	请 问 我 办 理 了 来 港 的 出 入 境 但 是 我 逐 日 在 铜 梁 不 能 办 他 的 团 队 的 可 是 我 直 飞 机 票 都 买 好 了 不 能 后 退 请 问 可 以 去 掉 个 人 的 么	19
train588	我 成 功 办 了 澳 门 人 通 行 证 但 是 只 手 续 了 来 港 的 现 在 想 手 续 澳 门 地 区 的 可 以	19
train589	我 办 港 澳 通 行 证 是 申 报 的 类 型 是 个 人 怎 么 办 下 来 类 型 是 小 组 旅 游	19
train590	持 有 成 都 市 居 住 证 试 办 港 澳 居 民 身 份 证 请 问 是 个 人 旅 游 签 还 是 团 队 旅 游 签	19
train591	请 问 有 港 澳 通 行 证 在 川 内 办 的 但 是 没 有 签 注 过 户 口 是 离 校 期 间 迁 到 贵 阳 的 能 签 个 人 舟	19
train592	办 理 港 澳 地 区 通 行 证 时 办 的 是 团 签 如 何 改 成 个 人 旅 游 服 务 签 注 谢 谢	19
train593	直 说 下 綦 江 地 亩 办 理 港 澳 通 行 证 只 能 办 成 旅 游 签 不 能 个 人 签 不 能 直 飞 新 加 坡	19
train594	要 来 简 阳 户 口 可 以 办 理 港 澳 个 人 旅 游 签 注	19
train595	我 有 居 住 证 能 在 成 都 续 签 港 澳 回 家 证 签 注 是 同 样 旅 游 签 注 还 是 开 发 团 队 旅 游 签 注	19
train596	我 老 爸 是 江 油 的 结 婚 之 前 她 在 江 油 当 地 办 理 了 护 照 港 澳 台 证 件 没 有 证 件 过 婚 后 户 口 迁 往 了 彭 州 不 对 她 如 果 去 香 港 自 由 行 需 要 什 么 手 续	19
train597	爱 我 是 简 阳 县 地 亩 在 成 都 有 居 住 证 在 成 都 办 理 的 港 澳 身 份 证 请 问 居 住 证 持 证 人 可 以 办 理 去 港 澳 的 个 人 澳 门 人 手 续 之 前 的 政 策 是 仅 仅 办 理 社 团 旅 游 手 续 谢 谢	19
train603	我 在 重 庆 市 但 是 所 在 的 全 区 不 能 办 理 个 人 旅 游 服 务 在 主 城 可 以 办 理	19
train604	户 口 是 凉 山 州 广 元 港 澳 回 家 证 也 是 在 合 江 办 的 现 在 受 理 了 成 都 市 的 居 住 证 港 澳 回 家 证 能 手 续 个 人 游 览 G 还 是 并 不 需 要 手 续 团 队 游 览 L	19
train605	不 是 重 新 身 份 证 当 地 政 府	20
train606	不 是	20
train607	嗯 不 是 这 样	20
train608	回 答 不	20
train609	理 应	20
train610	我 不 是 重 庆 的	20
train611	哎 不 是	20
train612	不 是 那	20
train613	不 可 以	20
train614	不 是	20
train615	不 对	20
train616	不 是 拼 音	20
train617	我 话 说 不 是	20
train618	给 你 说 是 不 是	20
train619	不 是 首 次 那 里	20
train620	我 不 是	20
train621	哦 不 是	20
train622	没	20
train623	没 对	20
train624	未 拉	20
train630	没 有 人	20
train631	快 递 取 证 价 位	21
train632	递 送 证 件 怎 么 算 是	21
train633	邮 寄 回 家 证 多 少 钱	21
train634	邮 寄 身 份 证 资 料 标 准	21
train635	新 游 戏 面 额	21
train636	快 递 身 份 证 明 较 贵 么	21
train637	同 城 中 通 递 多 少 钱	21
train638	邮 寄 签 注 收 费 标 准	21
train639	收 件 人 开 支 怎 么 算	21
train640	邮 寄 通 行 证 便 宜 么	21
train641	快 递 费 用 不 高 么	21
train642	快 递 P a r d o s a 分 段 标 准	21
train643	寄 出 身 份 证 明 贵 不 贵	21
train644	寄 给 证 件 价 格 准 则	21
train645	一 些 游 戏 费 用 怎 么 而 今	21
train646	邮 寄 证 件 成 本	21
train647	邮 费	21
train648	快 递 核 查 不 价 格 低 廉	21
train649	快 递 居 民 身 份 证 贵 不 贵	21
train650	快 递 费 用 不 价 格 便 宜	21
train656	递 送 费 用 怎 么 算 是	21
train657	怎 么 结 钱 怎 么	21
train658	快 递 证 件 资 料 标 准	21
train659	武 器 费 多 少	21
