train5	是 个 工作日 怎么 算 呀	0
train6	七十五 工作日 计算 的	0
train7	什么 时候 国家 备案 人员	0
train8	有偿 服务 的 意思 是 什么	0
train9	全部 关系 证明 是 什么	0
train10	什么 是 国家 备案 人员 啊	0
train11	是 国家 备案 证 呀	0
train12	什么 是 国家 备案 人员 呀	0
train13	嗯 七个 工作日 怎么	0
train14	肩负 关系 证明 是 什么 呀	0
train15	国家队 呀 元 是 什么 意思	0
train16	什么 是 国家 这样 人 呀	0
train17	就 逃 服务 啥意思	0
train18	是 个 工作日 如何 计算 的	0
train19	什么 是 牵住 呢	0
train20	下 一个 工作 是 怎么 算 的 呀	0
train21	清楚 是 什么 意思 呀	0
train22	七个 工作日	0
train23	有偿 服务 是 啥意思	0
train24	全 就是 什么 意思	0
train25	你好 我 想 了解 一下 在 网上 签注 港澳 通行证 然后 说 我 证件 不 符合 网签 条件 是 什么 意思	0
train26	什么 是 国家 必然 人员 呀	0
train32	您好 请问 我 是 外地 户口 必须 要 到 市局 办证 厅 办理 吗	1
train33	我 在 渝中区 在 哪里 办理 比较 轻	1
train34	如果 可以 对 办理 地点 有无 限制	1
train35	请问 遂宁 办理 的 港澳 通行证 续签 在 成都 哪里 可以 续签 我 是 本子 的 通行证	1
train36	我 户口 在 山西 港澳 通行证 需要 续签 请问 在 成都 可以 办理 吗 需要 什么 材料 到 哪里 去 办理 谢谢	1
train37	我 在 渝北区 在 哪里 把 你 比较 新	1
train38	我 在 江北区 在 哪里 办理 比较	1
train39	可以 到 高新区 出入境 大厅 办理 吗	1
train40	你 水区 办理 地址 在 哪里	1
train41	重庆市 户口 办理 港澳 通行证 新鲜 可以 在 哪里 自助 办理	1
train42	请问 双流 户口 必须 去 双流 分局 办理 港澳 通行证 吗 可以 去 高新区 或者 天府 新区 办 不	1
train43	重新 户口 办 港澳 通行证 在 哪里 办	1
train44	在 哪儿 办 谢谢	1
train45	我 在 渝北区 在 哪里 办理 的 条件	1
train46	港澳 通行证 快 到期 了 在 高新区 办证 中心 出入境 接待 大厅 天府 一期 那个 可否 办理	1
train47	一 北区 的 办理 地址 在 哪里	1
train48	我 在 哪里 办理 短信	1
train49	你好 请问 高新区 户口 的 港澳 通行证 办理 地点 是 在 哪里 户口 是 高新区 荣华 南路 的	1
train50	恩好 的 为 您 办理 地址 在 哪里 呢	1
train51	我 以前 是 雅安 户口 在 雅安 办理 了 港澳 通行证 现在 签注 已经 过期 了 户口 也 转到 了 成都 续签 该 在 哪里 办理 呢	1
train52	户口 是 高新区 集体户 办 港澳台 通行证 必须 去 高新区 的 出入境 大厅 办理 还是 在 成都市 内 任意 一区 就 可以 办理 呢	1
train53	办理 港澳 再次 签注 的 自助 网点 有 哪些	1
train59	去 澳门 耍 办理 费用 是否 要 很多 钱	2
train60	办 港澳 通行证 好多钱	2
train61	办 签证 需要 多少 钱 呀	2
train62	办 签证 需要 多少 钱 呀	2
train63	办 一个 签证 多少 钱	2
train64	去 澳门 耍 一次 要 好多钱	2
train65	多少 钱	2
train66	港澳 通行证 好多钱	2
train67	是否 很 贵	2
train68	成都 武侯区 户口 港澳 通行证 跟 换 多少 钱 几个 工作日 可以 取 希望 尽快 电话 回复 一声 谢谢 谢谢	2
train69	办 护照 和 港澳 通行证 分别 需要 多少 钱 呢	2
train70	香港旅游 办理 证件 费用 是 好多	2
train71	喂 你好 三 签证 需要 多少 钱	2
train72	他 办理 港澳 通行证 的 费用 是 多少	2
train73	港澳 通行证 过期 重新 办理 怎么样 收费	2
train74	转 签证 需要 多少 钱 啊	2
train75	香港 玩 的话 办理 证件 费用 是 好多	2
train76	办证 多少 钱	2
train77	证件 办理 要 多少 钱	2
train78	二次 赴 港 办理 港澳 签证 需要 多少 天 工本费 是 多少 需要 带 哪些 资料 如果 在 四川 办理 的 港澳 通行证 在 广东 能 出境 吗	2
train79	办 签证 要 多少 钱 呀	2
train85	我 女儿 没有 上 小学 可以 办理 不	3
train86	读书 娃儿 可以 办 不	3
train87	我 爷爷 可以 办理 不	3
train88	有没有 办理 年龄 要求	3
train89	对 办理 的 年 利有何 要求	3
train90	我爸 可以 办理 么	3
train91	年龄 有 限制 没有	3
train92	小朋友 可以 办 不	3
train93	学生 可以 办理 吗	3
train94	没满 16 岁 能 办理 么	3
train95	读 大学 可以 办理 港澳 通行证 不	3
train96	办理 年龄 要求 的 要求 是 什么	3
train97	读 初中 可以 办理 港澳 通行证 不	3
train98	你 买 十六岁	3
train99	小孩 可以 办理 么	3
train100	有没有 年龄 要求	3
train101	没有 满 十六岁	3
train102	小朋友 是否 能 出行	3
train103	年龄 太 大 是不是 没 办法 办理	3
train104	办理 年龄 要求 是 多少岁	3
train105	高中生 可以 办理 吗	3
train112	本人 阿坝州 人 满足 在 成都 办理 护照 的 条件 7 月 29 日 在 出入境 管理处 办理 的 护照 港澳台 通行证 最快 多久 能 拿到 证件	4
train113	港澳 通行证 已 办理 很 久 一直 没收 到 消息 也 没拿到 证件	4
train114	办理 时间 长 吗	4
train115	请问 我 已经 拿到 了 港澳台 通行证 但是 还 没有 办理 过 签注 请问 首次 办理 签注 一年 两次 几天 可以 签下来 办理 方式 是 什么 呢 谢谢	4
train116	办理 需要 多久	4
train117	配偶 和 小孩 均 北京 户口 已 在 北京 办 港澳 通行证 但 已过期 需要 续签 请问 在 成都 办理 最快 多久 能 拿到	4
train118	在 成都 上学 但是 户口 是 省外 的 急办 港澳 通行证 学校 开 了 证明 现在 预约 了 1217 的 办理 请问 可不可能 在 月底 31 号 前 拿到 呢	4
train119	港澳 通行证 遗失 怎么 补办 需要 多久	4
train120	我 的 港澳 通行证 到期 了 户口 是 成都 本地 的 请问 重新 办理 需要 多长时间	4
train121	请问 2015 年 9 月 27 号 申请 的 港澳 在线 二次 签注 什么 时候 可以 领取 已经 付款 但是 没有 收到 相关 短信 不 知道 是否 在 进行 中	4
train122	请问 现在 想 办理 港澳 通行证 年前 能 拿到 吗	4
train123	请问 港澳 签注 续签 需要 多少 工作日	4
train124	办理 港澳 通行证 后 什么 时间 能 拿到 呢	4
train125	你好 请问 港澳 签证 最 短时间 何时能 把 证 领到 手 谢谢	4
train126	已经 办理 的 时间 多久	4
train127	请问 办理 好 港澳 通行证 签注 需要 多长时间	4
train128	请问 一下 港澳 通行证 需要 几天 呢	4
train129	请问 港澳 通行证 最快 几天 可以 办好	4
train130	时间 需要 多久 谢谢	4
train131	团体 旅游 港澳台 通行证 办理 需要 几天	4
train132	你好 我 1016 号 办 的 通行证 22 号 我 查询 怎么 还是 在 审核 中 呢 给 我 的 回执单 上面 写 的 是 25 号 之前 就 可以 寄送 我 这	4
train133	你好 我 是 外地 户口 可以 在 成都 办理 港澳 通行证 吗 大概 好久 可以 拿到	4
train134	您好 我于 上 月 15 日 申办 的 护照 及 港澳 通行证 异地 户口 受理 通知单 上 标注 的 是 通知 由于 目前 尚未 接到 任何 领取 通知 故想 咨询 下 大概 还 需要 多久 可以 拿到 护照 十分 感谢	4
train135	22 号 收到 短信 通知 领取 港澳 通行证 今日 24 号 下午 可以 领取 吗	4
train142	可以 代为 领取 吗	5
train143	因 本人 在 外地 工作 可否 委托 他人 代为 领取 护照 港澳 通行证 等	5
train144	港澳 通行证 他人 帮忙 领取 的话 需要 哪些 证件 呢 上班时间 实在 走不开 谢谢	5
train145	浜 镇 的 好友 就 可以 找人带 你 不	5
train146	代领 手续 怎么 办理	5
train147	帮 他人 领取 可以 吗	5
train148	你好 我 想 请问 可不可以 非 本人 领取 护照 和 港澳 通行证	5
train149	办理 的 护照 和 港澳 通行证 请 家人 代领 需要 带 什么	5
train150	请问 护照 港澳 通行证 及 往来 台湾 通行证 由 家人 代领 需要 哪些 材料	5
train151	我 老婆 在 网上 申请 的 港澳 通行证 二次 签证 我能 代替 她 去 现场 拿证 吗 需要 代 什么 证件	5
train152	港澳 通行证 可以 代领 吗 只有 身份证 照片 和 回执单 照片	5
train153	请问 领 护照 和 港澳 通行证 时 可否 不用 本人 来领 代办 人 都 需要 什么 证件	5
train154	证 办好 以后 可不可以 找人 代理 啊	5
train155	通过 蓉城 e 申请 的 港澳 通行证 加注 可以 他人 去 蓉城 e 窗口 代 领取 么	5
train156	港澳 通行证 已经 办理 完成 办理 时 选择 自取 由于 本人 临时 出差 时间 较长 但 证件 急用 可否 由 家人 用 户口本 和 回执 代领 谢谢	5
train157	证 办好 以后 可以 找 代理 啵	5
train158	可以 他人 代领 吗	5
train159	您好 我 已 收到 证件 办理 完成 的 信息 自取 请问 别人 可否 持 我 的 领取 回执单 代领 普通 护照 港澳台 通行证 谢谢	5
train160	你好 我 之前 在 天府广场 出入境 办证 大厅 办理 了 港澳 通行证 现在 提示 可 领取 但是 人 不 在 成都 请问 是否 可以 让 人 代领 如果 可以 的话 需要 什么 材料 呢 谢谢	5
train161	代领 的话 要 哪些 资料	5
train162	找 妈妈 代领	5
train163	港澳 通行证 能 不能 请人 代领	5
train164	港澳 通行证 办理 再次 签注 后 可不可以 让 其他人 代拿	5
train165	上个月 在 成都市 出入境 中心 办理 港澳 通行证 现在 让 人 带领 除了 给 他 回执单 还 需要 其他 证明 吗	5
train166	是否 可以 让 他人 代领 办好 的 护照 和 港澳 通行证 或者 代领 要 带 什么 手续	5
train167	证 办好 以后 可以 找人 代领 扣	5
train168	现在 好 以后 可以 找人带 你们	5
train175	可以 在 香港 玩 多久	6
train176	你好 请问 一下 港澳 通行证 首次 申领 后 的 第一年 是不是 不用 办理 签证 可以 往返 港澳 两次	6
train177	港澳 通行证 可以 在 香港 的 多久	6
train178	请问 港澳 通行证 怎么 查看 牵着 时间	6
train179	恩好 通行证 可以 在 香港 的 多久	6
train180	护照 和 港澳台 通行证 的 有效期 分别 是 多少 呢	6
train181	可以 去 香港 几次	6
train182	高 不用 用 可以 在 香港 待 多久 啊	6
train183	香港 可以 去 几次	6
train184	逗留 时间 有 限制 么	6
train185	请问 办理 港澳 通行证 可以 办理 多次 吗	6
train186	行程 是 国外 香港 澳门 内地 请问 需要 几次 港澳 签注	6
train187	澳门 可以 去 几次	6
train188	最长 可以 呆 多长时间	6
train189	能 出关 几次	6
train190	能 逗留 多长时间 呢	6
train191	可以 去 几次	6
train192	打 通行证 可以 在 香港 带 多少	6
train193	也 可以 在 香港 玩 多久	6
train194	港澳 通行证 可以 在 香港 待 多久	6
train195	港澳 通行证 L 签 和 G 签都 可以 一周 内 2 次 往返 香港 吗	6
train196	你好 w 开头 的 港澳 通行证 一年 内能 去 几次 澳门 中间 再 去 澳门 有无 时间 间隔 的 要求 谢谢	6
train197	请问 澳门 两次 签注 需要 间隔 多久 在 异地 是否 也 可以 进行 第二次 签注	6
train198	请问 一下 我 从 内地 到 香港 往返 期间 如果 要 去 澳门 一次 的话 香港 签注 办理 一次 往返 就 可以 了 吗 我 在 港澳 一共 停留 5 天	6
train205	支付宝 支付 得行 不	7
train206	可以 支付宝 支付 吗	7
train207	办 港澳 通行证 费用 可以 现金支付 或者 微信 支付 吗	7
train208	支持 微信 支付 吗	7
train209	可以 微信 支付 吗	7
train210	你 微信 付款 不	7
train211	支持 威信 付款 过	7
train212	可以 威信 付款 吗	7
train213	支付 威信 付款 啵	7
train214	支持 威信	7
train215	现金支付 得行 吗	7
train216	就是 不 支持 威信 付款	7
train217	支付	7
train218	可以 银行卡 支付 吗	7
train219	可以 现金 付费 不	7
train220	银行卡 可以 付款 不	7
train221	人 在 外地 已经 办过 证 了 再 签 的话 怎么 付款 呢	7
train222	可以 现金支付 吗	7
train223	没有 钱 怎么办	7
train224	银行卡 可以 付款 吗	7
train225	非 用 现金 缴费 不可 么	7
train226	你们 这 可以 威信 付款 吗	7
train227	非得 用 现金支付 啊	7
train228	现金支付 应该 也 是 可以 的 吧 毕竟 拒收 现金 是 违法 的 鸭 ltahrefn 重庆 公安 出入境 gt 重庆 公安 出入境 ltagt	7
train233	哦 好 的 好 的	8
train234	怎么 投 啊 我 是 真的 觉得 你们 很 不错 啊	8
train235	好 的 没有 了	8
train236	好 的	8
train237	恭喜	8
train238	好 的 吧	8
train239	啊	8
train240	没有 了	8
train241	然后	8
train242	出入境 微博 越做越 好 了 加油	8
train243	嗯 哼	8
train244	没关系	8
train245	嗯 了解	8
train246	好 的 好 的 好 的	8
train247	明白	8
train248	今天 去 日 月光 广场 分理处 办理 港澳 通行证 太 便捷 高效 啦 为 我 大 重庆 的 出入境 管理 点赞	8
train249	不 知道	8
train250	不 清楚	8
train251	不是 太 清楚	8
train252	还是 需要 回复 和 所在地 自己 倾注 谢谢	8
train258	取 证件 可以 不带 身份证 吗	9
train259	小孩 没有 身份证 办理 港澳 通行证 与 护照 的 回执 现已 丢失 怎样 能 领取 谢谢	9
train260	你好 在 成都 成华区 公安 入境 大厅 办理 的 护照 和 港澳 通行证 的 回执单 掉 了 怎么办	9
train261	领取 护照 和 港澳 通行证 以及 台湾 证 的 单子 丢失 了 怎么办	9
train262	您好 我 办理 完 港澳 通行证 把 凭证 弄 丢 了 本来 以为 是 选 的 寄送 服务 现在 发现 不是 人 不 在 成都 我 现在 怎么 拿到 证件 呢	9
train263	你好 我 办理 了 港澳 签证 现 遗失 了 回执单 请问 怎么 取 签证 呢 谢谢	9
train264	你好 请问 我 去年 九月 办 的 港澳 通行证 现在 找 不到 那些 单子 了 可以 直接 凭 身份证 取 吗 谢谢	9
train265	办理 港澳 通行证 是 我 选择 了 邮寄 但 我 现在 又 想 自己 去 拿 可以 吗	9
train266	办理 港澳 和 台湾 通行 的 回执单 掉 了 凭 身份证 可以 取 吗	9
train267	我于 6 月 1 日 在 成都市 金牛区 出入境 管理 大队 办理 了 护照 及 港澳台 通行证 现在 由于 在 外地 工作 同时 也 过 了 在 网上 邮寄 的 时间 了 请问 怎么 才能 领取 这 几个 证件	9
train268	你好 请问 有 办理 护照 及 港澳 通行证 回执单 及 发票 不用 带 身份证 可以 领取 吗 中午 12 点至 1 点 可以 领取 吗	9
train269	请问 一下 办理 港澳 通行证 时候 领证 的 回执单 掉 了 怎么 处理	9
train270	领证 有 几种 方式	9
train271	护照 和 港澳 通行证 选择 的 是 EMS 邮寄 办理 完成 后 是不是 不 需要 拿 身份证 和 回执单 去 出入境 部门 领取 证件 直接 邮寄 到 填写 的 地址	9
train272	已经 在 成都 出入境 办理 了 港澳 通行证 去取 的 时候 需要 带 什么 文件 和 证件 吗	9
train273	请问 请问 回执单 找 不见 了 怎么办	9
train274	我 办理 了 我 和 我 老公 以及 儿子 2 岁 的 港澳 通行证 进度 查询 了 可以 取证 请问 去 取证 的 时候 只 需要 带回 执 还是 回执 和 身份证 都 要 带	9
train275	你好 我 的 港澳 通行证 签注 出来 了 但是 我 的 回执单 掉 了 请问 要 怎么样 才能 拿到 我 的 通行证 呢	9
train276	你好 我 的 回执单 弄 丢 了 可以 拿 身份证 去 拿 吗	9
train277	办 港澳 通行证 的 回执单 掉 了 可以 用 身份证 来 领取 吗	9
train278	我 办理 护照 和 港澳 通行证 的 回执单 不慎 丢 了 但 收费 票据 还 在 请问 怎么办	9
train279	请问 可以 拿 本人 的 身份证 复印件 吗 因为 取证 那 几天 本人 不 在 重庆	9
train289	哎 我 去 餐厅	10
train290	你 看 你 怎么办	10
train291	喂 只 需要 身份证 或子	10
train292	一满 十六岁	10
train293	非常 坚固 狗 重新 再	10
train294	办 身份证 需要 多少 钱 啊	10
train295	啊 前面 需要 多少 钱	10
train296	没有 东西 似的	10
train297	那 你 需要 多少 钱 您	10
train298	成都市 内出 了 顺城 大街 还有 哪里 可以 办 护照 我 的 位置 在 机场 附近 还有 照片 可不可以 直接 使用 之前 港澳 通行证 的 照片	10
train299	请问 北碚 办 护照 在 哪里 办 需要 带 什么 证件 办理 大约 需要 多少 钱	10
train300	回去 干 就是 和 你 这个 呢	10
train301	港澳 通行证 续签 时间	10
train302	成都 高新 户籍 15 年 6 月 办理 港澳 通行证 一直 未 使用 今年 12 月底 准备 去 香港 通行证 需要 二次 签注 吗	10
train303	非 成都 户口 办理 港澳 通行证 的 签证 类型 是 l 签 不是 g 签 吗	10
train304	你好 我 网上 预约 的 是 到 成都市 出入境 接待 中心 办理 港澳 同行 证 续签 但 想 去 金牛区 出入境 接待 大厅 办理 不知 可否	10
train305	您 本	10
train306	港澳 通行证 5 月 12 日 到期 现在 申请 续签 来 的 及 不 因为 看 信息 说 有效期 必须 大于 3 个 月	10
train307	嗯 嗯 好 的 我 是 现役军人	10
train308	从	10
train309	游戏 费用 怎么 退 呀	10
train310	我 在 江北区	10
train311	旅游 县 镇	10
train312	由于 近期 户口 重 原籍 迁移 到 成都 那 在 原 户口 所在地 办理 护照 港澳 通行证 台湾 通行证 是否 需要 更换 原来 的 护照 港澳 通行证 台湾 通行证 是否 可以 继续 正常 使用	10
train313	港澳 签证 是 L 签 签发 地是 四川 可以 从 成都 直飞 香港 吗	10
train314	本地 户口 的 用 临时 身份证 的话 不用 带 户口 薄 吧	10
train315	去 台湾 在 香港 中转 需要 携带 港澳 通行证 吗	10
train316	我 是 大陆 游客 于 10 月 14 日 从 台北 飞 成都 中 途经 停 香港 11 小时 想 去 香港 逛 一圈 有 台湾 通行证 和 入 台证 是不是 就 不 需要 港澳 通行证 了	10
train317	之前 在 武侯区 出入境 中心 办理 了 护照 和 港澳台 通行证 但是 半个 月 后 只 收到 了 港澳台 通行证 可以 领取 的 通知 短信	10
train318	请问 成都 居民 持 旅游 港澳 通行证 可以 办理 自助 通关 吗	10
train319	我 预约 3 月 20 日办 普通 护照 和 港澳 签证 不 知道 是否 成功 再 预约 不起 了	10
train320	今天 港澳 签注 网络 界面 无法 提交 内容 错乱 无法 填报 上传	10
train321	警官 您好 我 想 请问 一下 港澳 通行证 的 受理 号码 怎么 查询 呢	10
train322	如何 查询 谢谢	10
train323	喂 你 见 可不可以	10
train324	名字 是 多音字 办理 港澳 通行证 是 拼音 A	10
train325	港澳 通行证 已经 办 了 差不多 一个月 了 到 入境处 询问 说 是 已经 寄出去 了 但是 现在 还 没收 到 没有 回执单 也 不能 查 到 进程 想 知道 快递 单 号 因为 明天 的 飞机 谢谢	10
train326	刚刚 在 网上 签注 的 港澳 通行证 点错 了 只 选择 香港 一次 已经 付 了 钱 能 不能 修改 哦 还是 再 重新 签 一次	10
train327	您好 我想 问下 我 今天 刚迁 好 户口 落户 重庆 了 但 我 以前 的 港澳 通行证 是 L 签 我 需要 来 大厅 重新 办理 通行证 吗 还有 护照	10
train336	怎么 办理 港澳 通行证 的	11
train337	港澳 通行证 到期 能否 在 网上 办理 户口 在 高新区 能否 预约 锦江区 办理	11
train338	外地 签发 的 港澳 通行证 目前 户口 在 成都 如何 办理 加 签注	11
train339	你好 我 是 在 成都 上学 的 大学生 户口 是 安徽 的 能 不能 办理 港澳 通行证 因为 离家 较 远 所以 希望 可以 在 成都 办理	11
train340	您好 我于 2013 年 在 成都 上 大学 时 在 成都 办理 了 港澳 通行证 现 由于 毕业 户口 已迁 回老家 湖南 请问 如 办理 港澳 通行证 续签 我 我 需 在 成都 还是 老家 办理 呢	11
train341	你好 我 想 问 一下 我 现在 在 深圳 办理 港澳 通行证 必须 本人 持 身份证 回 重庆 办 吗	11
train342	你好 请问 省内 异地 可以 在 成都 申请 办理 港澳 通行证 吗	11
train343	请问 户籍 所在地 在 自贡 可以 在 成都 办理 港澳 通行证 吗	11
train344	孩子 4 岁 需要 办理 护照 父母 及 孩子 户籍 都 是 山东 是否 能 在 成都 办理 护照 及 港澳 通行证	11
train345	你好 我 在 成都 办 的 港澳台 通行证 能 在 深圳 办理 签注 手续 吗	11
train346	请问 外地 身份证 能 在 成都 办理 港澳 通行证 吗	11
train347	外地 户口 可以 在 成都 办理 港澳 通行证 吗	11
train348	外地 户口 可以 在 成都 异地 办理 护照 以及 港澳 通行证 吗	11
train349	本人 户籍 所在地 位 四川省 宜宾市 现在 成都 工作 没有 居住证 只有 身份证 和 护照 可否 异地 办理 港澳 通行证	11
train350	省内 异地 户口 已经 办理 港澳 通行证 再次 续 签注 是 在校 大学生 怎么 办理 呢 最快 多久 能 签到 时间 紧迫	11
train351	你好 我 的 户口 在 深圳 本人 目前 在 成都 港澳 通行证 过期 且 丢失 可以 在 成都 办理 不	11
train352	身份证 是 都江堰市 户籍 可以 在 成都市 办理 港澳 通行证 不	11
train353	你好 我 是 资阳市 安岳县 户籍 在 成都 连续 交满 两年 社保 没有 居住证 请问 可以 在 成都 办理 港澳 通行证 的 签注 吗	11
train354	户口 在 绵阳 在 成都 读书 首次 办理 港澳 通行证 可不可以 在 成都 办	11
train355	请问 港澳 通行证 过期 了 是否是 按 原来 的 办理手续 来 走 流程	11
train356	你好 我 在 达州 办理 的 港澳 通行证 户口 在 成都 能否 在 成都 办理 香港 自由 行 签注	11
train357	黑龙江 户口 没有 居住证 可以 在 成都 异地 办理 港澳 通行证 么	11
train358	请问 我 需要 到 香港 处理 有 应该 怎么办 港澳 通行证	11
train359	你好 请问 异地 户口 持 电子 港澳 通行证 有效期 内 如何 签注 今年 签注 已过期 在 重庆 工作 在 重庆 办 的 港澳 通行证	11
train360	你好 我 是 宜宾 户口 需要 续签 港澳 通行证 请问 成都 可以 办理 吗 需要 什么 手续 具体位置 在 哪 谢谢	11
train361	外地 户口 嫁 到 重庆 来 可以 在 重庆 办 吗	11
train362	我 的 港澳 通行证 7 月 到期 请问 现在 还 可以 签 吗	11
train363	能否 网上 预约 办理	11
train364	成都 首次 办理 港澳 通行证 可以 在 自助 办理 机上 办理 吗	11
train365	你好 旧 通行证 办过 签注 换 的 新 港澳 通行证 未办 签注 可以 网上 申请 签注 或 在 签注 自助 机 办理 吗	11
train366	已有 港澳 通行证 户籍 所在地 是 海南 的 但是 有 成都 的 暂住证 可以 在 本市 办理 旅游 签注 吗	11
train367	你好 我 是 德阳 地区 的 户口 港澳 通行证 是 在 德阳 办 的 现在 有 成都 的 居住证 请问 可以 用 原来 的 通行证 在 成都 办理 香港 个人 旅游 签注 吗	11
train368	请问 简阳 户口 现在 在 成都 办 了 港澳 通行证 签注 算 成都 本地 户口 吗 可以 办 个人 游 签注 吗	11
train374	我 户口 是 四川 遂宁 的 请问 网上 不能 预约 周六 办理 港澳 通行证 可以 直接 去 排队 办理 吗 我 看 网上 有 说 你们 周六 会 安排 延时 服务	12
train375	4 月 25 日 上班 吗	12
train376	啥时候 可以 办理手续	12
train377	请问 这 周六 可以 到市 出入境 大厅 办理 港澳 通行证 么	12
train378	成都 出入境 办证 大厅 周末 工作 时间 是否 可以 办理 港澳 通行证 签证 呢	12
train379	办证 时间 是 周几	12
train380	自助 机办 的 港澳 签注 清明节 可以 领 吗	12
train381	网上 申请 的 港澳 签注 能否 在 周六 和 周日 取 呢	12
train382	请问 周日 可以 领证 吗	12
train383	区县 的 公安局 在 2 月 7 号 前 都 正常 上班 吗	12
train384	请问 春节 放假 时间 确定 了 吗 办 港澳 通行证 需要 提前 预约 吗	12
train385	请问 下 星期天 能 办理 港澳 通行证 吗	12
train386	请问 国庆 你们 上班 吗	12
train387	你好 我 请问 国庆 期间 自助 柜台 可以 使用 吗	12
train388	请问 元旦 期间 可不可以 自助 办理 护照 港澳台 通行证 是 首次 申领 谢谢	12
train389	周末 是 双休 么	12
train390	你好 我 的 通行证 办好 了 周六 可以 去 取证 么 ltahrefn 重庆 公安 出入境 gt 重庆 公安 出入境 ltagt	12
train391	你们 哪个 直接 上班 呀	12
train392	自助 是 24 小时 开放 还是 也 只能 接待 时间	12
train393	秀山 县公安局 说 是 初八 才能 办理 怎么回事 啊	12
train394	请问 出入境 大厅 春节 期间 2 月 15 日至 2 月 21 日 可以 办理 护照 与 港澳 通行证 及 签注 吗	12
train395	您好 我 是 成都 户口 想 办理 港澳 签注 请问 下本 周六 2 月 10 日 市中心 办理 点 能否 办理	12
train396	周末 营业 吗	12
train397	周末 可不可以 取 护照	12
train405	啊 对 啊	13
train406	啊 是 是	13
train407	是 是 是	13
train408	对 对 是 的	13
train409	哎 是	13
train410	哦 对 啊 是 咋啦	13
train411	应该 是 这样 的	13
train412	喂 是 啊	13
train413	哦 对	13
train414	对 啊 干嘛	13
train415	是	13
train416	对 呃 是	13
train417	啊 确定 啊	13
train418	是 啊 干什么	13
train419	哦 是	13
train420	是 这样	13
train421	啊 是 吧	13
train422	喔 对 怎么 了	13
train423	对 对 对 对 对	13
train424	好行	13
train425	哦 行好 的	13
train426	可以 可以 可以	13
train427	没 问题 可以	13
train428	哦 可以 可以 可以	13
train429	好 可以	13
train430	可以 啊 可以	13
train431	可以 啊 我 现在 的	13
train432	恩 可以	13
train433	嗯 可以 啊	13
train440	请问 办理 港澳 通行证 能 加急 吗 谢谢	14
train441	加急 办理 港澳 通行证 及 签注	14
train442	您好 成都 户口 港澳 通行证 过期 了 7 月 17 日 重新 申请 办理 了 当时 忘 了 问 取证 时间 后 发现 取证 时间 来不及 了 请问 还 能 重新 申请 加急 吗	14
train443	请问 港澳 通行证 加 签注 最快 要 多久 呢 因为 比较 急 能否 加 钱 加急 呢	14
train444	要 加急	14
train445	您好 我 想 问 一下 首次 办理 港澳 通行 证明 能否 加急	14
train446	请问 办理 港澳 通行证 三月 一次 签注 可以 加急 办理 吗 怎么 收费 的	14
train447	有没有 加急 业务	14
train448	办理 港澳 通行证 回执单 写 的 8 月 31 日 领取 由于 赶时间 可以 在 31 早上 一 开门 就 领取 的 到 吗 还是 要 下午 呀 能否 加急 呢	14
train449	我 是 一名 藏族 参加 了 保险公司 组织 的 港澳游 可 出行 证 一直 没 下来 旅行社 那边 马上 要 出发 了 要 我 赔 违约金 我 想 问 可以 加急 办理	14
train450	请问 首次 办理 港澳 通行证 门 申请 加急 么	14
train451	我 是 6 号 去 办理 的 港澳 通行证 然后 现在 18 要 去 香港 请问 一下 可以 加急 吗 跪求	14
train452	可以 加急 不	14
train453	有没有 加急 这个 服务	14
train454	请问 我们 12 月 14 日到 香港 没有 办过 港澳 通行证 第一次 办理 请问 办理 可以 加急 办理 吗	14
train455	没有 能 不能 加急 啊	14
train456	能 加急 处理 吗	14
train457	春节 前 还 能 加急 办理 港澳 通行证 吗	14
train458	能否 加急 办理 港澳 通行证 及 签注	14
train459	成都 本地 户口 港澳 通行证 首次 办理 申请 提交 审批 中 是否 能 申请 加急	14
train460	请问 更换 港澳 通行证 可以 加急 吗	14
train461	可以 办 加急 吗 因为 下周 就要 过关 了	14
train462	首次 办理 港澳 通行证 可以 加急 吗	14
train463	能 加急 么	14
train464	4 月 6 日新办 港澳 证巳 通知 受 理想 办 急件 尽快 取件 行 吗 一	14
train470	港澳 通行证 需要 带 的 资料	15
train471	需要 哪些 材料	15
train472	持有 本式 往来 港澳 通行证 但 未 持有 有效 签注 的 也 可以 申请 换发 电子 往来 港澳 通行证 需要 带 什么 证件	15
train473	在 成都 工作 需要 办理 港澳 通行证 户口 所在地 为 德阳 在 成都 办理 需要 提交 哪些 资料 在 哪里 进行 办理 多久 可以 拿到	15
train474	省内 异地 大学生 办理 港澳 通行证 需 准备 什么 资料	15
train475	广安 户口 成都 就业 无 社保 请问 需要 什么 材料 可以 在 成都 办理 港澳 通行证 和 港澳 签注	15
train476	本人 为 成都市 户口 现有 港澳 通行证 小 本子 式 在 有效期 内 咨询 申请 港澳 通行证 小 本子 式 换 为 卡片式 需要 哪些 办理 材料	15
train477	您好 我 是 阿坝州 的 户口 在 成都 读 大学 办理 港澳 通行证 续签 需要 携带 哪些 材料 啊 谢谢	15
train478	您好 我 是 成都 在校 大学生 户口 在 学校 想 办理 港澳 通行证 到 香港 读书 请问 需要 带 什么 证件 去 办理	15
train479	我 老公 是 绵阳 户口 没有 办理 居住证 但 我 是 成都 户口 请问 他 办理 港澳 通行证 需要 带 哪些 手续	15
train480	我 是 河北人 在 四川 读 大学 办理 港澳台 通行证 需要 什么 资料 户口簿 没 在 身上 在家 那边 可以 办理 吗	15
train481	之前 是 绵阳 户口 现在 落户 到 龙泉驿 更换 港澳 通行证 需要 带 什么 证件	15
train482	请问 我 已经 持有 在 成都 办理 的 港澳 通行证 本 省外 市 户口 但 没有 办理 过 签注 现在 办理 首次 签注 需要 什么 材料 和 流程 是 什么 以及 办理 时间	15
train483	外省 户籍 成都市 在校 大学生 请问 办理 港澳 续签 需要 哪些 材料	15
train484	你好 在 成都 有 工作 配偶 是 成都 户口 限制 需要 办理 护照 和 港澳 通行证 需要 什么 材料 呢 谢谢	15
train485	本人 目前 在 广州 无法 回 户口 所在地 成都 办理 澳门 签注 已有 港澳 通行证 是否 可以 委托 他人 帮 我 办理 澳门 签注 如果 可以 请问 需要 哪些 材料	15
train486	港澳 通行证 到期 重新 申请 需要 提交 哪些 资料	15
train487	外省 的 有 港澳 通行证 没有 签注 如果 要 办 签注 需要 什么 资料	15
train488	已有 港澳 通行证 请问 办理 港澳 签注 需要 哪些 资料 在 哪里 办理 谢谢	15
train489	港澳 通行证 即将 于 3 月 到期 现在 想 申请 换领 请问 是否 需要 携带 原 通行证	15
train490	成都 本地 户口 办理 港澳 通行证 需要 哪些 资料	15
train496	我 去 看 新 怎么 办理	16
train497	我 去 看 新 怎么办	16
train498	我 老婆 是 香港 居民 我 有 港澳 通行证 我 可以 办理 多次 往返 香港 的 签注 吗	16
train499	我 去 探亲 怎么办	16
train500	去 看清 怎么 办理	16
train501	手机 我 去 看清 怎么 办理	16
train502	昨去 探亲 怎么办 哩	16
train503	你好 我 11 岁 女儿 已经 办好 了 护照 和 港澳 通行证 打算 这 月底 去 香港 探亲 请问 在 去 前 还 需办 何种 手续 吗	16
train504	我 去 贪心 怎么 办理	16
train505	用 那个 东西 我 去 看清 怎么办 呢	16
train506	请问 探亲 证 续签 可以 不带 户口本 吗	16
train507	重庆 大足 户口 办理 港澳 通行证 出国 留学 可以 在 成都 办理 吗	16
train508	我 去 探亲	16
train509	探亲 或 逗留 怎么 办理	16
train510	喂 你好 我 去 探亲 怎么办 哩	16
train511	我要 去 看君 怎么 办理 啊	16
train512	我 去 探亲 怎么办 哩	16
train513	我 去 烫金 怎么 办理	16
train514	我 去 贪心 怎么 办理 啊	16
train515	我要 去 香港 开心 生病 需要 我们 指定	16
train516	我要 去 香港 灿杏 顺便去 澳门 制定	16
train523	我 的 身份证 弄 丢 了 是 吗	17
train524	可以 用 其他 的 证件 吗	17
train525	可以 用 复印件 吗	17
train526	没有 身份证 可以 吗	17
train527	是否 可以 用 学生证	17
train528	那 可不可以 用 学生证 办理	17
train529	是不是 必须 要 户口本	17
train530	那 可不可以 用 护照 办理 呢	17
train531	身份证 弄 丢 了 怎么办	17
train532	我 想 咨询 一下 可不可以 用户 口 办理 呢 没有 身份证 成年人	17
train533	我 想 请问 没有 居住证 居住 证明 可以 办 港澳 第二次 签注 吗	17
train534	因为 办理 身份证 的 时间 有点 长 我 可以 先 用 临时 身份证 办理 港澳 通行证 吗	17
train535	我 的 身份证 都 丢 了 怎么办	17
train536	户口本 得行 不	17
train537	有 暂住证 可以 申请 港澳 通行证 吗 旅游 签证	17
train538	请问 身份证 丢失 可不可以 用 临时 身份证 办理 菲律宾 签证 和 港澳 通行证 到期 换证 业务 谢谢	17
train539	能否 用 行驶证 军人证 社保卡 办理	17
train540	请问 异地 户口 交满 一年 的 社保 没 居住证 只有 一个 暂住 凭证 能 办理 港澳 通行证 吗	17
train541	我 的 身份证 弄 丢 了	17
train542	有 其他 证件 替代 身份证 可以 不	17
train543	我 的 身份证 丢失 了 办 了 临时 身份证 请问 可以 用 临时 身份证 可以 办理 港澳 通行证 和 护照 吗	17
train544	异地 办理 港澳 通行证 必须 要 户口本 原件 吗 复印件 或者 扫描 件 可以 吗	17
train545	出生证明 可以 吗	17
train546	请问 我 都江堰 的 户口 用 临时 身份证 能否 在 成都 办理 港澳台 通行证	17
train553	我 女儿 的 港澳 通行证 过期 了 我 能 帮 她 代办 吗	18
train554	老人 在 北京 想 去 港澳台 旅行 可否 代办 签注	18
train555	委托 他人 办理 的 流程 是 什么	18
train556	想 问 一下 香港 清楚 可以 代办 吗 谢谢 了	18
train557	持 成都市 市 签发 的 有效 港澳 通行证 再次 申请 个人 旅游 签注 的 委托 他人 办理 加签 需要 什么 流程 和 手续	18
train558	本人 在 外地 户口 在 成都 申请 港澳 通行证 续签 需要 本人 亲自 办理 吗	18
train559	你好 我 是 成都 的 户口 现在 在 外地 上学 我 的 港澳 通行证 过期 了 能 让 家人 代理 去 重办 港澳 通行证 吗	18
train560	我 可以 委托 我 附近 帮 我 办理 吗	18
train561	我 在 外地 需要 续签 港澳 通行证 需要 我 本人 回来 续签 吗 还是 家人 也 可以 帮忙 续签	18
train562	港澳台 二次 签注 可否 他人 代办	18
train563	我 本人 出差 在 珠海 想 在 春节 去 澳门 旅游 港澳 通行证 在 成都 可以 请 人 在 成都 帮 办理 澳门 的 签注 么	18
train564	想 问 一下 香港 签注 可以 代办 吗 谢谢 了	18
train565	我 可以 顺便 给 我 小孩 办理 港澳 通讯	18
train566	请问 本市 户口 港澳 通行证 过期 了 人 在 外地 可以 请人 代办 港澳 通行证 并 办理 签证 么	18
train567	可否 寻求 他人 办理	18
train568	您好 人 不 在 成都 可以 托人 代办 港澳 通行证 吗	18
train569	你好 我 的 港澳 通行证 是 在 山西 办理 的 后来 户口 签到 成都 了 现在 要 办理 港澳 通行证 签注 证件 在 有效期 内 可以 找人 代办 签注 吗	18
train570	港澳 通行证 过期 了 想 换 可以 请 父母 或 朋友 帮 我 代办 吗	18
train571	我 的 港澳 通行证 签注 时间 过期 了 我 人 在 外地 看 之前 的 留言 说 是 可以 请人持 我 的 通行证 重新 签注 请问 还 需要 我 本人 的 身份证 吗	18
train572	成都市 户籍 成都 办理 的 港澳 通行证 人 在 外地 请 他人 代办 续签 可以 吗	18
train573	我 的 港澳 通行证 没有 过期 但是 一年 2 次 已经 满 了 要 签注 人 不 在 成都 可否 代办	18
train574	我 可以 顺便 给 我 小孩 这里 港澳 通行证 吗	18
train575	接着 刚才 的 问题 我 在 外地 委托 他人 代办 港澳 签注 我 除了 需要 将 港澳 通行证 寄给 代办 人外 还 需要 户口本 身份证 或 委托书 之类 的 文件 吗	18
train576	你好 我 户籍 在 成都 因 异地 工作 原因 港澳 通行证 已经 办理 了 现在 首次 签证 需请 朋友 在 成都 代办 请问 需要 什么 资料	18
train577	请问 代办 港澳 通行 签注 需 本人 的 委托书 吗	18
train583	你好 请问 铜梁 港澳 通行证 团签 可以 改 个人 签 吗	19
train584	旅游 签证	19
train585	都江堰 户口 办 港澳 通行证 可以 自由 行 吗	19
train586	旅游	19
train587	请问 我 办理 了 香港 的 出入境 但是 我 户口 在 铜梁 只能 办 团队 的 可是 我直 飞机票 都 买好 了 不能 退 请问 可以 改成 个人 的 么	19
train588	我办 了 港澳 通行证 但是 只 签注 了 香港 的 现在 想 签注 澳门 的 可以 吗	19
train589	我办 港澳 通行证 是 申报 的 种类 是 个人 怎么办 下来 种类 是 团队 旅游 啊	19
train590	持有 成都市 居住证 办理 港澳 通行证 请问 是 个人 旅游 签 还是 团队 旅游 签	19
train591	请问 有 港澳 通行证 在 川 内办 的 但是 没有 签注 过 户口 是 上学 期间 迁 到 成都 的 能 签 个人 游 吗	19
train592	办理 港澳 通行证 时办 的 是 团签 如何 改成 个人 旅游 签注 呢 谢谢	19
train593	请问 下 綦江 户口 办理 港澳 通行证 只能 办 旅游 签 不能 个人 签 吗 不能 直飞 香港 吗	19
train594	请问 简阳 户口 可以 办理 赴 港澳 个人 旅游 签注 吗	19
train595	我 有 居住证 能 在 成都 续签 港澳 通行证 签注 吗 是 个人 旅游 签注 还是 团队 旅游 签注	19
train596	我 老婆 是 达州 的 结婚 之前 她 在 达州 当地 办理 了 护照 港澳 通行证 没有 签注 过 结婚 后 户口 迁到 了 彭州 请问 她 如果 去 香港 自由 行 需要 什么 手续	19
train597	你好 我 是 自贡 户口 在 成都 有 居住证 在 成都 办理 的 港澳 通行证 请问 居住证 持证人 可以 办理 去 港澳 的 个人 自由 行 签注 吗 之前 的 政策 是 只能 办理 团体 旅游 签注 谢谢	19
train598	港澳 通行证 四川 宜宾市 高 县 那边 默认 的 种类 是 团队 旅游 L 公司 让 过去 出差 成都 飞 香港 请问 能 在 成都 出入境 哪里 办理 团队 改 个人 吗 急急 急	19
train599	老公 在 老家 办理 了 港澳 通行证 签注 只能 做 L 团签 现在 户口 迁 到 成都 了 是否 可以 办理 个人 旅游 签注 需要 什么 手续 谢谢	19
train600	外地 户口 办理 的 港澳 通行证 种类 是 团队 旅游 从 成都双流机场 出境 到 香港 是 直接 凭 港澳 通行证 的 有效 签注 出境 就 好 了 还是 必须 要 跟 旅游团 带 的	19
train601	为什么 不 回答 我 的 问题 我 都 问 了 三次 了 我 港澳 通行证 在 四川 达州 办 的 昨天 在 成都 签注 的 从 成都 直飞 香港 出差 请问 还 需要 办理 团签 吗	19
train602	你好 问 一下 我 是 重庆 的 办理 的 港澳 通行证 是 团队 旅游 L 是不是 必须 只有 跟团 才能 去	19
train603	我 在 重庆市 但是 所在 的 区县 不能 办理 个人 旅游 在 主城 可以 办理 吗	19
train604	户口 是 凉山州 西昌市 港澳 通行证 也 是 在 西昌 办 的 现在 办理 了 成都 的 居住证 港澳 通行证 能 签注 个人 旅游 G 吗 还是 只能 签注 团队 旅游 L	19
train610	我 不是 重庆 的	20
train611	哎 不是	20
train612	不是 那	20
train613	不 可以	20
train614	不是	20
train615	不 对	20
train616	不是 啊 啊	20
train617	我 说 不是	20
train618	给 你 说 不是	20
train619	不是 首次 那里	20
train620	查 不是	20
train621	哦 不是	20
train622	没有 啊	20
train623	没对	20
train624	没有 勒	20
train625	不是 重庆 户籍	20
train626	没有	20
train627	不是 不是 打 过来	20
train628	没	20
train629	不 对 的	20
train630	没有 啦	20
train636	快递 证件 便宜 么	21
train637	同 城 快递 多少 钱	21
train638	邮寄 签注 收费 标准	21
train639	邮寄 费用 怎么 算 呀	21
train640	邮寄 证件 便宜 么	21
train641	快递 费用 高 么	21
train642	快递 取证 收费 标准	21
train643	邮寄 证件 贵不贵 呀	21
train644	邮寄 证件 价格 标准	21
train645	游戏 费用 怎么 算 啊	21
train646	邮寄 证件 价格	21
train647	邮费	21
train648	快递 取证 不 便宜 吧	21
train649	快递 证件 贵不贵 呀	21
train650	快递 费用 不 便宜 吧	21
train651	快递 取证 便宜 么	21
train652	游戏 费用 怎么 算 的	21
train653	邮寄 证件 怎么 收费	21
train654	邮寄 费用 怎么 算 呀	21
train655	快递 取证 怎么 算	21
train656	邮寄 费用 怎么 算	21
train657	怎么 计费 怎么 算	21
train658	快递 证件 收费 标准	21
train659	武器 费用 多少	21
train5	是 个 周一 至 怎么 计呀	0
train6	七十五 周日 推算 的	0
train7	什么 时候 国家 准予 部门	0
train8	有偿 免费 的 意即 是 什么	0
train9	全部 彼此间 证明 是 什么	0
train10	什么 是 发达国家 备案 执法人员 啊	0
train11	是 国内 备案 证 呀	0
train12	什么 是 国家 所 备案 医务人员 呀	0
train13	嗯 七个 周日 怎么	0
train14	重任 联系 证明 是 什么 呀	0
train15	德国队 呀 元 是 什么 语意	0
train16	什么 是 国际 组织 这样 人 呀	0
train17	就 逃 客户服务 啥意思	0
train18	是 个 周日 如何 计数 的	0
train19	什么 是 牵住 呢	0
train20	下 一个 文书工作 是 怎么 可知 的 呀	0
train21	确实 是 什么 字面 呀	0
train22	七个 准时	0
train23	有偿 服务 是 啥意思	0
train24	仅 有 就是 什么 意思	0
train25	你好 我 就让 了解 一下 在 网上 签注 港澳 居民身份证 然后 说 我 回乡证 不 具备 网签 条件 是 什么 意思	0
train26	什么 是 国家 也就是说 管理人员 呀	0
train32	您好 请问 我 是 外地 户籍 不必要 到 市局 办证 厅 办理 吗	1
train33	我 在 渝中区 在 哪里 办理 比较 较 重	1
train34	如果 可以 对 办理 处有 都 将	1
train35	问道 遂宁 办理 的 港澳 通行证 续签 在 成都 哪里 可以 续签 我 是 Pardosa 的 通行证	1
train36	我 户口 在 山西 澳门 通行证 需要 离任 请问 在 成都市 可以 受理 吗 需要 什么 材料 到 哪里 去 受理 谢谢	1
train37	我 在 遂宁 在 哪里 把 你 较为 新	1
train38	我 在 江北 在 哪里 办 比较	1
train39	可以 到 高新区 出入境 门厅 办理 吗	1
train40	你 水区 承办 住址 在 哪里	1
train41	重庆市 户数 办理 粤港 通行证 新鲜 可以 在 哪里 自助 办理	1
train42	请问 双流 户口 才 会 去 双流 分局 办理 澳门地区 通行证 吗 可以 去 高新区 或者 大兴县 新区 不收 不	1
train43	重新 户口 办 香港地区 才 可 在 哪里 办	1
train44	在 哪儿 交 总有一天	1
train45	我 在 遂宁 在 哪里 提出申请 的 条件	1
train46	港澳 通行证 快 到期 了 在 高新区 办证 中心 出入境 来访 大厅 宛平 一期 那个 可否 办理	1
train47	一 东区 的 查验 地址 在 哪里	1
train48	我 在 哪里 承办 来电	1
train49	你好 要 来 高新区 户口 的 粤港 通行证 办理 所在位置 是 在 哪里 户口 是 高新区 荣华 二路 的	1
train50	恩好 的 为 您 查验 定址 在 哪里 呢	1
train51	我 以前 是 雅安 户口 在 雅安 办理 了 澳门 证件 现在 入境 已经 过期 了 户口 也 转到 了 重庆 签下 该 在 哪里 办理 呢	1
train52	缴税 是 高新区 集体户 办 东南亚地区 通行证 必须 去 高新区 的 出入境 大厅 代办 还是 在 成都市 内 任意 s 就 可以 代办 呢	1
train53	办理 港澳 最终 入境 的 自助 网点 有 哪些	1
train59	去 澳门 耍 核发 开支 是否 要 很多 钱	2
train60	筹办 港澳地区 通行证 好多钱	2
train61	复 居留权 需要 多少 钱 呀	2
train62	筹办 入境签证 需要 多少 钱 呀	2
train63	办 一个 通行证 多少 钱	2
train64	去 于 澳门 耍 一次 要 好多钱	2
train65	多少 钱	2
train66	中港 回乡证 好多钱	2
train67	应该 很喜	2
train68	成都 武侯区 户口 港澳 通行证 跟 换 多少 钱 几个 工作日 可以 由此而来 渴望 尽快 电话 无视 一声 对不起 对不起	2
train69	办 身分证 和 港澳 身份证明 分别 需要 多少 钱 呢	2
train70	香港旅游 查验 证件 经费 是 好多	2
train71	喂 你好 三 免签 能够 多少 钱	2
train72	他 受理 港澳 通关 的 费用 是 多少	2
train73	港澳 身份证明 过期 重新 办理 怎么样 缴费	2
train74	投 到 护照 需要 多少 钱 啊	2
train75	澳门 人 听 音乐 的话 办理 证件 费用 是 好多	2
train76	办证 多少 钱	2
train77	证明文件 试办 要 多少 钱	2
train78	二次 归国 港 办理 港澳 免签 能够 多少 天 工本费 是 多少 能够 带 哪些 档案 如果 在 四川 办理 的 港澳 通行证 在 粤东 能 逾期 吗	2
train79	办 居留 要 多少 钱 呀	2
train85	我 母亲 没有 上 的 学校 可以 办理 不	3
train86	苦读 娃儿 可以 不收 不	3
train87	我 外婆 可以 查验 不	3
train88	有没有 办理 平均年龄 促请	3
train89	对 办理 的 年 利有何 允许	3
train90	我爸 可以 办 么	3
train91	岁数 有 限制 无法	3
train92	孩童 可以 接办 不	3
train93	的 学生 可以 查验 吗	3
train94	没满 16 岁 能 提出申请 么	3
train95	读过 大学 可以 试办 港澳 通行证 不	3
train96	办理 平均年龄 尽快 的 尽快 是 什么	3
train97	读 初中 可以 查验 新马 通行证 不	3
train98	你 捡 十六岁	3
train99	孩童 可以 查验 么	3
train100	有没有 年岁 拒绝	3
train101	没有 s 十六岁	3
train102	小学生 是否 能 巴士 和	3
train103	年龄 缘故 大 是不是 没 自行 办理	3
train104	办 年龄 承诺 是 多少岁	3
train105	初中生 可以 办 吗	3
train112	本人 阿坝州 人 满足 在 绵阳 办理 护照 的 条件 7 月末 29 日 在 入境 管理处 办理 的 护照 港澳台 居民身份证 最快 多久 能 摘下 证件	4
train113	港澳台 通行证 已 办理 很 久 始终 没收 到 消息 也 没拿到 证件	4
train114	办 时间 长三 吗	4
train115	不 对 我 已经 拿到 了 港澳台 证件 但是 还 不会 核发 过 汇票 不 对 首次 核发 汇票 一年 两次 几天 可以 签下来 核发 方式 是 什么 呢 昨天	4
train116	试办 能够 多久	4
train117	配偶 和 小孩 均 北京 户口 已 在 北京 筹办 新马 通行证 但 已过期 并不需要 续签 却说 在 成都 办理 最快 多久 能 拿到	4
train118	在 成都 上学 但是 户口 是 省外 的 急办 港澳 通行证 学校 进 了 证明 现在 访客 了 1217 的 办 请问 可不可能 在 年底 31 号 年前 获得 呢	4
train119	港澳 出入境 遗失 怎么 补办 需要 多久	4
train120	我 的 中港 通行证 到期 了 户口 是 成都 本地 的 直说 重新 办理 需要 多长时间	4
train121	请问 2015 年 9 月末 27 号 申请 的 港澳 在线 二次 签注 什么 时候 可以 领取 已经 付款 但是 没有 收到 相关 短信 不 知道 否在 进行 之前	4
train122	请问 现在 想 办理 港澳 通关 年前 能 获得 吗	4
train123	请问 港澳 入境 续签 需要 多少 工作日	4
train124	办理 澳门 人 通行证 后 什么 等待时间 能 拿到 呢	4
train125	你好 却说 港澳 绿卡 最 短时间 何时能 把 证 领到 手 谢谢	4
train126	从未 代办 的 时间 多久	4
train127	请问 办理 好 港澳 通行证 签注 需要 很 久	4
train128	却说 一下 港澳 通行证 并不需要 几天 呢	4
train129	请问 中港 回乡证 最快 几天 可以 办好	4
train130	时间 必需 多久 总有一天	4
train131	团体 旅游区 港澳台 证件 办理 需要 几天	4
train132	你好 我 1016 号 不收 的 回乡证 22 号 我 键入 怎么 还是 在 查核 中 呢 给 我 的 回执单 上面 写 的 是 25 号 之前 就 可以 投递 我 这	4
train133	你好 我 是 外地 户口 可以 在 成都 试办 港澳 通行证 吗 大概 好久 可以 领到	4
train134	您好 我于 上 同月 15 日 组委会 的 护照 及 澳门地区 通行证 异地 户数 受理 通知单 上 标示出 的 是 通知 由于 目前 尚未 打 来 任何 给与 通知 故想 咨询 下 大概 还 须要 多久 可以 拿到 护照 十分 感谢	4
train135	22 号 收到 短信 通知 领取 港澳 居民身份证 如今 24 号 下午 可以 领取 吗	4
train142	可以 交由 索取 吗	5
train143	因 本人 在 外地 工作 可否 委托 他人 代为 领取 回乡证 港澳台 通行证 等	5
train144	港澳地区 居民身份证 他人 帮忙 领取 的话 需要 哪些 证件 呢 上班时间 实在 走不开 谢谢	5
train145	滨镇 的 好 朋友 就 可以 找人带 你 不	5
train146	s 手续 怎么办	5
train147	表哥 他人 申领 可以 吗	5
train148	你好 我 打算 请问 可不可以 非 本人 领取 护照 和 港澳 身份证	5
train149	办理 的 居民身份证 和 港澳 通行证 请 家人 代领 须要 带 什么	5
train150	请问 护照 港澳 通行证 及 出入 台湾 通行证 由 全家人 代领 需要 哪些 材料	5
train151	我 老婆 在 网路上 申请人 的 港澳 回乡证 二次 签证 我能 代替 她 去 在场 拿证 吗 需要 代 什么 证件	5
train152	香港地区 通行证 可以 Pardosa 吗 只有 身份证 照片 和 回执单 照片	5
train153	请问 领 身份证明 和 港澳 通行证 时 可否 不用 本人 来领 代办 人 都 需要 什么 身分证	5
train154	实有 刻不容缓 以后 可不可以 找人 代理 啊	5
train155	通过 蓉城 e 注册 的 港澳 通行证 加注 可以 他人 去 蓉城 e 售票厅 代 领取 么	5
train156	港澳台 居民身份证 已经 办理 完成 办理 时 选项 奈何 由于 本人 临时 出差 星期 较长 但 证件 急用 可否 由 全家人 用 户口本 和 回执 代领 谢谢	5
train157	证 办好 以前 可以 找 代理人 啵	5
train158	可以 他人 女婿 吗	5
train159	您好 我 已 收到 证件 办理 完成 的 反馈 Pardosa 请问 别人 可否 持 我 的 发放 回执单 代领 普通 护照 港澳台 通关 谢谢	5
train160	爱 我 之前 在 天府广场 跨境 办证 走 道 办理 了 港澳 通行证 过去 提示 可 领取 但是 人 亦然 成都 请问 是否是 可以 让 人 代领 如果 可以 的话 须要 什么 材料 呢 谢谢	5
train161	s 的话 要 哪些 详细资料	5
train162	去 找 妈妈 于是 从	5
train163	香港地区 通行证 能 不能 请人 舅舅	5
train164	港澳 通行证 承办 再次 签注 后 可不可以 让 其他人 代拿	5
train165	上个月 在 成都市 出入境 的 中心 代办 港澳 通行证 现在 让 人 带领 除了 给 他 回执单 还 需要 其他 确实 吗	5
train166	是否 可以 让 他人 女婿 办好 的 护照 和 港澳 回乡证 或者 女婿 要 带 什么 手续	5
train167	释 办好 以后 可以 找人 代领 扣	5
train168	如今 好 自此 可以 找人带 你们	5
train175	可以 在 香港 碰 多久	6
train176	你好 直说 一下 港澳 通行证 首次 申领 后 的 第一年 是不是 不能 办理 居留 可以 往返 港澳 两次	6
train177	中港 通行证 可以 在 中港 的 多久	6
train178	却说 港澳 通行证 怎么 拍照 牵着 时间	6
train179	恩好 通关 可以 在 香港地区 的 多久	6
train180	居民身份证 和 港澳台 通行证 的 限 分别 是 多少 呢	6
train181	可以 去 澳门 人 几次	6
train182	颇 高 不须 用 可以 在 香港 待 多久 啊	6
train183	香港 可以 去 几次	6
train184	到访 时间 有 限制 么	6
train185	要 来 兼办 港澳 通行证 可以 兼办 多次 吗	6
train186	行程 是 国外 香港 澳门 港澳地区 请问 需要 几次 澳门地区 签注	6
train187	澳门特区政府 可以 去 几次	6
train188	长 达 可以 跟着 多长时间	6
train189	能入京 几次	6
train190	能 过夜 太久 呢	6
train191	可以 去 几次	6
train192	打 身份证件 可以 在 港台 带 多少	6
train193	也 可以 在 澳门 把玩 多久	6
train194	港澳 才 可 可以 在 港澳 待 多久	6
train195	港澳 回乡证 L 签 和 G 签都 可以 一周 内 2 次 往返 香港地区 吗	6
train196	你好 w 开头 的 港澳地区 通行证 一年 内能 去 几次 澳门 中间 再 去 澳门 有无 时间 间隔 的 要求 明天	6
train197	脱口而出 澳门 两次 签注 需要 较 宽 多久 在 异地 是否 也 可以 进行 第二次 签注	6
train198	要 来 一下 我 从 华南地区 到 香港 途经 期间 如果 要 去 澳门 一次 的话 香港 汇票 办理 一次 途经 就 可以 了 吗 我 在 港澳 一共 返程 5 天	6
train205	阿里巴巴 集团 缴交 得行 不	7
train206	可以 支付宝 缴纳 吗	7
train207	办 港澳 通行证 费用 可以 回购 或者 腾讯 支付 吗	7
train208	支持 腾讯 缴纳 吗	7
train209	可以 天涯社区 偿付 吗	7
train210	你 APP 折扣 不	7
train211	支持 权势 结帐 过	7
train212	可以 威信 现金 吗	7
train213	支付 既得利益 现金 啵	7
train214	赞同 意欲	7
train215	折价 得行 吗	7
train216	就是 不 支持 威望 退款	7
train217	偿还债务	7
train218	可以 信用卡 缴交 吗	7
train219	可以 额度 付费 不	7
train220	银行卡 可以 预约 不	7
train221	人 在 外地 不太可能 办过 证 了 再 期满 的话 怎么 付款 呢	7
train222	可以 折价 吗	7
train223	不能 一大笔钱 怎么办	7
train224	信用卡 可以 退款 吗	7
train225	非 用 支票 送货 不可 么	7
train226	你们 这 可以 权势 预约 吗	7
train227	亦非 用 抵押 啊	7
train228	收取 应当 也 是 可以 的 吧 或许 拒收 支票 是 不当 的 鸭子 ltahrefn 重庆 公安部 过境 gt 重庆 公安部 过境 ltagt	7
train233	哦 好 的 好 的	8
train234	怎么 转 啊 我 是 真的 想到 你们 很 不错 啊	8
train235	好 的 没有 人 了	8
train236	好 的	8
train237	多多	8
train238	好 的 吧	8
train239	啊	8
train240	没有 了	8
train241	然后	8
train242	查验 微博 越做越 好 了 自制	8
train243	嗯 哼	8
train244	对不起	8
train245	嗯 明白	8
train246	好 的 好 的 好 的	8
train247	无论如何	8
train248	今天 去 日 月光 广场 分理处 办理 港澳 通行证 想像中 便利 高效 啦 为 我 大 重庆 的 跨境 监管 点赞	8
train249	不 究竟	8
train250	不 明确	8
train251	不是 有点 相符	8
train252	还是 能够 回复 和 所在地 自己 倾注 谢谢	8
train258	取 通行证 可以 不带 身分证 吗	9
train259	小孩 并未 证件 办理 港澳 通行证 与 签证 的 回执 现已 丢失 怎样 能 领取 没关系	9
train260	心事 在 成都 成华区 公安 入境 二楼 办理 的 绿卡 和 港澳 才 可 的 回执单 掉 了 怎么办	9
train261	领取 护照 和 港澳 通行证 以及 台湾人 证 的 单子 出错 了 怎么办	9
train262	您好 我 办理 完毕 澳门 人 居民身份证 把 持有人 弄 丢 了 本来 以为 是 选 的 寄送 服务 现在 推断出 不是 人 不 在 成都 我 现在 怎么 拿到 居民身份证 呢	9
train263	你好 我 办理 了 港澳 入境 现 遗失 了 回执单 请问 怎么 由此而来 入境 呢 总有一天	9
train264	小妹 请问 我 去年 九月 办 的 港澳 身份证明 现在 找 不到 那些 单子 了 可以 直接 凭 身份证明 取 吗 多谢	9
train265	办理 粤港 通行证 是 我 为了 让 了 邮寄 但 我 以前 又 想 自己 去 拿 可以 吗	9
train266	受理 港澳 和 台湾 通行 的 回执单 上来 了 凭 身份证 可以 取 吗	9
train267	我于 6 月 1 日 在 都江堰市 金牛区 出入境 监管 总队 兼办 了 护照 及 港澳台 通行证 现在 由于 在 外地 工作 同时 也 过 了 在 该 网站 邮寄 的 时间 了 再 来 怎么 才能 发给 这 几个 居民身份证	9
train268	你好 请问 有 办理 护照 及 港澳 居民身份证 回执单 及 报税 不用 放 身份证 可以 补发 吗 中午 12 点至 1 点 可以 补发 吗	9
train269	昨天 一下 办理 港澳 通行证 时候 报到 的 回执单 掉 了 怎么 处理	9
train270	具名 有 几种 手段	9
train271	绿卡 和 新马 通行证 选择 的 是 EMS 邮寄 办理 完成 后 是不是 不 需要 拿 身份证 和 回执单 去 入境处 部门 领取 证件 从 外部 邮寄 到 核对 的 URL	9
train272	已经 在 成都 出入境 办理 了 澳门 出入境 去取 的 时候 需要 带 什么 文件 和 证件 吗	9
train273	问道 问道 回执单 帮忙 不见 了 怎么办	9
train274	我 办理 了 我 和 我 表哥 以及 儿子 2 岁 的 港澳地区 身份证件 进度 查询 了 可以 取证 问道 去 取证 的 时候 只 只能 带回 悉 还是 回执 和 身份证 都 要 带	9
train275	你好 我 的 港澳 回乡证 台胞证 出来 了 但是 我 的 回执单 掉 了 脱口而出 要 怎么样 才能 丢掉 我 的 回乡证 呢	9
train276	你好 我 的 回执单 偷去 了 可以 拿 居民身份证 去 拿 吗	9
train277	办 澳门地区 通行证 的 回执单 掉 了 可以 用 身份证 来 领取 吗	9
train278	我 办理 护照 和 港澳 居民身份证 的 回执单 不慎 放 了 但 缴费 票据 还 在 昨天 怎么办	9
train279	脱口而出 可以 拿 本人 的 身份证 复印件 吗 因为 取证 那 几天 本人 不 在 武汉	9
train289	哎 我 去 饭店	10
train290	你 看 你 怎么办	10
train291	喂 只 必须 身份证明 或子	10
train292	一满 十六岁	10
train293	非常 薄弱 狗 重新 于是 又	10
train294	筹办 身份证 无需 多少 钱 啊	10
train295	啊 前面 必需 多少 钱	10
train296	不能 两边 似的	10
train297	那 你 必须 多少 钱 您	10
train298	成都市 内出 了 顺城 大街 还有 哪里 可以 办 居民身份证 我 的 右边 在座 机场 附近 还有 拍照 可不可以 直接 使用 此前 澳门 人 通行证 的 拍照	10
train299	请问 北碚 筹 护照 在 哪里 筹 需要 带 什么 证件 办理 大约 需要 多少 钱	10
train300	回头 脱 就是 和 你 这个 呢	10
train301	港澳 通行证 孙继海 小时	10
train302	成都 高新 户籍 15 年 6 月 办理 澳门地区 通行证 仍然 未有 使用 本年 12 月底 准备 去 香港 通行证 需要 二次 签注 吗	10
train303	非 成都 缴税 办理 港澳 通行证 的 绿卡 类型 是 l 签 不是 g 签 吗	10
train304	你好 我该 网站 预约 的 是 到 都江堰市 出入境 款待 中心 提出申请 港澳 不约而同 证 孙继海 但 想 去 金牛区 出入境 款待 大厅 提出申请 不知 可否	10
train305	您 本	10
train306	港澳 身份证 5 月 12 日 到期 现在 申请者 续签 来 的 及 不 因为 看 信息 说 是 有效期 必须 少于 3 个 月	10
train307	嗯 嗯 好 的 我 是 文职	10
train308	从	10
train309	该游戏 开支 怎么 退 呀	10
train310	我 在 垫江县	10
train311	游览 县乡	10
train312	由于 未来 会 户口 重籍 迁移 到 成都 那 在 原 户口 所在地 办理 护照 澳门地区 通行证 台湾 通行证 确实 所 需 更换 于是 就 的 护照 澳门地区 通行证 台湾 通行证 确实 可以 之后 正常 使用	10
train313	港澳 签证 是 L 缴 发给 地是 四川 可以 从 成都 直飞 香港 吗	10
train314	本地 户口 的 用 临时 身份证 的话 不必 带 户口 薄 吧	10
train315	去 台湾 在 香港地区 中转 需要 携带 港澳 通行证 吗	10
train316	我 是 大陆 游客 于 10 年初 14 日 从 台北 大鹏 成都 同一时间 经停 香港 11 小时 想要 去 香港 逛 一圈 有 台湾人 通行证 和 入 台证 是不是 就 不 能够 港澳 通行证 了	10
train317	之前 在 武侯区 出入境 中心 办理 了 护照 和 海外华人 通行证 但是 半个 月 后 只 寄出 了 海外华人 通行证 可以 发放 的 通知 短信	10
train318	请问 成都 居民 持 旅游 澳门 通行证 可以 办理 自助 通关 吗	10
train319	我 预约 3 月 20 日办 普通 签证 和 中港 签证 不 告诉 是否是 成功 再 预约 不起 了	10
train320	今天 粤港 台胞证 网络 界面 无法 提交 内容 错乱 无法 填报 上传	10
train321	警官 您好 我 想 请问 一下 澳门 人 回乡证 的 受理 号码 怎么 查询 呢	10
train322	如何 浏览 妳	10
train323	喂 你 闻 刚才	10
train324	姓氏 是 多音字 办理 港澳 通行证 是 罗马字 A	10
train325	港澳 通行证 已经 筹 了 只用 一个月 了 到 入境处 回答 说 是 已经 寄出去 了 但是 现在 还 没收 到 没有 回执单 也 不能 劳到 进程 想 知道 送货 单 号 因为 明天 的 航机 谢谢	10
train326	没多久 在 留言板 签注 的 澳门地区 证件 点错 了 只 选择 香港 一次 之前 付 了 钱 能 不能 修改 哦 还是 再 重新 签 一次	10
train327	您好 我想 问下 我 今天 刚迁 好 户口 自 建 重庆 了 但 我 以前 的 港澳 通行证 是 L 签 我 无需 来 建筑 内 重新 核发 通行证 吗 还有 证件	10
train336	怎么 试办 港澳 身份证件 的	11
train337	港澳地区 通行证 到期 能否 在 该 网站 办理 户口 在 高新区 能否 预约 锦江区 办理	11
train338	外地 签发 的 港澳 通行证 目前 户口 在 成都 如何 办理 沙 签注	11
train339	你好 我 是 在 贵阳 上学 的 青年人 户口 是 安徽 的 能 不能 承办 港澳 出入境 因为 离家 较 远 所以 决心 可以 在 贵阳 承办	11
train340	您好 我于 2013 年 在 昆明 上 所 大学 时 在 昆明 办理 了 港澳 通行证 后 曾 由于 毕业 缴税 已迁 兄弟二人 湖南 请问 如 办理 港澳 通行证 签订合同 我 我 须 在 昆明 还是 全家 办理 呢	11
train341	你好 我 想 问 一下 我 今天 在 深圳 办理 港澳 回乡证 不必 本人 握 身份证 回 重庆 办 吗	11
train342	爱 请问 省内 异地 可以 在 成都 申请 查验 港澳 通行证 吗	11
train343	请问 户籍制度 所在地 在 自贡 可以 在 成都 办理 港澳 通行证 吗	11
train344	孩子 4 岁 需要 办理 身份证 祖母 及 孩子 户籍 都 是 临沂 到底 能 在 成都 办理 身份证 及 港澳 通行证	11
train345	你好 我 在 成都市 办成 的 港澳台 通行证 能 在 深圳 办理 签注 手续 吗	11
train346	请问 外籍人士 身份证 能 在 成都 承办 港澳 通行证 吗	11
train347	外地 户口 可以 在 成都 代办 港澳 居民身份证 吗	11
train348	外地 户口 可以 在 四川 异地 办理 回乡证 以及 港澳 通行证 吗	11
train349	本人 户籍 所在地 位 四川省 都江堰市 现在 成都 工作 很难 居住证 只有 身份证 和 绿卡 可不 异地 办理 港澳 通行证	11
train350	省内 异地 户口 已经 办理 港澳 通行证 再次 道经 签注 是 在校 大学生 怎么 办理 呢 最慢 多久 能 再 上 等待时间 紧迫	11
train351	你好 我 的 户口 在 深圳 本人 目前 在 成都 新马 通行证 已 确定 且 清空 可以 在 成都 办理 不	11
train352	身份证 是 南充市 户籍 可以 在 成都市 办理 中港 通行证 不	11
train353	爱 我 是 资阳市 安岳县 户籍制度 在 遵义 连续 交满 两年 社保 没有 居住证 请问 可以 在 遵义 受理 港澳 通行证 的 签注 吗	11
train354	户口 在 绵阳 在 四川 读书 首次 办理 港澳 通行证 可不可以 在 四川 开	11
train355	请问 港澳 通行证 过期 了 是否是 按 原来 的 办理手续 来 走 去 系统 设计	11
train356	你好 我 在 遂宁 办理 的 港澳 通行证 在册 在 成都 能否 在 成都 办理 香港 自由 行 签注	11
train357	黑龙江 户口 没有 居住证 可以 在 遵义 异地 办理 澳门 人 通行证 么	11
train358	再来 我 需要 到 新加坡 处理 有 应该 怎么办 港澳 通行证	11
train359	心事 请问 异地 课税 给与 电子元件 港澳 身份证明 有效期 内 如何 签注 明年 签注 已过期 在 重庆 工作 在 重庆 办 的 港澳 身份证明	11
train360	你好 我 是 宜宾 户口 需要 续签 港澳 通行证 请问 泸州 可以 核发 吗 需要 什么 手续 具体位置 在 哪 谢谢	11
train361	外地 户口 嫁 到 成都 来 可以 在 成都 办 吗	11
train362	我 的 新马 通行证 7 月 到期 不 对 现在 还 可以 签 吗	11
train363	能否 网上 仅限 查验	11
train364	成都 首次 办理 港澳 通行证 可以 在 自助 办理 机舱 办理 吗	11
train365	傻旧 通行证 办过 手续 换 的 新 港澳 通行证 未 办手续 可以 网上 申请 手续 或 在 手续 自助 SP 受理 吗	11
train366	较 早 港澳 通行证 户籍 所在地 是 海南 的 但是 有 西安 的 暂住证 可以 在 本市 办理 旅游 台胞证 吗	11
train367	你好 我 是 德阳 地区 的 户口 香港地区 证件 是 在 德阳 办 的 现在 有 成都市 的 居住证 请问 可以 用 原来 的 证件 在 成都市 办理 香港 一个 人 旅游 手续 吗	11
train368	要 来 简阳 户口 现在 在 成都 办 了 港澳 通行证 签注 不算 成都 本地 户口 吗 可以 办 个人 s 签注 吗	11
train374	我 逐日 是 四川 遂宁 的 请问 留言板 不能 预约 周四 提出申请 港澳 通行证 可以 直接 去 排队 提出申请 吗 我 看 留言板 有话 说 你们 周四 会 特意 延时 服务	12
train375	4 同月 25 日 夜班 吗	12
train376	啥时候 可以 办理手续	12
train377	请问 这 周六 可以 到市 出入境 一楼 承办 港澳 通行证 么	12
train378	成都 出入境 办证 大厅 周六 工作 间隔时间 是否 可以 办理 港澳 通行证 签证 呢	12
train379	办证 星期 是 周几	12
train380	自助 机办 的 港澳地区 签注 端午节 可以 领 吗	12
train381	网上 申请 的 港澳 签注 能否 在 星期四 和 周日 收 呢	12
train382	请问 星期五 可以 据悉 吗	12
train383	区县 的 公安局 在 2 月 7 号 年前 都 正常 夜班 吗	12
train384	请问 春节 放假 整整 确定 了 吗 办 港澳 通行证 需要 提前 免费 吗	12
train385	请问 下 星期五 能 办理 港澳 居民身份证 吗	12
train386	请问 春节 你们 夜班 吗	12
train387	你好 我 请问 国庆 期间 自助 三楼 可以 适用 吗	12
train388	请问 元旦 期间 就行了 自助 办理 护照 港澳台 通行证 是 首次 居留 谢谢	12
train389	周末 是 双休 么	12
train390	心事 我 的 身份证明 办成 了 星期六 可以 去 核查 么 ltahrefn 昆明 公安局 离境 gt 昆明 公安局 离境 ltagt	12
train391	你们 哪个 实际上 打工 呀	12
train392	自助 是 24 小时 开放 还是 也 只能 来访 时间	12
train393	秀山 县公安局 说 是 初三 才能 办理 怎么回事 啊	12
train394	要 来 出入境 大厅 春节 期间 2 月 15 日至 2 月 21 日 可以 试办 身份证 与 港澳 身份证 及 签注 吗	12
train395	您好 我 是 西安 户口 想要 办理 港澳 签注 请问 下本 周六 2 月 10 日 市中心 办理 点 能否 办理	12
train396	当 周 开业 吗	12
train397	周末 可不可以 合 通行证	12
train405	啊 对 啊	13
train406	啊 是 是	13
train407	是 是 是	13
train408	对 对 是 的	13
train409	哎 是	13
train410	哦 对 啊 是 咋啦	13
train411	必要 是 这样 的	13
train412	喂 是 啊	13
train413	哦 对	13
train414	对 啊 家伙	13
train415	是	13
train416	对 呃 是	13
train417	啊 确认 啊	13
train418	是 啊 没事	13
train419	哦 是	13
train420	是 这样	13
train421	啊 是 吧	13
train422	喔 对 怎么 了	13
train423	对 对 对 对 对	13
train424	好言道	13
train425	哦 引好 的	13
train426	可以 可以 可以	13
train427	对不起 可以	13
train428	哦 可以 可以 可以	13
train429	好 可以	13
train430	可以 啊 可以	13
train431	可以 啊 我 如今 的	13
train432	伦 可以	13
train433	嗯 可以 啊	13
train440	却说 办理 澳门地区 通行证 能 加急 吗 谢谢	14
train441	加急 查验 港澳 居民身份证 及 签注	14
train442	您好 西安 户口 澳门 通行证 过期 了 7 月 17 日 重新 申请 办理 了 当时 心想 问 取证 时间 后 发现 取证 时间 将要 了 不 对 还 能 重新 申请 加急 吗	14
train443	请问 港澳台 通行证 加 签注 最快 要 多久 呢 因为 比较 见 能否 加 钱 加急 呢	14
train444	要 加急	14
train445	您好 我 想 问 一下 首次 办理 港澳 通行 证明 能否 加急	14
train446	请问 办理 港澳 通行证 九月 一次 签注 可以 加急 办理 吗 怎么 缴付 的	14
train447	可否 加急 该 公司	14
train448	试办 粤港 通行证 回执单 写成 的 8 翌年 31 日 给与 由于 赶时间 可以 在 31 早上 一 拦住 就 给与 的 到 吗 还是 要 下午 呀 能否 加急 呢	14
train449	我 是 一名 藏族 参加 了 保险公司 组织 的 港澳游 可 长途汽车 证 之前 没 下来 旅行社 那边 马上 要 到达 了 要 我 赔 违约金 我 想 问 可以 加急 兼办	14
train450	请问 首次 办理 港澳地区 通行证 门 申请人 加急 么	14
train451	我 是 6 号 去 试办 的 港澳 证件 然后 现在 18 要 去 新加坡 脱口而出 一下 可以 加急 吗 跪求	14
train452	可以 加急 不	14
train453	不 对 加急 这个 客户服务	14
train454	不 对 我们 12 月 14 日到 内地 没办 过 港澳 通行证 第一次 受理 不 对 受理 可以 加急 受理 吗	14
train455	未能 只能 加急 啊	14
train456	能 加急 妥善处理 吗	14
train457	新年 前 还 能 加急 办理 港澳 出入境 吗	14
train458	能否 加急 办理 澳门 人 通行证 及 签注	14
train459	成都 本地 户数 港澳 通行证 首次 提出申请 申请 提交 审批 中 是否 能 申请 加急	14
train460	请问 换上 澳门 人 通行证 可以 加急 吗	14
train461	可以 重办 加急 吗 因为 下周 就要 通关 了	14
train462	首次 提出申请 港澳 才 可 可以 加急 吗	14
train463	能 加急 么	14
train464	4 月 6 日新办 港澳 证巳 通告 审理 想办 急件 尽快 取件 行 吗 一	14
train470	港澳 身份证明 需要 上头 的 资料	15
train471	只能 哪些 胶合板	15
train472	持有 本式 往 还 港澳 通行证 但 未能 持有 有效 签注 的 也 可以 核发 换发 电子 往 还 港澳 通行证 需要 带 什么 证件	15
train473	在 成都 管理工作 需要 办理 港澳 证件 户口 所在地 为 南充 在 成都 办理 需要 提交 哪些 档案 在 哪里 进行 办理 多久 可以 拿 回	15
train474	省内 时才 大学生 办理 港澳 通行证 需 准备 什么 资料	15
train475	泸州 户口 成都 工作岗位 无 社保 请问 需要 什么 材料 可以 在 成都 办理 港澳 才 可 和 港澳 签注	15
train476	本人 为 成都市 户口 现有 港澳 身份证明 小 本子 式 在 须 在内 审核 申领 港澳 身份证明 小 本子 式 换 为 卡片式 所 需 哪些 办理 工艺	15
train477	您好 我 是 巍山 的 户口 在 成都 读 大学 办理 港澳 通行证 续签 需要 携带 哪些 涂料 啊 谢谢	15
train478	您好 我 是 成都 在校 大学生 户口 在 校内 想 办理 港澳 通行证 到 港台 读书 明明 需要 带 什么 证件 去 办理	15
train479	我 老公 是 绵阳 户口 没有 核发 居住证 但 我 是 成都 户口 请问 他 核发 港澳 证件 需要 带 哪些 均 须	15
train480	我 是 河北人 在 成都 读 大学 办理 港澳台 通行证 须要 什么 资料 户口簿 没有 在 额头 在家 那边 可以 办理 吗	15
train481	之前 是 绵阳 家户 现在 落户 到 龙泉驿 更换 港澳台 通行证 需要 带 什么 证件	15
train482	请问 我 早就 所持 在 成都 办理 的 港澳 出入境 本 省外 市 缴税 但 没有 办理 过 签注 直到现在 办理 首次 签注 需要 什么 塑料 和 流程 是 什么 以及 办理 时间	15
train483	外省 登记 成都市 在校 大学生 请问 办理 港澳 续签 能够 哪些 材料	15
train484	你好 在 西安 有 工作 配偶 是 西安 户口 限制 需要 办理 护照 和 港澳 通行证 需要 什么 工艺 呢 再见	15
train485	本人 目前 在 广州 无法 回 户口 所在地 成都 兼办 葡国 签注 已有 中港 身份证件 是否 可以 委托 他人 帮 我 兼办 葡国 签注 如果 可以 要 来 需要 哪些 材料	15
train486	港澳 通行证 到期 重新 申请 须要 审核 哪些 资料	15
train487	外省 的 有 港澳 通关 没有 签注 如果 要 办 签注 所 需 什么 资料	15
train488	已有 港澳 通行证 明明 办理 港澳 收件 需要 哪些 资料 在 哪里 办理 谢谢	15
train489	香港地区 通行证 即将 于 3 月 签订合同 从前 想 申请 换领 请问 是否 必须 携带 原 通行证	15
train490	重庆 本地 户口 办理 澳门 通行证 需要 哪些 资料	15
train496	我 去 看 新近 怎么 查验	16
train497	我 去 看 一新 怎么办	16
train498	我 男朋友 是 香港 居民 我 有 新马 通行证 我 可以 办 多次 往返 香港 的 汇票 吗	16
train499	我 去 乘飞机 怎么办	16
train500	去 认清 怎么 兼办	16
train501	PDA 我 去 看清 怎么 办理	16
train502	昨去 回台 怎么办 哩	16
train503	小妹 我 11 岁 女儿 已经 办成 了 护照 和 港澳 身份证 想要 这 月底 去 香港 探亲 再来 在 去 前 还 需办 何种 手续 吗	16
train504	我 去 一味 怎么 受理	16
train505	用 那个 的 路 我 去 看见 怎么办 呢	16
train506	请问 远走 证 兰伯特 可以 不带 户口本 吗	16
train507	重庆 大足 户口 办理 港澳地区 回乡证 出国 留学 可以 在 成都 办理 吗	16
train508	我 去 远走	16
train509	奔丧 或 逗留 怎么 受理	16
train510	喂 心事 我 去 携眷 怎么办 哩	16
train511	我要 去 看君 怎么办 啊	16
train512	我 去 返乡 怎么办 哩	16
train513	我 去 烫金 怎么办	16
train514	我 去 固执 怎么 核发 啊	16
train515	我要 去 香港 开心 生病 必需 我们 指定	16
train516	我要 去 香港 灿杏 顺便去 澳门特区政府 草拟	16
train523	我 的 护照 偷去 了 是 吗	17
train524	可以 用 其他 的 身分证 吗	17
train525	可以 用 据悉 吗	17
train526	无法 通行证 可以 吗	17
train527	应该 可以 用 学生证	17
train528	那 可不可以 用 学校 会 核发	17
train529	到底 才 会 要 户口本	17
train530	那 可不可以 用 护照 办 呢	17
train531	通行证 拿走 了 怎么办	17
train532	我 想 咨询 一下 可不可以 用户 沟 办理 呢 从未 身份证 成年人	17
train533	我 想 请问 没有 居住证 寄居 证明 可以 办 港澳 第二次 签注 吗	17
train534	因为 办理 身份证 的 时间段 想像中 长 我 可以 先 用 临时 身份证 办理 港澳 通行证 吗	17
train535	我 的 个人资料 都 碰到 了 怎么办	17
train536	户口本 得行 不	17
train537	有 暂住证 可以 申请 港澳 通行证 吗 旅游 入境	17
train538	明明 身份证 丢失 可不可以 用 临时 身份证 提出申请 菲律宾 签证 和 港澳 通行证 到期 换证 业务 谢谢	17
train539	能否 用 行驶证 军人证 社保卡 查验	17
train540	请问 异地 户口 交满 一年 的 存款 没 居住证 只有 一个 暂住 凭证 能办 澳门 人 身份证 吗	17
train541	我 的 居民身份证 捡 到 了	17
train542	有 其他 居民身份证 替代 护照 可以 不	17
train543	我 的 身份证明 丢失 了 交 了 临时 身份证明 请问 可以 用 临时 身份证明 可以 办理 港澳 居民身份证 和 身份证明 吗	17
train544	异地 办理 港澳 通行证 不必要 户口本 Pardosa 吗 复印件 或者 扫描 件 可以 吗	17
train545	出生日期 可以 吗	17
train546	请问 我 都江堰 的 户数 用 临时 身份证 能否 在 泸州 办理 港澳台 通行证	17
train553	我 女儿 的 港澳 通行证 注销 了 我 能 帮忙 她 代办 吗	18
train554	老人 在 北京 想 去 港澳台地区 漫游 可否 代办 签注	18
train555	委派 他人 办理 的 步骤 是 什么	18
train556	想 问 一下 澳门 清楚 可以 Pardosa 吗 谢谢 了	18
train557	持 成都市 西郊 签发 的 有效 港澳 通行证 再次 申请 个人 旅游 通行证 的 指派 他人 办理 加签 无需 什么 流程 和 手续	18
train558	本人 在 外地 缴税 在 成都 申请 港澳 通行证 期满 需要 本人 亲自 办理 吗	18
train559	你好 我 是 成都 的 户口 现在 在 外地 上学 我 的 港澳 身份证明 停止使用 了 能 让 家人 代理 去 s 港澳 身份证明 吗	18
train560	我 可以 交由 我 附近 想尽办法 我 办理 吗	18
train561	我 在 就近 必需 离任 港澳 通行证 必需 我 本人 回来 离任 吗 还是 家人 也 可以 去 找 离任	18
train562	港澳台 二次 证件 可否 他人 代办	18
train563	我 本人 出差 在 珠海 想 在 除夕 去 港澳 生态旅游 港澳 出入境 在 成都 可以 请 人 在 成都 找 来 办理 港澳 的 台胞证 么	18
train564	想 问 一下 香港 回乡证 可以 代办 吗 忘 了 了	18
train565	我 可以 顺便 给 我 小孩 核发 港澳 电信	18
train566	直说 本市 户口 港澳 通行证 过期 了 人 在 外地 可以 请人 代办 港澳 通行证 并 办理 免签 么	18
train567	否 设法 他人 办理	18
train568	您好 人 不 在 泸州 可以 托人 代办 港澳 身份证明 吗	18
train569	不得了 我 的 港澳 通行证 是 在 山西 试办 的 后来 户口 签到 成都 了 现今 要 试办 港澳 通行证 签注 护照 在 限内 可以 找人 帮办 签注 吗	18
train570	港澳 通行证 过期 了 想 换 可以 请 父母 或 朋友 大哥 我 代办 吗	18
train571	我 的 港澳 证件 签注 时 长 过期 了 我 人 在 外地 看 在此之前 的 Facebook 说 是 可以 请人持 我 的 证件 新 的 签注 问道 还 需要 我 本人 的 身份证 吗	18
train572	成都 户籍制度 成都 办理 的 港澳 通行证 人 在 外地 请 他人 外事 续签 可以 吗	18
train573	我 的 港澳 通关 没有 在此之前 但是 一年 2 次 已经 满 了 要 通行证 人 不 在 成都 可否 帮办	18
train574	我 可以 顺便 给 我 小孩 这里 香港地区 居民身份证 吗	18
train575	接着 居然 的 问题 我 在 外地 接洽 他人 代办 中港 收件 我 除了 需要 将 中港 通行证 寄 到 代办 人外 还 需要 户口本 身份证 或 委托书 之类 的 文件 吗	18
train576	你好 我 户口 在 遵义 因 极难 工作 原因 港澳 通行证 从未 办理 了 现在 首次 签证 需请 朋友 在 遵义 帮办 请问 需要 什么 资料	18
train577	昨天 代办 粤港 通行 签注 需 本人 的 委托书 吗	18
train583	恭喜 明明 铜梁 港澳 通行证 团签 可以 改 个人 签 吗	19
train584	生态旅游 入境签证	19
train585	普照寺 户口 办 港澳 才 可 可以 自由 行 吗	19
train586	旅游观光	19
train587	明明 我 查验 了 香港 的 边检 但是 我 田亩 在 铜梁 只能 办 团队 的 可是 我直 飞机票 都 买好 了 不能 撤 明明 可以 去掉 个人 的 么	19
train588	我办 了 港澳台 身份证 但是 只 签注 了 香港 的 现在 想 签注 澳门 政府 的 可以 吗	19
train589	我办 港澳 通行证 是 申报 的 种类 是 更进一步 怎么办 下来 种类 是 开发 团队 旅游 啊	19
train590	持有 成都市 居住证 办理 香港地区 通行证 请问 是 个人 旅游 买断 还是 团队 旅游 买断	19
train591	请问 有 港澳 通行证 在 川 内办 的 但是 没有 签注 过 户口 是 离校 其间 迁 到 重庆 的 能 签 个人 故又名 吗	19
train592	办理 港澳 回乡证 时办 的 是 团签 如何 改成 个人 旅游 签注 呢 对不起	19
train593	请问 下 泸州 户口 办理 港澳 通行证 不能 办 旅游 签 不能自已 签 吗 不能 直飞 香港 吗	19
train594	请问 简阳 户口 可以 办理 赴美国 港澳台 个人 旅游 签注 吗	19
train595	我 有 居住证 能 在 成都 续签 新马 身份证明 签注 吗 是 个人 旅游 签注 还是 设计 团队 旅游 签注	19
train596	我 老爸 是 简阳 的 结婚 后 此前 她 在 简阳 当地 办理 了 证件 港澳 出入境 没有 签注 过 结婚 后 户口 迁到 了 彭州 再来 她 如果 去 香港 自由 行 需要 什么 准予	19
train597	你好 我 是 自贡 户口 在 成都 有 居住证 在 成都 办理 的 港澳 通行证 请问 居住证 持证人 可以 办理 去 港澳 的 应有 内地 人 入境 吗 之后 的 财政政策 是 情况 下 办理 小团体 旅游 入境 谢谢	19
train598	澳门 人 通行证 四川 都江堰市 很 低县 那边 默认 的 类型 是 团队 旅游 L 公司 让 过去 出差 重庆 飞 香港 请问 能 在 重庆 出入境 哪里 办 团队 改 一个 人 吗 急急 引	19
train599	老公 在 故乡 办理 了 港澳 通关 签注 仅仅 做 L 团签 现在 户口 迁 到 成都 了 究竟 可以 办理 个人 旅游 签注 需要 什么 手续 谢谢	19
train600	外地 户口 查验 的 港澳 身份证 种类 是 团队 旅游 从 成都双流机场 出境 到 香港 是 必要 凭 港澳 身份证 的 理论 上 手续 出境 就 好 了 还是 不必要 跟 旅游团 带 的	19
train601	为什么 不 回答 我 的 原因 我 都 问 了 三次 了 我 港澳 通行证 在 贵州 遂宁 办 的 昨天 在 成都 收件 的 从 成都 直飞 香港 出差 请问 还 需 查验 团签 吗	19
train602	不得了 问 一下 我 是 重庆 的 查验 的 港澳 通行证 是 团队 旅游 服务 L 是不是 必须 只有 跟团 才能 去	19
train603	我 在 重庆市 但是 所在 的 县区 不能 办理 同样 旅游 在 主城 可以 办理 吗	19
train604	在册 是 凉山州 西昌市 港澳 通行证 也 是 在 松潘 办成 的 现在 试办 了 贵阳 的 居住证 港澳 通行证 能 手续 个人 旅游 G 吗 还是 只能 手续 他 的 团队 旅游 L	19
train610	我 不是 宜宾 的	20
train611	哎 不是	20
train612	不是 那	20
train613	不 可以	20
train614	不是	20
train615	不 对	20
train616	不是 啊 啊	20
train617	我 却说 不是	20
train618	给 你 话 说 不是	20
train619	不是 首次 那里	20
train620	劳 不是	20
train621	哦 不是	20
train622	不能 啊	20
train623	没对	20
train624	并未 库尔	20
train625	不是 武汉 家户	20
train626	没	20
train627	不是 不是 打 刚才	20
train628	不了	20
train629	不 对 的	20
train630	从未 啦	20
train636	快递 身分证 廉价 么	21
train637	同 的 城 s 多少 钱	21
train638	寄给 签注 HK 标准	21
train639	邮寄 开支 怎么 输 呀	21
train640	明信片 证件 廉价 么	21
train641	快递 费用 低 么	21
train642	快递 取证 缴付 常规	21
train643	递送 护照 贵不贵 呀	21
train644	邮寄 证件 价格 标准	21
train645	的 游戏 费用 怎么 输 啊	21
train646	收件人 身份证明 价格	21
train647	邮费	21
train648	VIP 取证 不 廉价 吧	21
train649	快递 回乡证 贵不贵 呀	21
train650	快递 费用 不 昂贵 吧	21
train651	速递 取证 昂贵 么	21
train652	游戏 费 怎么 算 的	21
train653	寄给 证件 怎么 票价	21
train654	收件人 费用 怎么 不算 呀	21
train655	送货 取证 怎么 不算	21
train656	递送 费用 怎么 唯	21
train657	怎么 计费 怎么 算是	21
train658	s 通行证 收费 标准	21
train659	弹药 款项 多少	21
