train0	七个工作日怎么算呀在学	0
train1	去搞工作日怎么办呀	0
train2	有偿服务是什么意思？	0
train3	嗯请问关系证明是什么呀	0
train4	泉州是什么意思啊	0
train5	是个工作日怎么算呀	0
train6	七十五工作日计算的	0
train7	什么时候国家备案人员	0
train8	有偿服务的意思是什么	0
train9	全部关系证明是什么	0
train10	什么是国家备案人员啊	0
train11	是国家备案证呀	0
train12	什么是国家备案人员呀？	0
train13	嗯七个工作日怎么	0
train14	肩负关系证明是什么呀	0
train20	下一个工作是怎么算的呀	0
train21	清楚是什么意思呀	0
train22	七个工作日	0
train23	有偿服务是啥意思	0
train24	全就是什么意思	0
train25	你好，我想了解一下在网上签注港澳通行证，然后说我证件不符合网签条件，是什么意思？	0
train26	什么是国家必然人员呀	0
train27	今天哪里可以办理	1
train28	我在渝北区在哪里办理一笔小新	1
train29	我在江北街在哪里办理比较近啊	1
train30	学生去的在哪里可以办理	1
train31	请问港澳旅游签注（续签）在武侯区办证中心可以办理么？	1
train32	您好，请问我是外地户口，必须要到市局办证厅办理吗？	1
train33	我在渝中区在哪里办理比较轻	1
train34	如果可以，对办理地点有无限制？	1
train35	请问遂宁办理的港澳通行证续签在成都哪里可以续签？我是本子的通行证。	1
train36	我户口在山西，港澳通行证需要续签，请问在成都可以办理吗，需要什么材料，?到哪里去办理？谢谢！	1
train37	我在渝北区在哪里把你比较新	1
train38	我在江北区在哪里办理比较	1
train39	可以到高新区出入境大厅办理吗？	1
train40	你水区办理地址在哪里	1
train41	重庆市户口办理港澳通行证新鲜可以在哪里自助办理	1
train47	一北区的办理地址在哪里	1
train48	我在哪里办理短信	1
train49	你好，请问高新区户口的港澳通行证办理地点是在哪里？户口是高新区荣华南路的。	1
train50	恩好的为您办理地址在哪里呢	1
train51	我以前是雅安户口，在雅安办理了港澳通行证，现在签注已经过期了，户口也转到了成都，续签该在哪里办理呢？	1
train52	户口是高新区集体户，办港澳台通行证必须去高新区的出入境大厅办理还是在成都市内任意一区就可以办理呢	1
train53	办理港澳再次签注的自助网点有哪些？	1
train54	办理港澳通行证贵不贵？	2
train55	办理签证要多少钱？	2
train56	去香港耍一次要好多钱？	2
train57	一次/一年有效签注的费用？	2
train58	哎签证需要多少钱	2
train59	去澳门耍办理费用是否要很多钱？	2
train60	办港澳通行证好多钱？	2
train61	办签证需要多少钱呀	2
train62	办签证需要多少钱呀？	2
train63	办一个签证多少钱？	2
train64	去澳门耍一次要好多钱？	2
train65	多少钱	2
train66	港澳通行证好多钱？	2
train67	是否很贵？	2
train68	成都武侯区户口，港澳通行证跟换，多少钱，几个工作日可以取!希望尽快电话回复一声，谢谢谢谢	2
train74	转签证需要多少钱啊	2
train75	香港玩的话，办理证件费用是好多？	2
train76	办证多少钱？	2
train77	证件办理要多少钱？	2
train78	二次赴港办理港澳签证需要多少天，工本费是多少，需要带哪些资料，如果在四川办理的港澳通行证在广东能出境吗	2
train79	办签证要多少钱呀	2
train80	是不是没有年龄限制？	3
train81	我妈可以办理不？	3
train82	我奶奶可以办理不？	3
train83	婴儿可以办理么？	3
train84	办理年龄有什么要求	3
train85	我女儿没有上小学，可以办理不？	3
train86	读书娃儿可以办不？	3
train87	我爷爷可以办理不？	3
train88	有没有办理年龄要求？	3
train89	对办理的年利有何要求	3
train90	我爸可以办理么？	3
train91	年龄有限制没有？	3
train92	小朋友可以办不？	3
train93	学生可以办理吗	3
train94	没满16岁能办理么？	3
train100	有没有年龄要求？	3
train101	没有满十六岁	3
train102	小朋友是否能出行？	3
train103	年龄太大是不是没办法办理？	3
train104	办理年龄要求是多少岁？	3
train105	高中生可以办理吗	3
train106	请问港澳通行证第二次续签大概要几个工作日最快可以领到！	4
train107	你好，请问一下，不是重庆户口办签证的话需要多长时间？	4
train108	以前在湖北办理的港澳通行证并签注了一次，后户口转为成都户口，下个月想去港澳，请问本次在成都办理签注需要多长时间，谢谢。	4
train109	请问现在办理港澳通行证什么时候可以拿到？我是云南户口	4
train110	你好，请问今天中午送去自助签得港澳签注，6号中午可以取吗？?回执单上是说两个工作日可取。	4
train111	办理港澳通行证需要多久呢	4
train112	本人阿坝州人，满足在成都办理护照的条件，7月29日在出入境管理处办理的护照、港澳台通行证，最快多久能拿到证件？	4
train113	港澳通行证已办理很久，一直没收到消息，也没拿到证件	4
train114	办理时间长吗？	4
train115	请问我已经拿到了港澳台通行证，但是还没有办理过签注，请问首次办理签注（一年两次）几天可以签下来，办理方式是什么呢？谢谢	4
train116	办理需要多久	4
train117	配偶和小孩均北京户口，已在北京办港澳通行证，但已过期需要续签，请问在成都办理最快多久能拿到。	4
train118	在成都上学，但是户口是省外的，急办港澳通行证，学校开了证明，现在预约了12.17的办理，请问可不可能在月底31号前拿到呢	4
train119	港澳通行证遗失怎么补办，需要多久	4
train120	我的港澳通行证到期了，户口是成都本地的，请问重新办理需要多长时间？	4
train121	请问2015年9月27号申请的港澳在线二次签注什么时候可以领取？已经付款，但是没有收到相关短信，不知道是否在进行中	4
train122	请问现在想办理港澳通行证，年前能拿到吗？	4
train123	请问港澳签注续签需要多少工作日？	4
train130	时间需要多久？谢谢	4
train131	团体旅游港澳台通行证办理需要几天？	4
train132	你好，我10.16号办的通行证。22号我查询，怎么还是在审核中呢！给我的回执单上面写的是25号之前就可以寄送我这！	4
train133	你好?我是外地户口可以在成都办理港澳通行证吗？大概好久可以拿到	4
train134	您好，我于上月15日申办的护照及港澳通行证，异地户口，受理通知单上标注的是通知，由于目前尚未接到任何领取通知，故想咨询下大概还需要多久可以拿到护照，十分感谢。	4
train135	22号收到短信通知领取港澳通行证，今日（24号）下午可以领取吗？	4
train136	代领要哪些资料？	5
train137	请问港澳通行证和台湾通行证能否代领？	5
train138	代领有要求吗？	5
train139	港澳通行证可以让让同学帮助代领吗？	5
train140	证办好以后可以找代理不	5
train141	帮别人领可以吗？	5
train142	可以代为领取吗？	5
train143	因本人在外地工作，可否委托他人代为领取护照，港澳通行证等。	5
train144	港澳通行证他人帮忙领取的话，需要哪些证件呢。上班时间实在走不开，谢谢	5
train145	浜镇的好友就可以找人带你不	5
train146	代领手续怎么办理？	5
train147	帮他人领取可以吗？	5
train148	你好，我想请问可不可以非本人领取护照和港澳通行证？	5
train149	办理的护照和港澳通行证，请家人代领需要带什么	5
train150	请问护照，港澳通行证及往来台湾通行证由家人代领需要哪些材料？	5
train151	我老婆在网上申请的港澳通行证二次签证，我能代替她去现场拿证吗，需要代什么证件？	5
train152	港澳通行证可以代领吗？只有身份证照片和回执单照片	5
train153	请问领护照和港澳通行证时，可否不用本人来领，代办人都需要什么证件	5
train160	你好，我之前在天府广场出入境办证大厅办理了港澳通行证，现在提示可领取，但是人不在成都，请问是否可以让人代领，如果可以的话需要什么材料呢，谢谢。	5
train161	代领的话，要哪些资料？	5
train162	找妈妈代领？	5
train163	港澳通行证能不能请人代领	5
train164	港澳通行证办理再次签注后可不可以让其他人代拿	5
train165	上个月在成都市出入境中心办理港澳通行证，现在让人带领，除了给他回执单，还需要其他证明吗？	5
train166	是否可以让他人代领办好的护照和港澳通行证。或者代领要带什么手续？	5
train167	证办好以后可以找人代领扣	5
train168	现在好以后可以找人带你们	5
train169	可以去澳门几次？	6
train170	可以耍多长?	6
train171	可以去好多次？	6
train172	然后重新证可以在香港呆多久	6
train173	我港澳通行证的签注有效期为2017.6.9-2018.6.8，那我2018年6月8号到香港玩，逗留几天再走，这样行不行呀？	6
train174	港澳通行证可以在香港呆多久？	6
train175	可以在香港玩多久	6
train176	你好。请问一下，港澳通行证首次申领后的第一年是不是不用办理签证可以往返港澳两次？	6
train177	港澳通行证可以在香港的多久	6
train178	请问港澳通行证怎么查看牵着时间	6
train179	恩好通行证可以在香港的多久	6
train180	护照和港澳台通行证的有效期分别是多少呢	6
train181	可以去香港几次？	6
train182	高不用用可以在香港待多久啊	6
train183	香港可以去几次？	6
train184	逗留时间有限制么？	6
train185	请问办理港澳通行证，可以办理多次吗	6
train186	行程是:国外-香港-澳门-内地，请问需要几次港澳签注？	6
train193	也可以在香港玩多久	6
train194	港澳通行证可以在香港待多久	6
train195	港澳通行证L签和G签都可以一周内2次往返香港吗？	6
train196	你好?w开头的港澳通行证?一年内能去几次澳门?中间再去澳门有无时间间隔的要求?谢谢	6
train197	请问澳门两次签注需要间隔多久？在异地是否也可以进行第二次签注	6
train198	请问一下，我从内地到香港往返期间，如果要去澳门一次的话，香港签注办理一次往返就可以了吗？我在港澳一共停留5天	6
train199	支付宝可以付款吗？	7
train200	支持支付宝支付不？	7
train201	支付宝可以支付吗？	7
train202	可以支付宝支付吗？	7
train203	资金支持微信支付宝宝	7
train204	能微信/支付宝支付吗？	7
train205	支付宝支付得行不？	7
train206	可以支付宝支付吗	7
train207	办港澳通行证费用可以现金支付或者微信支付吗？	7
train208	支持微信支付吗？	7
train209	可以微信支付吗？	7
train210	你微信付款不	7
train211	支持威信付款过	7
train212	可以威信付款吗	7
train213	支付威信付款啵	7
train214	支持威信	7
train215	现金支付得行吗？	7
train216	就是不支持威信付款	7
train223	没有钱怎么办？	7
train224	银行卡可以付款吗？	7
train225	非用现金缴费不可么？	7
train226	你们这可以威信付款吗	7
train227	非得用现金支付啊？	7
train228	现金支付应该也是可以的吧，毕竟拒收现金是违法的鸭&lt;ahref='/n/重庆公安出入境'&gt;@重庆公安出入境&lt;/a&gt;	7
train229	谢谢	8
train230	感谢	8
train231	没了，谢谢	8
train232	没有了，谢谢	8
train233	哦好的好的	8
train234	怎么投啊？我是真的觉得你们很不错啊	8
train235	好的，没有了	8
train236	好的	8
train237	恭喜！	8
train238	好的吧	8
train239	啊	8
train240	没有了	8
train245	嗯，了解	8
train246	好的好的好的	8
train247	明白	8
train248	今天去日月光广场分理处办理港澳通行证，太便捷高效啦，为我大重庆的出入境管理点赞????	8
train249	不知道	8
train250	不清楚	8
train251	不是太清楚	8
train252	还是需要回复和所在地自己倾注谢谢	8
train253	办理港澳通行证的回执单和发票遗失，如何去出入境处领取证卡，需要提供哪些手续。	9
train254	能不能快递过来。	9
train255	给地址寄过来可以吗？	9
train256	邮寄可以吗？	9
train257	领证需要带哪些东西？	9
train258	取证件可以不带身份证吗？	9
train259	小孩，没有身份证，办理港澳通行证与护照的回执现已丢失，怎样能领取，谢谢	9
train260	你好，在成都成华区公安入境大厅，办理的护照和港澳通行证的回执单掉了怎么办？	9
train261	领取护照和港澳通行证以及台湾证的单子丢失了怎么办	9
train262	您好，我办理完港澳通行证把凭证弄丢了。本来以为是选的寄送服务现在发现不是。人不在成都。我现在怎么拿到证件呢?	9
train263	你好，我办理了港澳签证，现遗失了回执单，请问怎么取签证呢？谢谢！	9
train264	你好！请问我去年九月办的港澳通行证?现在找不到那些单子了?可以直接凭身份证取吗?谢谢	9
train265	办理港澳通行证是我选择了邮寄，但我现在又想自己去拿，可以吗？	9
train266	办理港澳和台湾通行的回执单掉了，凭身份证可以取吗	9
train267	我于6月1日在成都市金牛区出入境管理大队办理了护照及港澳台通行证！现在由于在外地工作！同时也过了在网上邮寄的时间了！请问：怎么才能领取这几个证件？	9
train273	请问请问回执单找不见了怎么办	9
train274	我办理了我和我老公，以及儿子（2岁）的港澳通行证，进度查询了可以取证，请问去取证的时候只需要带回执还是回执和身份证都要带？	9
train275	你好，我的港澳通行证签注出来了，但是我的回执单掉了，请问要怎么样才能拿到我的通行证呢？	9
train276	你好，我的回执单弄丢了，可以拿身份证去拿吗？	9
train277	办港澳通行证的回执单掉了，可以用身份证来领取吗？	9
train278	我办理护照和港澳通行证的回执单不慎丢了，但收费票据还在，请问怎么办	9
train279	请问可以拿本人的身份证复印件吗？因为取证那几天本人不在重庆	9
train280	嗯嗯嗯	10
train281	已满了	10
train282	就是关系证明	10
train283	是搞工作日如何接转账	10
train284	周末合计一下是没有三代嘞吧	10
train285	市局那里停用了吗？	10
train286	只需携带港澳通行证吗？	10
train287	我去看看怎么办	10
train288	我去看天怎么办	10
train289	哎我去餐厅	10
train290	你看你怎么办	10
train291	喂只需要身份证或子	10
train292	一满十六岁	10
train293	非常坚固狗重新再	10
train294	办身份证需要多少钱啊	10
train295	啊前面需要多少钱	10
train296	没有东西似的	10
train297	那你需要多少钱您	10
train298	成都市内出了顺城大街，还有哪里可以办护照，我的位置在机场附近，还有照片可不可以直接使用之前港澳通行证的照片？	10
train299	请问北碚办护照在哪里办，需要带什么证件，办理大约需要多少钱	10
train300	回去干就是和你这个呢	10
train301	港澳通行证续签时间	10
train302	成都高新户籍，15年6月办理港澳通行证，一直未使用。今年12月底准备去香港，通行证需要二次签注吗？	10
train303	非成都户口办理港澳通行证的签证类型是l签?不是g签吗	10
train304	你好！我网上预约的是到成都市出入境接待中心办理港澳同行证续签，但想去金牛区出入境接待大厅办理。不知可否？	10
train305	您本	10
train306	港澳通行证5月12日到期，现在申请续签来的及不，因为看信息说有效期必须大于3个月	10
train316	我是大陆游客，于10月14日从台北飞成都，中途经停香港11小时，想去香港逛一圈，有台湾通行证和入台证是不是就不需要港澳通行证了？	10
train317	之前在武侯区出入境中心办理了护照和港澳台通行证，但是半个月后只收到了港澳台通行证可以领取的通知短信	10
train318	请问成都居民持旅游港澳通行证，可以办理自助通关吗？	10
train319	我预约3月20日办普通护照和港澳签证，不知道是否成功？再预约不起了。	10
train320	今天港澳签注网络界面无法提交，内容错乱，无法填报上传	10
train321	警官您好！我想请问一下港澳通行证的受理号码怎么查询呢？	10
train322	如何查询？谢谢。	10
train323	喂你见可不可以	10
train324	名字是多音字，办理港澳通行证是拼音A	10
train325	港澳通行证已经办了差不多一个月了，到入境处询问说是已经寄出去了，但是现在还没收到，没有回执单也不能查到进程，想知道快递单号，因为明天的飞机，谢谢	10
train326	刚刚在网上签注的港澳通行证，点错了，只选择香港一次，已经付了钱，能不能修改哦还是再重新签一次？	10
train327	您好，我想问下，我今天刚迁好户口，落户重庆了。但我以前的港澳通行证是L签，我需要来大厅重新办理通行证吗？还有护照	10
train328	最重新户籍能否首次办理港澳通行证	11
train329	非重新户口可以再重新办理港澳签注申请吗	11
train330	呃外地户口在成都念大学可以续签港澳通行证吗	11
train331	我是成都市户口，可以在湖北省办理港澳通行证和护照吗？	11
train332	非成都户口?成都就读大学生能否在成都办理港澳通行证	11
train333	绵阳三台户口能在成都办理自助港澳签注吗？	11
train334	已经在老家（甘肃）办好了港澳台通行证，但没有签注，可不可以在成都签注？？	11
train335	外地户口在成都工作有1年的社保，可以办理港澳通行证吗	11
train336	怎么办理港澳通行证的	11
train337	港澳通行证到期，能否在网上办理，户口在高新区能否预约锦江区办理	11
train338	外地签发的港澳通行证，目前户口在成都，如何办理加签注？	11
train339	你好，我是在成都上学的大学生，户口是安徽的，能不能办理港澳通行证，因为离家较远，所以希望可以在成都办理。	11
train340	您好，我于2013年在成都上大学时在成都办理了港澳通行证，现由于毕业户口已迁回老家湖南，请问如办理港澳通行证续签我，我需在成都还是老家办理呢？	11
train341	你好，我想问一下。我现在在深圳，办理港澳通行证必须本人持身份证回重庆办吗？	11
train342	你好！请问省内异地可以在成都申请办理港澳通行证吗？	11
train343	请问，户籍所在地在自贡可以在成都办理港澳通行证吗？	11
train344	孩子4岁需要办理护照，父母及孩子户籍都是山东，是否能在成都办理护照及港澳通行证？	11
train345	你好，我在成都办的港澳台通行证，能在深圳办理签注手续吗？	11
train346	请问外地身份证能在成都办理港澳通行证吗？	11
train347	外地户口可以在成都办理港澳通行证吗？	11
train348	外地户口，可以在成都异地办理护照以及港澳通行证吗？	11
train349	本人户籍所在地位四川省宜宾市，现在成都工作，没有居住证，只有身份证和护照可否异地办理港澳通行证	11
train350	省内异地户口，已经办理港澳通行证，再次续签注，是在校大学生，怎么办理呢？最快多久能签到，时间紧迫	11
train351	你好，我的户口在深圳，本人目前在成都，港澳通行证过期且丢失，可以在成都办理不？	11
train360	你好?我是宜宾户口?需要续签港澳通行证?请问成都可以办理吗?需要什么手续?具体位置在哪?谢谢	11
train361	外地户口嫁到重庆来可以在重庆办吗	11
train362	我的港澳通行证7月到期，请问现在还可以签吗	11
train363	能否网上预约办理？	11
train364	成都首次办理港澳通行证可以在自助办理机上办理吗？	11
train365	你好，旧通行证办过签注，换的新港澳通行证未办签注，可以网上申请签注或在签注自助机办理吗	11
train366	已有港澳通行证，户籍所在地是海南的，但是有成都的暂住证，可以在本市办理旅游签注吗？	11
train367	你好，我是德阳地区的户口，港澳通行证是在德阳办的，现在有成都的居住证，请问可以用原来的通行证在成都办理香港个人旅游签注吗？	11
train368	请问简阳户口现在在成都办了港澳通行证签注算成都本地户口吗？可以办个人游签注吗	11
train369	周末为嘛不能办业务呢	12
train370	营业时间？	12
train371	请问今天还可以办港澳签注嘛？	12
train372	你好。想咨询一下，国庆期间可以加港澳个人旅游签注吗？需要签注飞香港，谢谢	12
train373	已持有成都的港澳通行证，办理首次签注可以周六吗？几点至几点，需携带除通行证之外的什么资料	12
train374	我户口是四川遂宁的?请问网上不能预约周六办理港澳通行证??可以直接去排队办理吗？?我看网上有说你们周六会安排延时服务	12
train375	4月25日上班吗？	12
train376	啥时候可以办理手续？	12
train377	请问这周六可以到市出入境大厅办理港澳通行证么？	12
train378	成都出入境办证大厅周末工作时间是否可以办理港澳通行证签证呢	12
train379	办证时间是周几？	12
train380	自助机办的港澳签注清明节可以领吗	12
train381	网上申请的港澳签注能否在周六和周日取呢？	12
train382	请问周日可以领证吗	12
train383	区县的公安局在2月7号前都正常上班吗？	12
train389	周末是双休么？	12
train390	你好，我的通行证办好了，周六可以去取证么？&lt;ahref='/n/重庆公安出入境'&gt;@重庆公安出入境&lt;/a&gt;	12
train391	你们哪个直接上班呀	12
train392	自助是24小时开放还是也只能接待时间？	12
train393	秀山县公安局说是初八才能办理，怎么回事啊？	12
train394	请问出入境大厅，春节期间:2月15日至2月21日，可以办理护照与港澳通行证及签注吗？	12
train395	您好，我是成都户口，想办理港澳签注，请问下本周六（2月10日）市中心办理点能否办理？	12
train396	周末营业吗？	12
train397	周末可不可以取护照	12
train398	是，是——	13
train399	确定	13
train400	是是是是	13
train401	哦，是的	13
train402	恩，是	13
train403	对头	13
train404	对对	13
train405	啊对啊	13
train406	啊是是	13
train407	是是是	13
train408	对，对，是的	13
train409	哎，是	13
train410	哦对，啊是，咋啦	13
train411	应该是这样的	13
train412	喂，是啊	13
train413	哦对	13
train414	对啊干嘛	13
train415	是 	13
train416	对，呃，是	13
train417	啊确定啊	13
train418	是啊，干什么	13
train426	可以可以可以	13
train427	没问题，可以	13
train428	哦，可以可以可以	13
train429	好可以	13
train430	可以啊可以	13
train431	可以啊我现在的	13
train432	恩可以	13
train433	嗯可以啊	13
train434	我已申请了港澳台通行证，预约取证时间是7.13日，但是因为行程提前，定了7.12日的飞机去深圳，请问可以申请加急吗？	14
train435	都江堰户口，想加急港澳通行证，最快几天？	14
train436	港澳通行证已经在制证中，如何办理加急？本地户口	14
train437	港澳通行证到期了，换证几天能取，能否加急？	14
train438	办理港澳通行证能否加急	14
train439	请问办理护照和港澳通行证是否可以加急，加急时间最短多少，加急费用分别是多少？	14
train440	请问办理港澳通行证能加急吗谢谢	14
train441	加急办理港澳通行证及签注	14
train442	您好！成都户口港澳通行证过期了，7月17日重新申请办理了当时忘了问取证时间，后发现取证时间来不及了，请问还能重新申请加急吗？	14
train443	请问港澳通行证加签注最快要多久呢？因为比较急、能否加钱加急呢	14
train444	要加急	14
train445	您好，我想问一下首次办理港澳通行证明能否加急？	14
train446	请问办理港澳通行证+三月一次签注，可以加急办理吗?怎么收费的?	14
train447	有没有加急业务？	14
train448	办理港澳通行证，回执单写的8月31日领取，由于赶时间，可以在31早上一开门就领取的到吗？还是要下午呀，能否加急呢	14
train449	我是一名藏族?参加了保险公司组织的港澳游?可出行证一直没下来?旅行社那边马上要出发了?要我赔违约金? 我想问可以加急办理	14
train450	请问首次办理港澳通行证门申请加急么	14
train451	我是6号去办理的港澳通行证?然后现在18要去香港?请问一下可以加急吗?跪求	14
train458	能否加急办理港澳通行证及签注	14
train459	成都本地户口港澳通行证首次办理申请提交审批中，是否能申请加急	14
train460	请问更换港澳通行证可以加急吗	14
train461	可以办加急吗？因为下周就要过关了	14
train462	首次办理港澳通行证可以加急吗	14
train463	能加急么？	14
train464	4月6日新办港澳证巳通知受理，想办急件尽快取件，行吗一	14
train465	请问下，落户人才交流中心的集体户户口办理港澳通行证需要哪些证件？	15
train466	请问港澳通行证快到期了，需要换发，要准备什么材料，温江户口，费用多少	15
train467	您好！我户籍所在地在南充，在成都办理普通护照和港澳通行证需要哪些手续呢？麻烦告知一下，谢谢。	15
train468	我是达州办的港澳通行证?现在想在成都续签?需要什么资料呢	15
train469	成都户口，但港澳通行证是青海西宁签发的。想换成成都签发的港澳通行证，都需要什么资料？	15
train470	港澳通行证需要带的资料	15
train471	需要哪些材料？	15
train472	持有本式往来港澳通行证但未持有有效签注的，也可以申请换发电子往来港澳通行证。需要带什么证件？	15
train473	在成都工作，需要办理港澳通行证，户口所在地为德阳，在成都办理需要提交哪些资料，在哪里进行办理，多久可以拿到？	15
train474	省内异地大学生办理港澳通行证需准备什么资料？	15
train475	广安户口，成都就业，无社保，请问需要什么材料可以在成都办理港澳通行证和港澳签注？	15
train476	本人为成都市户口，现有港澳通行证（小本子式），在有效期内，咨询申请港澳通行证（小本子式）换为卡片式，需要哪些办理材料？	15
train477	您好，我是阿坝州的户口，在成都读大学，办理港澳通行证续签需要携带哪些材料啊？谢谢	15
train478	您好！我是成都在校大学生，户口在学校，想办理港澳通行证，到香港读书，请问需要带什么证件去办理？	15
train479	我老公是绵阳户口，没有办理居住证，但我是成都户口。请问他办理港澳通行证需要带哪些手续。	15
train485	本人目前在广州，无法回户口所在地成都办理澳门签注。已有港澳通行证，是否可以委托他人帮我办理澳门签注。如果可以，请问需要哪些材料？	15
train486	港澳通行证到期，重新申请需要提交哪些资料？	15
train487	外省的?有港澳通行证?没有签注如果要办签注?需要什么资料	15
train488	已有港澳通行证，请问办理港澳签注需要哪些资料，在哪里办理，谢谢。	15
train489	港澳通行证即将于3月到期，现在想申请换领，请问是否需要携带原通行证？	15
train490	成都本地户口办理港澳通行证需要哪些资料？	15
train491	您好！我要去香港读书，户口在贵州，我已经在老家办理了港澳通行证，但是学校还没有把签注寄给我，我想咨询一下是否可以在成都办理逗留签呢？办理逗留签的资料都需要什么	16
train492	探亲或逗留签证怎么办理？	16
train493	我去太心怎么办理	16
train494	你好，请问在万州区办理探亲香港，每年第一次续签探亲证，办证时效是多久，谢谢	16
train495	我去探亲怎么办呢	16
train496	我去看新怎么办理	16
train497	我去看新怎么办	16
train498	我老婆是香港居民，我有港澳通行证，我可以办理多次往返香港的签注吗？	16
train499	我去探亲怎么办	16
train500	去看清怎么办理	16
train501	手机我去看清怎么办理	16
train502	昨去探亲怎么办哩	16
train503	你好！我11岁女儿已经办好了护照和港澳通行证打算这月底去香港探亲，请问在去前还需办何种手续吗？	16
train504	我去贪心怎么办理	16
train505	用那个东西我去看清怎么办呢	16
train511	我要去看君怎么办理啊	16
train512	我去探亲怎么办哩	16
train513	我去烫金怎么办理	16
train514	我去贪心怎么办理啊	16
train515	我要去香港开心生病需要我们指定	16
train516	我要去香港灿杏顺便去澳门制定	16
train517	对复印件可不可以	17
train518	请问持有成都暂住证可以办理港澳通行证与出国护照吗	17
train519	有没有其他证件可以代替？	17
train520	除了身份证，还有其他证件么？	17
train521	其他有效证件可以吗？	17
train522	可以用身份证以外的证件办理吗	17
train523	我的身份证弄丢了是吗	17
train524	可以用其他的证件吗	17
train525	可以用复印件吗	17
train526	没有身份证可以吗？	17
train527	是否可以用学生证	17
train528	那可不可以用学生证办理	17
train529	是不是必须要户口本？	17
train530	那可不可以用护照办理呢	17
train531	身份证弄丢了怎么办？	17
train532	我想咨询一下可不可以用户口办理呢？没有身份证！成年人	17
train533	我想请问没有居住证，居住证明可以办港澳第二次签注吗	17
train534	因为办理身份证的时间有点长，我可以先用临时身份证办理港澳通行证吗？	17
train541	我的身份证弄丢了	17
train542	有其他证件替代身份证可以不？	17
train543	我的身份证丢失了，办了临时身份证，请问可以用临时身份证可以办理港澳通行证和护照吗？	17
train544	异地办理港澳通行证必须要户口本原件吗?复印件或者扫描件可以吗	17
train545	出生证明可以吗？	17
train546	请问我都江堰的户口，用临时身份证能否在成都办理港澳台通行证	17
train547	我可以顺便给我小孩办理常鑫是吗	18
train548	是否需要本人办理，可以他人代办吗？	18
train549	成都户口?持上海签发的往来港澳通行证续签代办需要什么材料	18
train550	可以代办吗	18
train551	已有港澳通行证，家人代办加注需要我本人的身份证或者委托书吗	18
train552	娃娃14岁，人在国外，第二次办港澳通行证，可不可以由父母代办？	18
train553	我女儿的港澳通行证过期了，我能帮她代办吗？	18
train554	老人在北京，想去港澳台旅行，可否代办签注	18
train555	委托他人办理的流程是什么？	18
train556	想问一下香港清楚可以代办吗谢谢了	18
train557	持成都市市签发的有效港澳通行证再次申请个人旅游签注的，委托他人办理加签需要什么流程和手续？	18
train558	本人在外地，户口在成都。申请港澳通行证续签，需要本人亲自办理吗？	18
train559	你好，我是成都的户口，现在在外地上学。我的港澳通行证过期了能让家人代理去重办港澳通行证吗？	18
train560	我可以委托我附近帮我办理吗	18
train561	我在外地，?需要续签港澳通行证，?需要我本人回来续签吗??还是家人也可以帮忙续签?	18
train562	港澳台二次签注可否他人代办？	18
train563	我本人出差在珠海，想在春节去澳门旅游，港澳通行证在成都，可以请人在成都帮办理澳门的签注么？	18
train564	想问一下香港签注可以代办吗，谢谢了	18
train571	我的港澳通行证签注时间过期了，我人在外地。看之前的留言说是可以请人持我的通行证重新签注，请问还需要我本人的身份证吗？	18
train572	成都市户籍，成都办理的港澳通行证，人在外地，请他人代办续签可以吗？	18
train573	我的港澳通行证没有过期，但是一年2次已经满了，要签注，人不在成都可否代办？	18
train574	我可以顺便给我小孩这里港澳通行证吗	18
train575	接着刚才的问题：我在外地，委托他人代办港澳签注，我除了需要将港澳通行证寄给代办人外，还需要户口本、身份证、或委托书之类的文件吗？	18
train576	你好。我户籍在成都，因异地工作原因，港澳通行证已经办理了，现在首次签证需请朋友在成都代办，请问需要什么资料？	18
train577	请问代办港澳通行签注，需本人的委托书吗？	18
train578	我的港澳通行证是成都签发的，之后户口迁移到深圳，现在重新迁移回成都（正在办理中），请问我可以在自助机上办理去香港的个人旅游单次签注吗？	19
train579	请问开州区的户口现在港澳通行证可以办理个人旅游签注吗	19
train580	请问，去澳门需要哪些证件，准备自由行	19
train581	旅游签证怎么办理？	19
train582	港澳通行证，团签可以个人自由出行吗？	19
train583	你好，请问铜梁港澳通行证团签可以改个人签吗？	19
train584	旅游签证	19
train585	都江堰户口办港澳通行证可以自由行吗？	19
train586	旅游	19
train587	请问我办理了香港的出入境，但是我户口在铜梁，只能办团队的，可是我直飞机票都买好了，不能退，请问可以改成个人的么	19
train588	我办了《港澳通行证》但是只签注了香港的，现在想签注澳门的可以吗？	19
train589	我办港澳通行证是申报的种类是个人，怎么办下来种类是团队旅游啊！	19
train590	持有成都市居住证办理港澳通行证，请问是个人旅游签?还是团队旅游签	19
train591	请问有港澳通行证在川内办的?但是没有签注过户口是上学期间迁到成都的?能签个人游吗	19
train592	办理港澳通行证时，办的是?团签，如何改成个人旅游签注呢？谢谢	19
train598	港澳通行证四川宜宾市高县那边默认的种类是团队旅游（L），公司让过去出差，成都飞香港，请问能在成都出入境哪里办理团队改个人吗？急急急	19
train599	老公在老家办理了港澳通行证，签注只能做L团签，现在户口迁到成都了，是否可以办理个人旅游签注，需要什么手续，谢谢！	19
train600	外地户口办理的港澳通行证，种类是团队旅游，从成都双流机场出境到香港，是直接凭港澳通行证的有效签注出境就好了，还是必须要跟旅游团带的	19
train601	为什么不回答我的问题，我都问了三次了。我港澳通行证在四川达州办的，昨天在成都签注的，从成都直飞香港出差，请问还需要办理团签吗？	19
train602	你好问一下我是重庆的办理的港澳通行证是团队旅游(L)是不是必须只有跟团才能去	19
train603	我在重庆市但是所在的区县不能办理个人旅游在主城可以办理吗？	19
train604	户口是凉山州西昌市，港澳通行证也是在西昌办的。现在办理了成都的居住证，港澳通行证能签注个人旅游（G）吗？还是只能签注团队旅游（L）	19
train605	不是重新户籍居民	20
train606	不是啊	20
train607	嗯，不是这样	20
train608	不	20
train609	否	20
train610	我不是重庆的	20
train611	哎不是	20
train612	不是那	20
train613	不可以	20
train614	不是	20
train615	不对	20
train616	不是啊啊	20
train617	我说不是	20
train618	给你说不是	20
train619	不是首次那里	20
train625	不是重庆户籍	20
train626	没有	20
train627	不是不是打过来	20
train628	没	20
train629	不对的	20
train630	没有啦	20
train631	快递取证价格？	21
train632	快递证件怎么算？	21
train633	邮寄证件多少钱？	21
train634	邮寄证件收费标准？	21
train635	游戏费用	21
train636	快递证件便宜么?	21
train637	同城快递多少钱？	21
train638	邮寄签注收费标准	21
train639	邮寄费用怎么算呀	21
train640	邮寄证件便宜么?	21
train641	快递费用高么？	21
train642	快递取证收费标准？	21
train643	邮寄证件贵不贵呀？	21
train644	邮寄证件价格标准？	21
train645	游戏费用怎么算啊	21
train651	快递取证便宜么?	21
train652	游戏费用怎么算的	21
train653	邮寄证件怎么收费？	21
train654	邮寄费用怎么算呀？	21
train655	快递取证怎么算？	21
train656	邮寄费用怎么算	21
train657	怎么计费怎么算	21
train658	快递证件收费标准？	21
train659	武器费用多少	21
train0	七个高峰期怎么算呀在专修	0
train1	去动手时段怎么办呀	0
train2	有偿服务是什么意指？	0
train3	嗯问道的关系证明是什么呀	0
train4	晋江是什么原意	0
train5	是个上班时间怎么算呀	0
train6	七十五准时数值的	0
train7	什么时候发达国家备案其他部门	0
train8	有偿增值的意即是什么	0
train9	全部干系证明是什么	0
train10	什么是国内备案工作人员	0
train11	是国内备案证呀	0
train12	什么是国家主管部门人员呀？	0
train13	嗯七个准时怎么	0
train14	肩负干系断定是什么呀	0
train20	下一个岗位是怎么计算的呀	0
train21	明了是什么解作呀	0
train22	七个周六	0
train23	有偿服务是啥意思	0
train24	</s>就是什么意思	0
train25	你好，我想了解一下在留言板回乡证港澳通行证，然后说道我证件不符合网签前提，是什么意思？	0
train26	什么是国家也就是说必须人员呀	0
train27	时至今日哪里可以办	1
train28	我在万州区在哪里办理一笔捡到	1
train29	我在沿江街在哪里办理比较近	1
train30	校内去的在哪里可以办理	1
train31	直说新马旅游签注（续签）在武侯区办证中心可以办理么？	1
train32	您好，请问我是就近户口，须要要到市局办证厅办理？	1
train33	我在重庆市在哪里办理比较近	1
train34	如果可以，对提出申请处有无限制？	1
train35	请问遂宁办理的港澳身份证件续签在成都哪里可以续签？我是古本的身份证件。	1
train36	我户口在山西，新马通行证须要离任，请问在成都市可以办理，须要什么材料，?到哪里去办理？谢谢！	1
train37	我在渝北区在哪里把你比较取而代之	1
train38	我在江北区在哪里代办尤其	1
train39	可以到高新区出入境大厅受理？	1
train40	你水区核发电话号码在哪里	1
train41	绵阳户口办理港澳通关新鲜可以在哪里自助办理	1
train47	一北区的办理位址在哪里	1
train48	我在哪里承办微信	1
train49	你好，请问高新区户口的港澳通行证办理所在位置是在哪里？户口是高新区荣光北路的。	1
train50	恩好的为您受理位置在哪里呢	1
train51	我以前是雅安户口，在雅安办理了港澳地区通关，现在签注并未过期，户口也调到了四川，续签该在哪里办理呢？	1
train52	户口是高新区集体户，办港澳台地区通行证必须去高新区的离境前厅办理还是在成都市内任意八区就可以办理呢	1
train53	办理港澳随即证件的自助网点有哪些？	1
train54	港澳出入境贵不贵？	2
train55	办证件要多少钱？	2
train56	去香港特别行政区政府耍一次要好多钱？	2
train57	一次/一年直接通行证的费用？	2
train58	哎绿卡能够多少钱	2
train59	去澳门玩办理费用是否要很多钱？	2
train60	办澳门人通关好多钱？	2
train61	办护照能够多少钱呀	2
train62	接办签证需要多少钱呀？	2
train63	办理一个居留多少钱？	2
train64	去港澳当真一次要好多钱？	2
train65	多少钱	2
train66	澳港证件好多钱？	2
train67	前提很悦？	2
train68	成都武侯区户口，港澳通行证跟交，多少钱，几个工作日可以合!决心即刻电话回复一声，谢谢谢谢	2
train74	转至通行证需要多少钱	2
train75	香港玩游戏的话，办证件费用是好多？	2
train76	办证多少钱？	2
train77	身分证办理要多少钱？	2
train78	二次赴港办理港澳居留权需要多少天，工本费是多少，需要放哪些资料，如果在云南办理的港澳通关在广州能滞留	2
train79	办理签证要多少钱呀	2
train80	看看没有年龄受限？	3
train81	我妈可以代办不？	3
train82	我老婆可以核发不？	3
train83	婴儿可以办么？	3
train84	承办年龄有什么建议	3
train85	我女儿无法上幼儿园，可以办理不？	3
train86	读书娃儿可以办理不？	3
train87	我儿时可以兼办不？	3
train88	看看代办年龄要求？	3
train89	对试办的年利有何建议	3
train90	我爸可以核发么？	3
train91	岁数有限制没有？	3
train92	小学生可以开不？	3
train93	学生可以兼办	3
train94	没满16岁能办么？	3
train100	不对年长要求？	3
train101	未Pardosa十六岁	3
train102	大人是否能出行？	3
train103	年龄过于大到底没办法办理？	3
train104	办成年人要求是多少岁？	3
train105	女生可以代办	3
train106	要来港澳通行证第二次续签大概要几个工作日最快可以得用！	4
train107	小妹，请问一下，不是重庆户口办签证的话必需多长时间？	4
train108	以前在湖北提出申请的港澳通行证并证件了一次，后在册转用成都在册，下个月一心去港澳，请问本次在成都提出申请证件需要多长时间，谢谢。	4
train109	请问现在办理港澳通行证什么时候可以丢掉？我是云南户口	4
train110	爱，请问今天当日送去自助签得港澳回乡证，6号当日可以取？?回执单上是说两个工作日也是。	4
train111	办理港澳才可所需多久呢	4
train112	本人阿坝州人，满足在成都市办理身份证件的条件，7同月29日在跨境管理处办理的身份证件、港澳台身份证明，最快多久能拿到身份证件？	4
train113	港澳通行证已办理很久，还没扣押到消息，也没拿到证件	4
train114	办理时长总长？	4
train115	请问我早已拿回了港澳台通行证，但是还没有人办理过证件，请问首次办理证件（一年两次）几天可以签下来，办理方式是什么呢？对不起	4
train116	承办需多久	4
train117	家庭成员和孩子们均北京户口，已在北京办港澳通行证，但已过期需要续签，请问在成都办创纪录多久能拿到。	4
train118	在成都念书，但是户口是省外的，急办澳门身份证明，学校打了证明，现在预约了12.17的办理，请问可不可能在月初31号前拿到呢	4
train119	港澳出入境遗失怎么手续，需要多久	4
train120	我的澳港通行证到期了，户口是成都本地的，请问重新核发需要多长时间？	4
train121	请问2015年9月27号申请的新马在线二次签注什么时候可以领取？已经现金，但是没有发给相关微信，不知道是否在进行之中	4
train122	再来现在想办理港澳通行证，同一时间能拿到？	4
train123	请问港澳汇票续签需要多少工作日？	4
train130	时间只能多久？总有一天	4
train131	团体旅游服务港澳台通行证办理需要几天？	4
train132	结缘，我10.16号办的通行证。22号我查询，怎么还是在审核中呢！给我的回执单下面写的是25号以前就可以寄送我这！	4
train133	恭喜?我是外地户口可以在重庆办理港澳通行证？大概好久可以拿到	4
train134	您好，我于上同月15日申办的护照及港澳通行证，时才户口，受理通知单上标注的是通知，由于目前尚未接到任何领取通知，故想审核下大约还需要多久可以领到护照，格外感谢。	4
train135	22号收到短信接到领取港澳通行证，今日（24号）上午可以领取？	4
train136	的兄弟要哪些资料？	5
train137	昨天新马通行证和台湾通行证能否代领？	5
train138	的兄弟有建议？	5
train139	港澳居民身份证可以让让同学帮助代领？	5
train140	证办好以后可以发觉代理不	5
train141	帮别人分领可以？	5
train142	可以一并缴？	5
train143	因本人在外地工作，理应委托他人原由领取护照，港澳通行证等。	5
train144	港澳地区通行证他人好不容易领取的话，需要哪些证件呢。上班时间实在走不开，谢谢	5
train145	江口镇的好友就可以找人带你不	5
train146	代领均须怎么试办？	5
train147	帮忙他人给与可以？	5
train148	你好，我想请问刚才非本人领取护照和澳门地区通行证？	5
train149	代办的护照和港澳通行证，请家人代领需要隙什么	5
train150	请问护照，港澳身份证明及往来台湾身份证明由家人代领需要哪些工艺？	5
train151	我老婆在网上申请的港澳通行证二次回乡证，我能代替她去到场拿证，能够代什么回乡证？	5
train152	港澳通行证可以代领？只有通行证照片和回执单照片	5
train153	请问领身份证明和港澳通行证时，可否不用本人来领，驻外人都需要什么证件	5
train160	你好，我之前在天府广场口岸办证大厅办理了港澳身份证件，现在若有可缴交，但是人不在成都，请问前提可以让人继子，如果可以的话需要什么材料呢，感谢。	5
train161	</s>的话，要哪些数据资料？	5
train162	找爷爷代领？	5
train163	港澳身份证明能只能请人代领	5
train164	港澳通行证代办再次签注后不对让其他人代拿	5
train165	上个月在成都出入境外围办理港澳通行证，直到现在让人带领，除了给他回执单，还需要其他证明？	5
train166	是不是可以让他人代领全力以赴的护照和港澳通行证。或者代领要带什么手续？	5
train167	证办好以后可以找人代领不	5
train168	以前好之前可以找人带你们	5
train169	可以去新口岸几次？	6
train170	可以无所谓<tr>?	6
train171	可以去好多次？	6
train172	然后重新何谓可以在香港地区呆多久	6
train173	我港澳出入境的通行证时限为2017.6.9-2018.6.8，那我2018年6同年8号到香港玩，滞留几天再走，这样行不行呀？	6
train174	港澳台居民身份证可以在香港呆多久？	6
train175	可以在新加坡耍多久	6
train176	你好。请问一下，澳港通行证首次申请后的第一年是不是不用办理居留权可以接驳香港两次？	6
train177	澳港才可可以在香港的多久	6
train178	请问港澳证件怎么查看牵着间隔时间	6
train179	恩好身份证件可以在港台的多久	6
train180	通行证和港澳通行证的有效期分别是多少呢	6
train181	可以去港台几次？	6
train182	高不须用可以在新加坡待多久	6
train183	香港可以去几次？	6
train184	逗留整整有管制么？	6
train185	请问兼办港澳身份证件，可以兼办多次	6
train186	行程是:国内外-香港-澳门-内地，请问必须几次港澳签注？	6
train193	也可以在澳门玩多久	6
train194	港澳通行证可以在香港特别行政区政府待多久	6
train195	港澳台通关L签和G签都可以一周内2次往返香港？	6
train196	你好?w开头的港澳身份证?一年内能去几次澳门?中间再去澳门是非短时间间隔的要求?对不起	6
train197	请问澳门政府两次回乡证需要间隔多久？在异地是否也可以进行第二次回乡证	6
train198	脱口而出一下，我从港澳到香港往返期间，如果要去葡国一次的话，香港签注兼办一次往返就可以？我在港澳共有相隔5天	6
train199	结算可以收款？	7
train200	支持腾讯收取不？	7
train201	腾讯可以付给？	7
train202	可以阿里巴巴集团缴纳？	7
train203	资金投入支持微信支付小猪	7
train204	能APP/增值支付？	7
train205	淘宝偿还债务得行不？	7
train206	可以腾讯缴纳	7
train207	办港澳才可费用可以现金支付或者天涯社区支付？	7
train208	大力支持微信偿付？	7
train209	可以QQ付给？	7
train210	你腾讯付款不	7
train211	全力支持声望付款过	7
train212	可以权势付款	7
train213	支付威势付款啵	7
train214	反对权势	7
train215	讨价还价得行？	7
train216	就是不赞同威信付款	7
train223	不会钱怎么办？	7
train224	智能卡可以付款？	7
train225	非用现金均需不作么？	7
train226	你们这可以权势付款	7
train227	无非用买入？	7
train228	折价某种程度也是可以的，毕竟上交额度是不作为的鹅&lt;ahref='/n/昆明武警出入境'&gt;@昆明武警出入境&lt;/a&gt;	7
train229	多谢	8
train230	非常感谢	8
train231	不曾了，昨天	8
train232	无法了，对不起	8
train233	哦好的好的	8
train234	怎么投效？我是真的觉得你们很优异	8
train235	好的，没有	8
train236	好的	8
train237	想见！	8
train238	好的	8
train239	啊	8
train240	不会	8
train245	嗯，认识	8
train246	好的好的好的	8
train247	知道	8
train248	今天去日冬日广场分理处提出申请港澳身份证，太便捷高效啦，为我大重庆的离境管理点赞????	8
train249	不并不知道	8
train250	不明确	8
train251	不是实在太确切	8
train252	还是需回复和所在地自己倾注谢谢	8
train253	办港澳身份证的回执单和发票遗失，如何去出入境出口处领取证卡，需要提供哪些手续。	9
train254	能不会租车过来。	9
train255	给位址寄过来可以？	9
train256	明信片可以？	9
train257	领证必须带哪些样子？	9
train258	取身份证明可以不带个人资料？	9
train259	孩童，没有个人资料，办理港澳通行证与回乡证的回执现已丢失，怎样能领取，多谢	9
train260	你好，在贵阳成华区公安部门入境大厅，办理的签证和港澳通行证的回执单掉了怎么办？	9
train261	领取护照和港澳通关以及台湾人证的单子丢失了怎么办	9
train262	您好，我办理再多港澳通关把凭证弄丢了。本来以为是选的寄送服务于现在发现不是。人未在绵阳。我现在怎么拿到证件呢?	9
train263	你好，我办理了港澳签证，后曾遗失了回执单，请问怎么引签证呢？谢谢！	9
train264	</s>！请问我去年九月办的港澳通关?现在找不到那些单子了?可以必要凭身份证引?谢谢	9
train265	代办港澳身份证是我可选择了邮寄，但我今日又想自己去拿，可以？	9
train266	办理港澳和台湾行经的回执单掉了，凭身份证可以取	9
train267	我于6年末1日在成都市峨眉山市出入境管理机构总队办理了护照及港澳台通行证！现在由于在外地工作！同时也过了在网上邮寄的时间了！请问：怎么才能缴这几个证件？	9
train273	请问请问回执单看看不知去向了怎么办	9
train274	我办理了我和我表哥，以及儿子（2岁）的港澳通行证，进度查看了可以领取证件，问道去领取证件的时候只需要带到执还是回执和证明文件都要带？	9
train275	结缘，我的中港通行证证件出来了，但是我的回执单丢弃了，请问要怎么样才能拿到我的通行证呢？	9
train276	你好，我的回执单拿出了，可以拿身份证明去拿？	9
train277	办中港通行证的回执单掉了，可以用身份证来领取？	9
train278	我办理身分证和港澳居民身份证的回执单发生意外丢了，但HK$票据还在，请问怎么办	9
train279	请问可以拿本人的身份证复印件？因为Pardosa那几天本人不在贵阳	9
train280	嗯嗯嗯	10
train281	已满了	10
train282	就是的关系凭证	10
train283	是搞上班时间如何接汇款	10
train284	周末总计一下是不会三代	10
train285	市局那里停？	10
train286	无需携带港澳通关？	10
train287	我去再来怎么办	10
train288	我去看天怎么办	10
train289	哎我去酒店	10
train290	你看你怎么办	10
train291	喂只需身份证明或子	10
train292	一满十六岁	10
train293	更加坚固狗重新便	10
train294	办护照只能多少钱	10
train295	啊在后并不需要多少钱	10
train296	不能的路似的	10
train297	那你并不需要多少钱您	10
train298	重庆市内出了顺城大街，还有哪里可以办护照，我的位置在机场周围，还有照片不对直接适用之前港澳通行证的照片？	10
train299	请问万县办护照在哪里办，需要带什么证件，试办大约需要多少钱	10
train300	赶紧干就是和你这个呢	10
train301	中港通行证续签一段时间	10
train302	成都新能源户籍，15年6月办理港澳通行证，一直未使用。本年度12月底匆忙去香港，通行证需要二次签注？	10
train303	非成都户籍办理港澳通行证的签证类型是l签?不是g签	10
train304	傻！我网上预约的是到成都市出入境接见教育中心办理港澳同行证续签，但想去金牛区出入境接见门厅办理。不知有没有？	10
train305	您本	10
train306	港澳出入境5月12日到期，现在申领离任来的及不，因为看信息说有效期必须成比例3个月	10
train316	我是大陆游客，于10月14日从台北飞成都，中途停靠香港11全程，想去香港逛一圈，有高雄通行证和再入台证到底就不需要港澳通行证？	10
train317	之前在武侯区出入境中心办理了签证和港澳台通行证，但是半个月后只送出了港澳台通行证可以缴交的通知电邮	10
train318	请问成都居民持旅游澳门人通行证，可以受理自助通关？	10
train319	我预约3月20日办普通身份证明和港澳入境签证，不知道有否事与愿违？再预约不起。	10
train320	今天澳门人签注网络应用程序无法提交，内容错乱，无法填报上传	10
train321	探员您好！我想请问一下澳港通行证的受理号码怎么查询呢？	10
train322	如何查阅？感谢。	10
train323	喂你不知瞧	10
train324	名字是多音字，办理港澳台身份证件是拼音A	10
train325	港澳通行证不太可能办了差不多一个月了，到保安局回答真是是不太可能寄出去了，但是现今还充公到，没有回执单也不能查到程序在，想知道</s>单号，因为明天的飞机，谢谢	10
train326	刚刚在网路上签注的中港通行证，点错了，只选择香港一次，已了事了钱，能没法修订哦还是再重新签一次？	10
train327	您好，我想问下，我如今刚迁好课税，落户成都了。但我以前的港澳证件是L签，我需要来大厅重新办理证件？还有签证	10
train328	最原先户籍能否首次办理港澳地区通行证	11
train329	非重新户口可以再重新办理澳门签注审核	11
train330	呃外地户口在四川念大学可以续签澳港通行证	11
train331	我是成都市在册，可以在湖北省试办港澳通行证和护照？	11
train332	非成都户口?成都转学大学生能否在成都办理中港通行证	11
train333	绵阳三台户口能在重庆办理自助港澳出入境？	11
train334	早就在老家（陕西）办好了港澳台地区通行证，但没有签注，就行了在成都签注？？	11
train335	外地户口在成都工作有1年的存款，可以办理中港通行证	11
train336	怎么办理港澳证件的	11
train337	港澳身份证明到期，能否在网上办理，户口在高新区能否访客锦江区办理	11
train338	大都签发的港澳通行证，目前户口在重庆，如何办理加签注？	11
train339	你好，我是在成都上课的女学生，户口是江西的，能不能核发港澳证件，因为离家较数倍，所以希望可以在成都核发。	11
train340	您好，我于2013年在成都上的学校时在成都办理了澳门地区身份证明，现由于毕业家户已迁回老家湖南，要来如办理澳门地区身份证明签订合同我，我才可在成都还是家中办理呢？	11
train341	爱，我想问一下。我现在在深圳市，办理港澳台通行证必须本人持身份证回重庆办？	11
train342	你好！请问地市时才可以在成都申请办理港澳通行证？	11
train343	请问，户籍所在地在内江可以在四川办理港澳通行证？	11
train344	孩子4岁需要办理护照，继父及孩子常住都是临沂，是否能在成都办理护照及香港地区通行证？	11
train345	你好，我在昆明办的港澳台身份证，能在深圳办理签注手续？	11
train346	请问外地身份证能在昆明办理港澳台通行证？	11
train347	外籍户籍可以在成都办理港澳通行证？	11
train348	外地户口，可以在成都异地办理绿卡以及港澳通行证？	11
train349	本人户籍所在地位四川省宜宾市，现在四川工作，没有居住证，只有个人资料和护照可否异地承办港澳身份证明	11
train350	省内异地户口，已经办理港澳回乡证，再次续签注，是在校青年，怎么办理呢？最快多久能签到，时间紧迫	11
train351	你好，我的户口在东莞，本人目前为止在成都，港澳通行证过期且丢失，可以在成都试办不？	11
train360	你好?我是宜宾户籍?需要签订合同港澳通行证?请问成都可以办理?需要什么手续?位置在哪?谢谢	11
train361	外地家户妻到重庆来可以在重庆办	11
train362	我的港澳身份证件7月到期，请问现在还可以签	11
train363	能否讨论区预约受理？	11
train364	成都首次办理中港通行证可以在自助办理机组员办理？	11
train365	你好，旧通行证办过出入境，换的新港澳通行证未办出入境，可以网上申请出入境或在出入境自助机核发	11
train366	已有港澳通行证，身份证所在地是海南岛的，但是有成都的暂住证，可以在本市受理旅游签注？	11
train367	心事，我是德阳地区的户口，港澳通行证是在德阳办成的，今日有成都的居住证，请问可以用从前的通行证在成都办理香港参与者旅游区签注？	11
train368	请问南充户口现在在成都办了港澳出入境签注算成都本地户口？可以办一个人游签注	11
train369	星期四为嘛不能办理业务呢	12
train370	平日？	12
train371	明明今天还可以办港澳台签注嘛？	12
train372	你好。打算咨询一下，国庆期间可以加港澳个人旅游签注？需要签注飞澳门，明天	12
train373	已持有成都的港澳通行证，办理首次签注可以周四？几点至几点，即可携带除通行证均的什么资料	12
train374	我户口是成都遂宁的?请问Facebook不能预约周六办理港澳通行证??可以直接去排队办理？?我看Facebook有说你们周六但会事前延时服务	12
train375	4同年25日上班族？	12
train376	啥时候可以办理手续？	12
train377	请问这周六可以到市出入境大厅办理港澳出入境么？	12
train378	成都海关办证大厅周末工作小时是否可以办理港澳通行证签证呢	12
train379	办证小时是周几？	12
train380	自助机办的港澳通行证端午节可以领	12
train381	网上申请的港澳收件能否在深夜和周日取呢？	12
train382	直说星期日可以领证	12
train383	区县的交警在2月7号前都经常性上班？	12
train389	周末是双休么？	12
train390	</s>，我的身份证到时，周六可以去检查和么？&lt;ahref='/n/成都公安跨境'&gt;@成都公安跨境&lt;/a&gt;	12
train391	你们哪个这样一来上班族呀	12
train392	自助是24小时开门还是也只能接待星期？	12
train393	秀山县公安局说是初三才能提出申请，怎么回事？	12
train394	请问出入境大厅，过年期间:2月15日至2月21日，可以办理护照与港澳身份证件及证件？	12
train395	您好，我是成都户口，打算核发中港签注，请问下本周四（2月10日）市中心核发点能否核发？	12
train396	当周停业？	12
train397	星期六可不可以取签证	12
train398	是，是——	13
train399	未确定	13
train400	是是是是	13
train401	哦，是的	13
train402	特，是	13
train403	<tr>	13
train404	对对	13
train405	啊对	13
train406	啊是是	13
train407	是是是	13
train408	对，对，是的	13
train409	哎，是	13
train410	哦对，啊是，咋啦	13
train411	一定会是这样的	13
train412	喂，是	13
train413	哦对	13
train414	对啊老是	13
train415	是	13
train416	对，呃，是	13
train417	啊断定	13
train418	是，刚才	13
train426	可以可以可以	13
train427	不对，可以	13
train428	哦，可以可以可以	13
train429	好可以	13
train430	可以可以	13
train431	可以我以前的	13
train432	威可以	13
train433	嗯可以	13
train434	我已申请了港澳台身份证明，预约取证时间是7.13日，但是因为停留时间提前，定了7.12日的飞行中去广州，却说可以申请加急？	14
train435	都江堰户口，想加急港澳地区通行证，最快几天？	14
train436	港澳通行证现在在制证里面，如何办理加急？本地户口	14
train437	港澳通行证到期了，换证几天能所取，能否加急？	14
train438	代办港澳地区通行证能否加急	14
train439	请问办理护照和港澳通行证否可以加急，加急时间最短多少，加急额度分别是多少？	14
train440	请问兼办港澳通行证能加急昨天	14
train441	加急代办港澳身份证及签注	14
train442	您好！成都户口港澳身份证件逾期，7月17日重新申请办理了当时忘了询问明知时间，后知道出明知时间来不及，请问还能重新申请加急？	14
train443	不对港澳通行证特签注最快要多久呢？因为比较急、能否加钱加急呢	14
train444	要加急	14
train445	您好，我想问一下首次办理澳门人通行证明能否加急？	14
train446	请问办港澳身份证明+三月一次签注，可以加急办?怎么收费的?	14
train447	一一加急金融业务？	14
train448	办理港澳通行证，回执单写出的8同月31日领取，由于赶时间，可以在31中午一开门就领取的到？还是要上午呀，能否加急呢	14
train449	我是一名藏族?参加了保险公司组织的港澳游?可提供方便证以前没从前?旅游团那边马上要到达了?要我赔违约金?我想问可以加急办理	14
train450	请问首次办理港澳通行证门申请加急么	14
train451	我是6号去办理的新马通行证?然后直到现在18要去澳门人?不对一下可以加急?跪求	14
train458	能否加急核发香港地区通行证及签注	14
train459	成都本地户口港澳通行证首次办理申请提交审批中，到底能申请加急	14
train460	请问换用港澳身份证可以加急	14
train461	可以开加急？因为下周就要限时	14
train462	首次办理澳港身份证明可以加急	14
train463	能加急？	14
train464	4月6日新办澳门地区证巳通知声请，想办急件尽快取件，行吗一	14
train465	请问下，迁入人才交流中心的集体户户口办理港澳通行证需要哪些通行证？	15
train466	再来澳门通行证快到期，需要换发，要准备什么物料，温江户口，费用多少	15
train467	您好！我户籍所在地在南充，在泸州办理普通证件和港澳通行证需要哪些手续呢？棘手告知一下，谢谢。	15
train468	我是达州办的港澳通行证?现在想在成都续签?必需什么资料呢	15
train469	成都户口，但港澳通行证是青海榆林发放的。想换成成都发放的港澳通行证，都只能什么文献资料？	15
train470	港澳通行证并不需要带的数据	15
train471	需要哪些材料？	15
train472	持有本式往来港澳通行证但未持有有效入境的，也可以申请换电子往来港澳通行证。需要带什么证件？	15
train473	在成都工作，需要代办港澳居民身份证，户口驻地为广汉，在成都代办需要提交哪些资料，在哪里进行代办，多久可以抢到？	15
train474	省内Pardosa大学生办理港澳身份证需准备什么资料？	15
train475	广安户口，成都就业，无医疗保险，请问需要什么材料可以在成都核发港澳证件和港澳签注？	15
train476	本人为绵阳市户口，</s>港澳通行证（小Pardosa型式），在有效期内，咨询获准港澳通行证（小Pardosa型式）扯为卡片式，需要哪些办理材料？	15
train477	您好，我是阿坝州的户籍，在成都习大学，办理港澳通行证续签需要随身携带哪些材料？谢谢	15
train478	您好！我是成都在校大学生，户口在学校，想要代办港澳通行证，到香港求学，要来需要带什么证件去代办？	15
train479	我老公是绵阳缴税，很难办理居住证，但我是成都缴税。请问他办理港澳通行证需要上头哪些手续。	15
train485	本人目前在广州，无法归来户口临近成都办理澳门签注。已有港澳台通行证，是否可以委托他人帮我办理澳门签注。如果可以，请问并不需要哪些材料？	15
train486	港澳通行证到期，重新申请人需要提交哪些资讯？	15
train487	台籍的?有港澳通行证?没有汇票如果要办汇票?需要什么资料	15
train488	已经有港澳通行证，问道办理港澳签注需要哪些资料，在哪里办理，谢谢。	15
train489	港澳通行证即将于3月到期，现在想申请人换领，请问是否并不需要载有原通行证？	15
train490	西安本地户口试办港澳通行证需要哪些资料？	15
train491	您好！我要去香港苦读，户数在重庆，我已经在乡下办理了港澳通行证，但是高年级还未把签注寄给我，我想咨询一下应该可以在泸州办理逗留签呢？办理逗留签的资料都需要什么	16
train492	探亲或起程签证怎么办理？	16
train493	我去太心怎么代办	16
train494	不得，请问在南充市办探亲香港，每年第一次续约探亲证，办证时效是多久，谢谢	16
train495	我去探亲怎么办呢	16
train496	我去看新的怎么试办	16
train497	我去看最初怎么办	16
train498	我女友是香港居民，我有新马证件，我可以办理多次往返香港的汇票？	16
train499	我去探亲怎么办	16
train500	去看不到怎么试办	16
train501	Android我去看清怎么承办	16
train502	昨去回台怎么办	16
train503	你好！我11岁女儿已经办好了护照和港澳身份证件决意这月底去香港出国，要来在去以前还需办何种补办？	16
train504	我去没用怎么代办	16
train505	用那个的路我去看见怎么办呢	16
train511	我要去看君怎么办	16
train512	我去回乡怎么办	16
train513	我去烫金怎么试办	16
train514	我去简而言之怎么受理	16
train515	我要去港澳开心患病需要我们指定	16
train516	我要去香港灿杏顺便去澳门制定	16
train517	对发来可不可以	17
train518	请问持有成都暂住证可以办理港澳通行证与出国护照	17
train519	是不是其他证件可以替换成？	17
train520	除了通行证，还有其他证件？	17
train521	其他有效证件可以？	17
train522	可以用身份证大多的证件代办	17
train523	我的护照弄丢了是	17
train524	可以用其他的通行证	17
train525	可以用据悉	17
train526	不能身份证明可以？	17
train527	有否可以用发卡	17
train528	那刚才用收件办理	17
train529	真的只能要户口本？	17
train530	那可不可以用身份证受理呢	17
train531	证明文件还给了怎么办？	17
train532	我不想咨询一下可不可以用户口办理呢？没有回乡证！成年人	17
train533	我想请问没有居住证，聚居证明可以办成港澳第二次签注	17
train534	因为办理身份证的间隔时间有点长，我可以先行用临时身份证办理港澳通行证？	17
train541	我的居民身份证丢掉了	17
train542	有其他证件替代护照可以不？	17
train543	我的居民身份证丢弃了，办了临时居民身份证，请问可以用临时居民身份证可以办理港澳回乡证和护照？	17
train544	异地办理港澳通行证必须要户口本原件?签名或者扫描件可以	17
train545	身份证明可以？	17
train546	请问我都江堰的户口，用临时身份证能否在成都办理港澳通行证	17
train547	我可以于是便给我孩子办理常鑫是	18
train548	是否须要本人办理，可以他人外事？	18
train549	成都课税?持上海受理的往来港澳通行证续签代办需要什么材料	18
train550	可以帮办	18
train551	已有港澳通行证，家人驻外加注需要我本人的身份证或者委托书	18
train552	娃娃14岁，人在国外，第二次办港澳通行证，好几次由父母代办？	18
train553	我女儿的港澳通行证注销了，我能帮她</s>？	18
train554	老人在天津，想去港澳台旅行，可否代办通行证	18
train555	委托他人核发的方式上是什么？	18
train556	想问一下香港可信可以驻外谢谢	18
train557	持成都市市签发的有效港澳台通行证再次提出申请个人旅游出入境的，委托他人办理加签必须什么流程和手续？	18
train558	本人在外地，户口在成都。申请中港通行证续签，需要本人亲自核发？	18
train559	你好，我是绵阳的户籍，现在在外地上学。我的港澳台身份证件过期了能让家人代理去重办港澳台身份证件？	18
train560	我可以让我临近帮我办理	18
train561	我在外地，?无需续签港澳通行证，?无需我本人回来续签??还是一家人也可以想尽办法续签?	18
train562	海外华人二次签注可否他人专管？	18
train563	我本人探访在佛山，想在春节去于澳门旅游，港澳通行证在成都，可以请人在成都小弟办理于澳门的入境？	18
train564	想问一下新加坡签注可以代办，明天了	18
train571	我的港澳通行证时间到期了，我人在外地。看之后的留言真是是可以请人持我的才可重新通行证，请问还需要我本人的身份证？	18
train572	成都市登记，成都试办的澳门通行证，人在外地，请他人驻外续签可以？	18
train573	我的港澳居民身份证没有大批量，但是一年2次已经另加了，要签注，人不论如何成都可否代办？	18
train574	我可以顺便给我男孩这里港澳通行证	18
train575	接着刚才的弊端：我在外地，委托他人代办港澳签注，我除了须要将港澳才可寄去代办人外，还须要户口本、身份证、或委托书之类的文件？	18
train576	你好。我流动人口在重庆，因方式在文书工作理由，港澳通行证已经办理了，现在首次签证需请朋友在重庆代办，请问所需什么资料？	18
train577	请问Pardosa港澳通行签注，需本人的向其？	18
train578	我的港澳通行证是成都签发的，后来户口移入到深圳，以前重新移入回成都（正在办理中），问道我可以在自助机上办理去内地的个人旅游单次签注？	19
train579	请问鼓楼街道的户口现在港澳通行证可以办理个人生态旅游签注	19
train580	请问，去葡国必需哪些证件，准备自由行	19
train581	游览入境怎么办理？	19
train582	港澳通行证，团签可以其所意志出行？	19
train583	你好，请问广汉港澳通行证团签可以改行个人签？	19
train584	观光居留	19
train585	广安户口办港澳通行证可以新政策？	19
train586	旅游者	19
train587	请问我办理了港澳的入境，但是我户口在长宁，只能办团队的，可是我直飞机票都买好了，不能后退，请问可以改用个人的	19
train588	我办了《澳港身份证》但是只手续了香港的，现在就让手续澳门的可以？	19
train589	我办港澳通行证是申报的各种类型是个人，怎么办下来各种类型是一个团队旅游！	19
train590	持有成都市居住证办理港澳通行证，请问是个人旅游区签?还是团队旅游区签	19
train591	要来有港澳通行证在川内办的?但是没有签注过户口是上大学期间迁到成都的?能签个人游	19
train592	办理澳港身份证时，办理的是?团签，如何改成个人旅游签注呢？谢谢	19
train598	澳门人通行证陕西宜宾市高镇那边默认的种类是团队生态旅游（L），公司让过去公干，成都飞香港，昨天能在成都入境哪里受理团队改个人？急急急	19
train599	老公在老家办理了港澳通行证，签注勉强做L团签，那时候户口迁到成都了，是否可以办理个人身份旅游签注，必须什么均须，感谢！	19
train600	海外户籍办的港澳通行证，繁多是团队旅游者，从成都双流机场出境到香港，是直接凭港澳通行证的有效签注出境就好了，还是必须要跟旅游团带的	19
train601	为什么不回答我的问题，我都问了三次了。我港澳台才可在四川达州办的，前天在四川证件的，从四川直航香港出差，请问还能够办理团签？	19
train602	你好答道一下我是昆明的办理的澳港身份证是团队旅游(L)是不是必须只有跟团才能去	19
train603	我在重庆市但是所在的区县不能受理应有旅游在主城可以受理？	19
train604	户籍是凉山州西昌市，中港通行证也是在康定交的。现在提出申请了成都的居住证，中港通行证能签注个人旅游者（G）？还是只能签注团队旅游者（L）	19
train605	不是原先户籍本地人	20
train606	不是	20
train607	嗯，不是这样	20
train608	不	20
train609	必定	20
train610	我不是泸州的	20
train611	哎不是	20
train612	不是那	20
train613	不可以	20
train614	不是	20
train615	不对	20
train616	不是	20
train617	我却说不是	20
train618	给你说是不是	20
train619	不是首次那里	20
train625	不是昆明流动人口	20
train626	从未	20
train627	不是不是打出去	20
train628	没有	20
train629	不对的	20
train630	没啦	20
train631	快递核查售价？	21
train632	送货证件怎么可知？	21
train633	寄发回乡证多少钱？	21
train634	邮寄证件价格标准？	21
train635	电脑游戏额度	21
train636	邮寄证件便宜?	21
train637	同城东速递多少钱？	21
train638	邮寄签注票价标准	21
train639	递送花费怎么算呀	21
train640	寄给证件便宜?	21
train641	快递费用极高？	21
train642	Pardosa取证收费准则？	21
train643	收件身份证件贵不贵呀？	21
train644	寄发身份证价格标准？	21
train645	游戏费用怎么计算	21
train651	投递取证低价?	21
train652	游戏经费怎么可知的	21
train653	收件证件怎么付费？	21
train654	寄送费用怎么而今呀？	21
train655	速递取证怎么不算？	21
train656	递送支出怎么算	21
train657	怎么费率怎么而今	21
train658	快递通行证车资标准？	21
train659	新武器额度多少	21
train660	我可以先用临时身份证办理菲律宾签证吗？	17
train661	今天去办理港澳通行证，越来越便捷高效	8
train562	结婚之前办理了护照	19
train319	我用户口薄办普通身份证明和港澳入境签证。	10
train242	出入境博客很好	8
train468	我是河北办的港澳通行证?现在想在重庆续签?	15
train481	龙泉驿办理港澳通行证需要带什么证件	15
train481	EMS邮寄可以	9
train481	办理证件，按什么程序	9
train481	綦江办港澳证件	19
train481	军士办通行证	10
train357	黑龙江人，在重庆办理	11
train596	彭州人，办理港澳证件流程	19
train353	岳县人，在重庆办证件？	11
train155	蓉城可以代取？	5
train243	哼哼	8
train307	我退役了	10
train155	去窗口领取？	5
train539	驾驶证可不可以办理？	17
train242	加油	8
train422	喔喔	13
train17	就逃是什么	0
train624	怎么勒	20
train387	柜台可以自助办理	12
train388	元旦可以办理？	12
